<?xml version="1.0" encoding="utf-8"?>
<COLLADA xmlns="http://www.collada.org/2005/11/COLLADASchema" version="1.4.1" xmlns:xsi="http://www.w3.org/2001/XMLSchema-instance">
  <asset>
    <contributor>
      <author>Blender User</author>
      <authoring_tool>Blender 4.4.3 commit date:2025-04-29, commit time:14:09, hash:802179c51ccc</authoring_tool>
    </contributor>
    <created>2025-06-14T12:27:56</created>
    <modified>2025-06-14T12:27:56</modified>
    <unit name="meter" meter="1"/>
    <up_axis>Z_UP</up_axis>
  </asset>
  <library_effects>
    <effect id="Plástico_-_Translúcido_fosco__Azul__001-effect">
      <profile_COMMON>
        <technique sid="common">
          <lambert>
            <emission>
              <color sid="emission">0 0 0 1</color>
            </emission>
            <diffuse>
              <color sid="diffuse">0.188235 0.231373 0.588235 1</color>
            </diffuse>
            <index_of_refraction>
              <float sid="ior">1.5</float>
            </index_of_refraction>
          </lambert>
        </technique>
      </profile_COMMON>
    </effect>
  </library_effects>
  <library_images/>
  <library_materials>
    <material id="Plástico_-_Translúcido_fosco__Azul__001-material" name="Plástico_-_Translúcido_fosco_(Azul).001">
      <instance_effect url="#Plástico_-_Translúcido_fosco__Azul__001-effect"/>
    </material>
  </library_materials>
  <library_geometries>
    <geometry id="blue_leg-mesh" name="blue_leg">
      <mesh>
        <source id="blue_leg-mesh-positions">
          <float_array id="blue_leg-mesh-positions-array" count="2502">-10.59889 -8.160167 -0.4031 -10.59889 -8.160167 -0.425 -10.5726 -8.232413 -0.425 -10.58113 -8.208974 -0.415423 -10.58992 -8.184828 -0.408104 -10.64433 -8.03534 -0.425 -10.64433 -8.03534 -0.413763 -10.6478 -8.025796 -0.41715 -10.65123 -8.016373 -0.420897 -10.65461 -8.007082 -0.425 -10.62406 -8.074965 -0.425 -10.60884 -8.116787 -0.425 -10.60586 -8.127501 -0.400165 -10.61579 -8.095733 -0.400927 -10.62873 -8.064772 -0.405461 -10.77697 -7.905266 -0.545939 -10.74854 -7.923165 -0.508456 -10.71945 -7.945704 -0.476191 -10.68975 -7.974424 -0.44796 -10.66117 -8.009471 -0.425 -10.59472 -8.240466 -0.425 -10.60248 -8.296022 -0.452503 -10.61689 -8.345071 -0.486356 -10.62271 -8.386537 -0.530584 -10.62702 -8.41829 -0.582304 -10.62963 -8.438313 -0.639673 -10.6305 -8.445151 -0.700154 -10.62963 -8.438247 -0.760616 -10.62701 -8.41821 -0.817863 -10.6227 -8.386484 -0.869489 -10.61689 -8.345071 -0.913644 -10.60061 -8.286931 -0.95273 -10.59411 -8.220549 -0.98232 -10.59568 -8.185809 -0.992059 -10.60058 -8.151041 -0.998029 -10.60877 -8.117035 -0.999999 -10.62036 -8.083946 -0.997772 -10.63514 -8.052006 -0.991387 -10.65261 -8.022034 -0.980952 -10.67225 -7.994804 -0.966618 -10.69326 -7.970693 -0.948926 -10.73571 -7.932512 -0.906405 -10.77697 -7.905266 -0.854061 -10.79225 -7.891536 -0.818632 -10.80353 -7.881358 -0.780594 -10.81045 -7.875098 -0.740738 -10.81278 -7.872988 -0.699872 -10.81042 -7.875123 -0.659016 -10.80348 -7.881407 -0.619172 -10.79223 -7.891551 -0.58132 -11.60626 -8.608634 -0.425 -11.62632 -8.553513 -0.406317 -11.64727 -8.495969 -0.4 -11.66821 -8.438426 -0.406317 -11.68827 -8.383304 -0.425 -11.71108 -8.320648 -0.465074 -11.72959 -8.269781 -0.520944 -11.74257 -8.234123 -0.588855 -11.74914 -8.216072 -0.66424 -11.74886 -8.216841 -0.742029 -11.74175 -8.236381 -0.816992 -11.72828 -8.273375 -0.884088 -11.70937 -8.325339 -0.938805 -11.68628 -8.388774 -0.977465 -11.66057 -8.459419 -0.997468 -11.63396 -8.532521 -0.997468 -11.60825 -8.603164 -0.977465 -11.58516 -8.666601 -0.938805 -11.56625 -8.718563 -0.884088 -11.55278 -8.755558 -0.816992 -11.54567 -8.775097 -0.742029 -11.54539 -8.775868 -0.66424 -11.55196 -8.757817 -0.588855 -11.56494 -8.722159 -0.520944 -11.58345 -8.671292 -0.465074 -10.69457 -7.969232 -0.425 -10.73344 -7.934252 -0.425 -10.77697 -7.905266 -0.425 -10.84122 -7.847025 -0.425 -10.8863 -7.804581 -0.425 -10.93862 -7.747876 -0.425 -10.97655 -7.688643 -0.425 -11.00048 -7.642481 -0.425 -11.03151 -7.578372 -0.425 -11.01038 -7.278563 -0.425 -11.00727 -7.141279 -0.425 -11.01063 -7.017615 -0.425 -11.02131 -6.912091 -0.425 -11.03991 -6.825086 -0.425 -11.07054 -6.749609 -0.425 -11.0932 -6.716324 -0.425 -11.12222 -6.688872 -0.425 -11.25879 -6.766925 -0.425 -11.37705 -6.870637 -0.425 -11.47226 -6.995844 -0.425 -11.72676 -7.411155 -0.425 -11.80133 -7.570608 -0.425 -11.83849 -7.742668 -0.425 -11.83638 -7.918683 -0.425 -11.7951 -8.089802 -0.425 -11.51544 -8.858148 -0.425 -11.43707 -9.015768 -0.425 -11.32555 -9.15196 -0.425 -11.18648 -9.259879 -0.425 -11.02687 -9.334096 -0.425 -10.56495 -9.488653 -0.425 -10.41153 -9.523366 -0.425 -10.25428 -9.526799 -0.425 -10.09949 -9.498808 -0.425 -10.09581 -9.477737 -0.425 -10.09493 -9.456356 -0.425 -10.10003 -9.413613 -0.425 -10.1288 -9.330924 -0.425 -10.23408 -9.163533 -0.425 -10.30702 -9.072634 -0.425 -10.39349 -8.974458 -0.425 -10.60176 -8.759103 -0.425 -10.6192 -8.690047 -0.425 -10.63054 -8.639304 -0.425 -10.63956 -8.569547 -0.425 -10.63592 -8.492474 -0.425 -10.62868 -8.43099 -0.425 -10.61689 -8.345071 -0.425 -10.60605 -8.310996 -0.425 -10.59863 -8.276012 -0.425 -10.1238 -8.793215 -0.425 -9.997018 -8.521323 -0.425 -9.982104 -8.474019 -0.425 -9.979941 -8.424466 -0.425 -9.990675 -8.376042 -0.425 -10.01358 -8.332045 -0.425 -10.04709 -8.295476 -0.425 -10.08892 -8.268826 -0.425 -10.13622 -8.253911 -0.425 -10.18578 -8.251749 -0.425 -10.2342 -8.262483 -0.425 -10.2782 -8.285387 -0.425 -10.31476 -8.318896 -0.425 -10.34142 -8.360728 -0.425 -10.4682 -8.63262 -0.425 -10.48312 -8.679924 -0.425 -10.48528 -8.729477 -0.425 -10.47454 -8.777901 -0.425 -10.45164 -8.821897 -0.425 -10.41813 -8.858467 -0.425 -10.3763 -8.885116 -0.425 -10.329 -8.900032 -0.425 -10.27944 -8.902194 -0.425 -10.23102 -8.89146 -0.425 -10.18702 -8.868556 -0.425 -10.15045 -8.835047 -0.425 -9.35249 -8.286733 -0.425 -9.080597 -8.413518 -0.425 -9.033293 -8.428434 -0.425 -8.98374 -8.430598 -0.425 -8.935317 -8.419861 -0.425 -8.891321 -8.39696 -0.425 -8.854751 -8.36345 -0.425 -8.828102 -8.321618 -0.425 -8.813186 -8.274313 -0.425 -8.811023 -8.224761 -0.425 -8.821759 -8.176337 -0.425 -8.844661 -8.132341 -0.425 -8.87817 -8.095771 -0.425 -8.920002 -8.069122 -0.425 -9.191894 -7.942336 -0.425 -9.239199 -7.927421 -0.425 -9.288751 -7.925257 -0.425 -9.337177 -7.935993 -0.425 -9.381172 -7.958895 -0.425 -9.41774 -7.992405 -0.425 -9.444391 -8.034237 -0.425 -9.459305 -8.081542 -0.425 -9.461469 -8.131094 -0.425 -9.450734 -8.179518 -0.425 -9.427831 -8.223514 -0.425 -9.394322 -8.260084 -0.425 -10.8479 -7.589413 -0.425 -10.576 -7.716198 -0.425 -10.5287 -7.731113 -0.425 -10.47915 -7.733277 -0.425 -10.43072 -7.722541 -0.425 -10.38673 -7.699639 -0.425 -10.35016 -7.666129 -0.425 -10.32351 -7.624297 -0.425 -10.30859 -7.576993 -0.425 -10.30643 -7.52744 -0.425 -10.31717 -7.479016 -0.425 -10.34007 -7.43502 -0.425 -10.37358 -7.398451 -0.425 -10.41541 -7.371801 -0.425 -10.6873 -7.245016 -0.425 -10.73461 -7.230101 -0.425 -10.78416 -7.227937 -0.425 -10.83258 -7.238673 -0.425 -10.87658 -7.261575 -0.425 -10.91315 -7.295085 -0.425 -10.9398 -7.336917 -0.425 -10.95471 -7.384221 -0.425 -10.95688 -7.433774 -0.425 -10.94614 -7.482198 -0.425 -10.92324 -7.526194 -0.425 -10.88973 -7.562763 -0.425 -9.426485 -7.297807 -0.425 -9.299698 -7.025914 -0.425 -9.284784 -6.97861 -0.425 -9.282621 -6.929057 -0.425 -9.293355 -6.880633 -0.425 -9.316259 -6.836637 -0.425 -9.349767 -6.800068 -0.425 -9.391599 -6.773418 -0.425 -9.438904 -6.758503 -0.425 -9.488456 -6.75634 -0.425 -9.536882 -6.767075 -0.425 -9.580877 -6.789978 -0.425 -9.617445 -6.823487 -0.425 -9.644096 -6.865319 -0.425 -9.770881 -7.137212 -0.425 -9.785797 -7.184516 -0.425 -9.78796 -7.234069 -0.425 -9.777224 -7.282493 -0.425 -9.754322 -7.326489 -0.425 -9.720812 -7.363058 -0.425 -9.67898 -7.389708 -0.425 -9.631675 -7.404623 -0.425 -9.582123 -7.406786 -0.425 -9.533699 -7.396051 -0.425 -9.489704 -7.373148 -0.425 -9.453134 -7.339639 -0.425 -8.454962 -6.353359 -0.425 -8.509082 -6.484015 -0.425 -7.899724 -7.955136 -0.425 -7.775617 -7.993442 -0.425 -7.756416 -8.061686 -0.425 -7.753766 -8.132532 -0.425 -7.767813 -8.202019 -0.425 -7.797774 -8.26627 -0.425 -7.841976 -8.321699 -0.425 -7.897949 -8.365205 -0.425 -7.96257 -8.394363 -0.425 -8.029414 -8.415438 -0.425 -8.053739 -8.426348 -0.425 -8.074898 -8.442566 -0.425 -8.091755 -8.46322 -0.425 -8.103403 -8.487201 -0.425 -8.201973 -8.701263 -0.425 -8.339411 -8.892702 -0.425 -8.51071 -9.05455 -0.425 -8.709634 -9.180912 -0.425 -8.928939 -9.267188 -0.425 -10.07193 -9.594935 -0.425 -10.24643 -9.62649 -0.425 -10.42372 -9.622621 -0.425 -10.59668 -9.583484 -0.425 -11.0586 -9.42893 -0.425 -11.23855 -9.345256 -0.425 -11.39533 -9.22359 -0.425 -11.52106 -9.070049 -0.425 -11.60941 -8.892351 -0.425 -11.88907 -8.124005 -0.425 -11.9356 -7.931086 -0.425 -11.93799 -7.732649 -0.425 -11.89609 -7.538671 -0.425 -11.81203 -7.358905 -0.425 -11.55752 -6.943594 -0.425 -11.45018 -6.802437 -0.425 -11.31686 -6.685513 -0.425 -11.1629 -6.597518 -0.425 -10.07665 -6.113887 -0.425 -9.853193 -6.039012 -0.425 -9.619584 -6.007945 -0.425 -9.384327 -6.021819 -0.425 -9.155988 -6.080127 -0.425 -8.942883 -6.180747 -0.425 -8.918546 -6.19163 -0.425 -8.892357 -6.196617 -0.425 -8.865723 -6.19544 -0.425 -8.840077 -6.188161 -0.425 -8.836935 -6.186921 -0.425 -8.833753 -6.185789 -0.425 -8.830535 -6.184764 -0.425 -8.756749 -6.169176 -0.425 -8.681405 -6.172483 -0.425 -8.609268 -6.194475 -0.425 -8.544894 -6.233763 -0.425 -8.492351 -6.287864 -0.425 -10.22395 -7.829267 -0.425 -10.21236 -7.917265 -0.425 -10.1784 -7.999267 -0.425 -10.12437 -8.069684 -0.425 -10.05395 -8.123717 -0.425 -9.971948 -8.157683 -0.425 -9.883951 -8.169267 -0.425 -9.795951 -8.157683 -0.425 -9.713951 -8.123717 -0.425 -9.643533 -8.069684 -0.425 -9.589502 -7.999267 -0.425 -9.555536 -7.917265 -0.425 -9.543951 -7.829267 -0.425 -9.555536 -7.741269 -0.425 -9.589502 -7.659267 -0.425 -9.643533 -7.588851 -0.425 -9.713951 -7.534818 -0.425 -9.795951 -7.500852 -0.425 -9.883951 -7.489267 -0.425 -9.971948 -7.500852 -0.425 -10.05395 -7.534818 -0.425 -10.12437 -7.588851 -0.425 -10.1784 -7.659267 -0.425 -10.21236 -7.741269 -0.425 -11.51544 -8.858148 -4.125 -11.43707 -9.015768 -4.125 -11.32555 -9.15196 -4.125 -11.18648 -9.259879 -4.125 -11.02687 -9.334096 -4.125 -11.7951 -8.089802 -4.125 -11.54466 -8.777877 -3.5 -11.54815 -8.768272 -3.577646 -11.55841 -8.740108 -3.65 -11.57471 -8.695308 -3.712132 -11.59596 -8.636923 -3.759808 -11.62071 -8.568932 -3.789778 -11.64727 -8.495969 -3.8 -11.67382 -8.423007 -3.789778 -11.69857 -8.355015 -3.759808 -11.71982 -8.29663 -3.712132 -11.73612 -8.251831 -3.65 -11.74637 -8.223668 -3.577646 -11.74987 -8.214061 -3.5 -11.74637 -8.223668 -3.422354 -11.73612 -8.251831 -3.35 -11.71982 -8.29663 -3.287868 -11.69857 -8.355015 -3.240192 -11.67382 -8.423007 -3.210222 -11.64727 -8.495969 -3.2 -11.62071 -8.568932 -3.210222 -11.59596 -8.636923 -3.240192 -11.57471 -8.695308 -3.287868 -11.55841 -8.740108 -3.35 -11.54815 -8.768272 -3.422354 -11.54466 -8.777877 -2.1 -11.54815 -8.768272 -2.177646 -11.55841 -8.740108 -2.25 -11.57471 -8.695308 -2.312132 -11.59596 -8.636923 -2.359808 -11.62071 -8.568932 -2.389778 -11.64727 -8.495969 -2.4 -11.67382 -8.423007 -2.389778 -11.69857 -8.355015 -2.359808 -11.71982 -8.29663 -2.312132 -11.73612 -8.251831 -2.25 -11.74637 -8.223668 -2.177646 -11.74987 -8.214061 -2.1 -11.74637 -8.223668 -2.022354 -11.73612 -8.251831 -1.95 -11.71982 -8.29663 -1.887868 -11.69857 -8.355015 -1.840192 -11.67382 -8.423007 -1.810222 -11.64727 -8.495969 -1.8 -11.62071 -8.568932 -1.810222 -11.59596 -8.636923 -1.840192 -11.57471 -8.695308 -1.887868 -11.55841 -8.740108 -1.95 -11.54815 -8.768272 -2.022354 -10.56495 -9.488653 -4.125 -10.41153 -9.523366 -4.125 -10.25428 -9.526799 -4.125 -10.09949 -9.498808 -4.125 -10.09529 -9.471708 -4.125 -10.0957 -9.442127 -4.125 -10.11072 -9.375338 -4.125 -10.14547 -9.297945 -4.125 -10.20061 -9.209586 -4.125 -10.27566 -9.110531 -4.125 -10.3689 -9.001698 -4.125 -10.47823 -8.884218 -4.125 -10.60176 -8.759103 -4.125 -10.09529 -9.471708 -2.275 -10.0957 -9.442127 -2.275 -10.11072 -9.375338 -2.275 -10.14547 -9.297945 -2.275 -10.20061 -9.209586 -2.275 -10.27566 -9.110531 -2.275 -10.3689 -9.001698 -2.275 -10.47823 -8.884218 -2.275 -10.61544 -8.705426 -4.125 -10.62378 -8.670662 -4.125 -10.63308 -8.626114 -4.125 -10.63956 -8.569447 -4.125 -10.63741 -8.50782 -4.125 -10.63168 -8.454646 -4.125 -10.62617 -8.411933 -4.125 -10.61689 -8.345071 -4.125 -10.61689 -8.345071 -3.713644 -10.6227 -8.386484 -3.669489 -10.62701 -8.41821 -3.617863 -10.62963 -8.438247 -3.560616 -10.6305 -8.445151 -3.500154 -10.62963 -8.438313 -3.439673 -10.62702 -8.41829 -3.382304 -10.62271 -8.386537 -3.330584 -10.61689 -8.345071 -3.286356 -10.61689 -8.345071 -2.313644 -10.6227 -8.386484 -2.269489 -10.62701 -8.41821 -2.217863 -10.62963 -8.438247 -2.160616 -10.6305 -8.445151 -2.100154 -10.62963 -8.438313 -2.039673 -10.62702 -8.41829 -1.982304 -10.62271 -8.386537 -1.930584 -10.61689 -8.345071 -1.886356 -10.61544 -8.705426 -2.274643 -10.62378 -8.670662 -2.274286 -10.63308 -8.626114 -2.273572 -10.63956 -8.569447 -2.272145 -10.63741 -8.50782 -2.270717 -10.63168 -8.454646 -2.270003 -10.62617 -8.411933 -2.269646 -10.60061 -8.286931 -2.35273 -10.59411 -8.220549 -2.38232 -10.59568 -8.185809 -2.392059 -10.60058 -8.151041 -2.398029 -10.60877 -8.117035 -2.399999 -10.62036 -8.083946 -2.397772 -10.63514 -8.052006 -2.391387 -10.65261 -8.022034 -2.380952 -10.67225 -7.994804 -2.366618 -10.69326 -7.970693 -2.348926 -10.73571 -7.932512 -2.306405 -10.77697 -7.905266 -2.254061 -10.79225 -7.891536 -2.218632 -10.80353 -7.881358 -2.180594 -10.81045 -7.875098 -2.140738 -10.81278 -7.872988 -2.099872 -10.81042 -7.875123 -2.059016 -10.80348 -7.881407 -2.019172 -10.79223 -7.891551 -1.98132 -10.77697 -7.905266 -1.945939 -10.73571 -7.932512 -1.893595 -10.69326 -7.970693 -1.851074 -10.67225 -7.994804 -1.833382 -10.65261 -8.022034 -1.819048 -10.63514 -8.052006 -1.808613 -10.62036 -8.083946 -1.802228 -10.60877 -8.117035 -1.800001 -10.60058 -8.151041 -1.801971 -10.59568 -8.185809 -1.807941 -10.59411 -8.220549 -1.81768 -10.60061 -8.286931 -1.84727 -10.60061 -8.286931 -3.75273 -10.59411 -8.220549 -3.78232 -10.59568 -8.185809 -3.792059 -10.60058 -8.151041 -3.798029 -10.60877 -8.117035 -3.799999 -10.62036 -8.083946 -3.797772 -10.63514 -8.052006 -3.791387 -10.65261 -8.022034 -3.780952 -10.67225 -7.994804 -3.766618 -10.69326 -7.970693 -3.748926 -10.73571 -7.932512 -3.706405 -10.77697 -7.905266 -3.654061 -10.79225 -7.891536 -3.618632 -10.80353 -7.881358 -3.580594 -10.81045 -7.875098 -3.540738 -10.81278 -7.872988 -3.499872 -10.81042 -7.875123 -3.459016 -10.80348 -7.881407 -3.419172 -10.79223 -7.891551 -3.38132 -10.77697 -7.905266 -3.345939 -10.73571 -7.932512 -3.293595 -10.69326 -7.970693 -3.251074 -10.67225 -7.994804 -3.233382 -10.65261 -8.022034 -3.219048 -10.63514 -8.052006 -3.208613 -10.62036 -8.083946 -3.202228 -10.60877 -8.117035 -3.200001 -10.60058 -8.151041 -3.201971 -10.59568 -8.185809 -3.207941 -10.59411 -8.220549 -3.21768 -10.60061 -8.286931 -3.24727 -10.77697 -7.905266 -4.125 -10.82706 -7.860011 -4.125 -10.85873 -7.830831 -4.125 -10.89729 -7.793778 -4.125 -10.93856 -7.747955 -4.125 -10.97002 -7.700379 -4.125 -10.99153 -7.660277 -4.125 -11.00749 -7.628288 -4.125 -11.03151 -7.578372 -4.125 -10.82706 -7.860011 -2.275 -10.85873 -7.830831 -2.275 -10.89729 -7.793778 -2.275 -10.93856 -7.747955 -2.275 -10.97002 -7.700379 -2.275 -10.99153 -7.660277 -2.275 -11.00749 -7.628288 -2.275 -10.59676 -8.262794 -4.125 -10.59639 -8.178091 -4.125 -10.61581 -8.095642 -4.125 -10.65393 -8.020003 -4.125 -10.70866 -7.955353 -4.125 -8.454962 -6.353359 0.375 -8.562658 -6.43044 0.375 -8.562658 -6.43044 0.07499998 -8.454962 -6.353359 0.07499998 -9.521051 -6.338685 0.375 -9.605978 -6.339895 0.375 -9.662607 -6.342842 0.375 -9.739487 -6.352344 0.375 -9.853896 -6.38649 0.375 -9.918644 -6.415789 0.375 -10.00692 -6.461611 0.375 -10.06846 -6.495558 0.375 -10.15097 -6.542374 0.375 -10.26949 -6.610989 0.375 -10.35123 -6.658825 0.375 -10.45708 -6.72112 0.375 -10.45708 -6.72112 0.07499998 -10.35123 -6.658825 0.07499998 -10.26949 -6.610989 0.07499998 -10.15097 -6.542374 0.07499998 -10.06846 -6.495558 0.07499998 -10.00692 -6.461611 0.07499998 -9.918644 -6.415789 0.07499998 -9.853896 -6.38649 0.07499998 -9.739487 -6.352344 0.07499998 -9.662607 -6.342842 0.07499998 -9.605978 -6.339895 0.07499998 -9.521051 -6.338685 0.07499998 -9.11161 -6.464351 0.375 -9.24081 -6.400813 0.375 -9.378452 -6.358567 0.375 -9.378452 -6.358567 0.07499998 -9.24081 -6.400813 0.07499998 -9.11161 -6.464351 0.07499998 -8.713791 -6.493041 0.375 -8.813034 -6.521206 0.375 -8.916094 -6.525762 0.375 -9.017436 -6.506465 0.375 -9.017436 -6.506465 0.07499998 -8.916094 -6.525762 0.07499998 -8.813034 -6.521206 0.07499998 -8.713791 -6.493041 0.07499998 -7.899502 -8.028464 0.375 -7.775617 -7.993442 0.375 -7.775617 -7.993442 0.07499998 -7.899502 -8.028464 0.07499998 -8.128646 -8.100712 0.375 -8.128646 -8.100712 0.07499998 -8.414952 -8.378402 0.375 -8.36988 -8.285608 0.375 -8.304653 -8.205684 0.375 -8.222774 -8.142929 0.375 -8.222774 -8.142929 0.07499998 -8.304653 -8.205684 0.07499998 -8.36988 -8.285608 0.07499998 -8.414952 -8.378402 0.07499998 -8.647826 -8.737853 0.375 -8.551367 -8.630961 0.375 -8.473083 -8.510125 0.375 -8.473083 -8.510125 0.07499998 -8.551367 -8.630961 0.07499998 -8.647826 -8.737853 0.07499998 -9.610689 -9.046557 0.375 -9.489565 -9.026243 0.375 -9.396198 -9.010343 0.375 -9.2613 -8.986721 0.375 -9.167999 -8.969547 0.375 -9.09904 -8.955999 0.375 -9.001961 -8.934355 0.375 -8.933527 -8.915181 0.375 -8.823937 -8.867797 0.375 -8.758935 -8.825658 0.375 -8.713662 -8.791516 0.375 -8.713662 -8.791516 0.07499998 -8.758935 -8.825658 0.07499998 -8.823937 -8.867797 0.07499998 -8.933527 -8.915181 0.07499998 -9.001961 -8.934355 0.07499998 -9.09904 -8.955999 0.07499998 -9.167999 -8.969547 0.07499998 -9.2613 -8.986721 0.07499998 -9.396198 -9.010343 0.07499998 -9.489565 -9.026243 0.07499998 -9.610689 -9.046557 0.07499998 -8.492351 -6.287864 0.375 -8.544894 -6.233763 0.375 -8.609268 -6.194475 0.375 -8.681405 -6.172483 0.375 -8.756749 -6.169176 0.375 -8.830535 -6.184764 0.375 -8.833753 -6.185789 0.375 -8.836935 -6.186921 0.375 -8.840077 -6.188161 0.375 -8.865723 -6.19544 0.375 -8.892357 -6.196617 0.375 -8.918546 -6.19163 0.375 -8.942883 -6.180747 0.375 -9.155988 -6.080127 0.375 -9.384327 -6.021819 0.375 -9.619584 -6.007945 0.375 -9.853193 -6.039012 0.375 -10.07665 -6.113887 0.375 -11.1629 -6.597518 0.375 -11.31686 -6.685513 0.375 -11.45018 -6.802437 0.375 -11.55752 -6.943594 0.375 -11.81203 -7.358905 0.375 -11.89609 -7.538671 0.375 -11.93799 -7.732649 0.375 -11.9356 -7.931086 0.375 -11.88907 -8.124005 0.375 -11.60941 -8.892351 0.375 -11.52106 -9.070049 0.375 -11.39533 -9.22359 0.375 -11.23855 -9.345256 0.375 -11.0586 -9.42893 0.375 -10.59668 -9.583484 0.375 -10.42372 -9.622621 0.375 -10.24643 -9.62649 0.375 -10.07193 -9.594935 0.375 -8.928939 -9.267188 0.375 -8.709634 -9.180912 0.375 -8.51071 -9.05455 0.375 -8.339411 -8.892702 0.375 -8.201973 -8.701263 0.375 -8.103403 -8.487201 0.375 -8.091755 -8.46322 0.375 -8.074898 -8.442566 0.375 -8.053739 -8.426348 0.375 -8.029414 -8.415438 0.375 -7.96257 -8.394363 0.375 -7.897949 -8.365205 0.375 -7.841976 -8.321699 0.375 -7.797774 -8.26627 0.375 -7.767813 -8.202019 0.375 -7.753766 -8.132532 0.375 -7.756416 -8.061686 0.375 -10.18218 -9.210431 0.375 -10.27781 -9.227724 0.375 -10.37497 -9.225604 0.375 -10.46976 -9.204155 0.375 -10.93168 -9.049599 0.375 -11.03029 -9.003746 0.375 -11.11621 -8.937069 0.375 -11.18511 -8.852925 0.375 -11.23353 -8.755542 0.375 -11.51319 -7.987196 0.375 -11.53869 -7.881473 0.375 -11.54 -7.772725 0.375 -11.51704 -7.66642 0.375 -11.47097 -7.567904 0.375 -11.21647 -7.152593 0.375 -11.15764 -7.075236 0.375 -11.08458 -7.011159 0.375 -11.0002 -6.962936 0.375 -8.053739 -8.426348 -0.02499997 -8.074898 -8.442566 -0.02499997 -8.091755 -8.46322 -0.02499997 -8.918546 -6.19163 -0.02499997 -8.892357 -6.196617 -0.02499997 -8.865723 -6.19544 -0.02499997 -8.509082 -6.484015 0.07499998 -7.899724 -7.955136 0.07499998 -11.12222 -6.688872 -4.125 -11.25879 -6.766925 -4.125 -11.37705 -6.870637 -4.125 -11.47226 -6.995844 -4.125 -11.72676 -7.411155 -4.125 -11.80133 -7.570608 -4.125 -11.83849 -7.742668 -4.125 -11.83638 -7.918683 -4.125 -10.1238 -8.793215 0.07499998 -9.997018 -8.521323 0.07499998 -10.4682 -8.63262 0.07499998 -10.48312 -8.679924 0.07499998 -10.48528 -8.729477 0.07499998 -10.47454 -8.777901 0.07499998 -10.45164 -8.821897 0.07499998 -10.41813 -8.858467 0.07499998 -10.3763 -8.885116 0.07499998 -10.329 -8.900032 0.07499998 -10.27944 -8.902194 0.07499998 -10.23102 -8.89146 0.07499998 -10.18702 -8.868556 0.07499998 -10.15045 -8.835047 0.07499998 -10.34142 -8.360728 0.07499998 -9.982104 -8.474019 0.07499998 -9.979941 -8.424466 0.07499998 -9.990675 -8.376042 0.07499998 -10.01358 -8.332045 0.07499998 -10.04709 -8.295476 0.07499998 -10.08892 -8.268826 0.07499998 -10.13622 -8.253911 0.07499998 -10.18578 -8.251749 0.07499998 -10.2342 -8.262483 0.07499998 -10.2782 -8.285387 0.07499998 -10.31476 -8.318896 0.07499998 -9.35249 -8.286733 0.07499998 -9.080597 -8.413518 0.07499998 -9.191894 -7.942336 0.07499998 -9.239199 -7.927421 0.07499998 -9.288751 -7.925257 0.07499998 -9.337177 -7.935993 0.07499998 -9.381172 -7.958895 0.07499998 -9.41774 -7.992405 0.07499998 -9.444391 -8.034237 0.07499998 -9.459305 -8.081542 0.07499998 -9.461469 -8.131094 0.07499998 -9.450734 -8.179518 0.07499998 -9.427831 -8.223514 0.07499998 -9.394322 -8.260084 0.07499998 -8.920002 -8.069122 0.07499998 -9.033293 -8.428434 0.07499998 -8.98374 -8.430598 0.07499998 -8.935317 -8.419861 0.07499998 -8.891321 -8.39696 0.07499998 -8.854751 -8.36345 0.07499998 -8.828102 -8.321618 0.07499998 -8.813186 -8.274313 0.07499998 -8.811023 -8.224761 0.07499998 -8.821759 -8.176337 0.07499998 -8.844661 -8.132341 0.07499998 -8.87817 -8.095771 0.07499998 -10.8479 -7.589413 0.07499998 -10.576 -7.716198 0.07499998 -10.6873 -7.245016 0.07499998 -10.73461 -7.230101 0.07499998 -10.78416 -7.227937 0.07499998 -10.83258 -7.238673 0.07499998 -10.87658 -7.261575 0.07499998 -10.91315 -7.295085 0.07499998 -10.9398 -7.336917 0.07499998 -10.95471 -7.384221 0.07499998 -10.95688 -7.433774 0.07499998 -10.94614 -7.482198 0.07499998 -10.92324 -7.526194 0.07499998 -10.88973 -7.562763 0.07499998 -10.41541 -7.371801 0.07499998 -10.5287 -7.731113 0.07499998 -10.47915 -7.733277 0.07499998 -10.43072 -7.722541 0.07499998 -10.38673 -7.699639 0.07499998 -10.35016 -7.666129 0.07499998 -10.32351 -7.624297 0.07499998 -10.30859 -7.576993 0.07499998 -10.30643 -7.52744 0.07499998 -10.31717 -7.479016 0.07499998 -10.34007 -7.43502 0.07499998 -10.37358 -7.398451 0.07499998 -9.426485 -7.297807 0.07499998 -9.299698 -7.025914 0.07499998 -9.770881 -7.137212 0.07499998 -9.785797 -7.184516 0.07499998 -9.78796 -7.234069 0.07499998 -9.777224 -7.282493 0.07499998 -9.754322 -7.326489 0.07499998 -9.720812 -7.363058 0.07499998 -9.67898 -7.389708 0.07499998 -9.631675 -7.404623 0.07499998 -9.582123 -7.406786 0.07499998 -9.533699 -7.396051 0.07499998 -9.489704 -7.373148 0.07499998 -9.453134 -7.339639 0.07499998 -9.644096 -6.865319 0.07499998 -9.284784 -6.97861 0.07499998 -9.282621 -6.929057 0.07499998 -9.293355 -6.880633 0.07499998 -9.316259 -6.836637 0.07499998 -9.349767 -6.800068 0.07499998 -9.391599 -6.773418 0.07499998 -9.438904 -6.758503 0.07499998 -9.488456 -6.75634 0.07499998 -9.536882 -6.767075 0.07499998 -9.580877 -6.789978 0.07499998 -9.617445 -6.823487 0.07499998 -11.0173 -7.403125 -4.125 -11.00907 -7.242854 -4.125 -11.0076 -7.099549 -4.125 -11.01378 -6.975429 -4.125 -11.02833 -6.872294 -4.125 -11.05146 -6.790672 -4.125 -11.08289 -6.729858 -4.125 -11.10159 -6.706933 -4.125 -11.0173 -7.403125 -2.275 -11.00907 -7.242854 -2.275 -11.0076 -7.099549 -2.275 -11.01378 -6.975429 -2.275 -11.02833 -6.872294 -2.275 -11.05146 -6.790672 -2.275 -11.08289 -6.729858 -2.275 -11.10159 -6.706933 -2.275 -10.18218 -9.210431 0.07499998 -10.27781 -9.227724 0.07499998 -10.37497 -9.225604 0.07499998 -10.46976 -9.204155 0.07499998 -10.93168 -9.049599 0.07499998 -11.03029 -9.003746 0.07499998 -11.11621 -8.937069 0.07499998 -11.18511 -8.852925 0.07499998 -11.23353 -8.755542 0.07499998 -11.51319 -7.987196 0.07499998 -11.53869 -7.881473 0.07499998 -11.54 -7.772725 0.07499998 -11.51704 -7.66642 0.07499998 -11.47097 -7.567904 0.07499998 -11.21647 -7.152593 0.07499998 -11.15764 -7.075236 0.07499998 -11.08458 -7.011159 0.07499998 -11.0002 -6.962936 0.07499998 -10.22395 -7.829267 0.07499998 -10.21236 -7.917265 0.07499998 -10.1784 -7.999267 0.07499998 -10.12437 -8.069684 0.07499998 -10.05395 -8.123717 0.07499998 -9.971948 -8.157683 0.07499998 -9.883951 -8.169267 0.07499998 -9.795951 -8.157683 0.07499998 -9.713951 -8.123717 0.07499998 -9.643533 -8.069684 0.07499998 -9.589502 -7.999267 0.07499998 -9.555536 -7.917265 0.07499998 -9.543951 -7.829267 0.07499998 -9.555536 -7.741269 0.07499998 -9.589502 -7.659267 0.07499998 -9.643533 -7.588851 0.07499998 -9.713951 -7.534818 0.07499998 -9.795951 -7.500852 0.07499998 -9.883951 -7.489267 0.07499998 -9.971948 -7.500852 0.07499998 -10.05395 -7.534818 0.07499998 -10.12437 -7.588851 0.07499998 -10.1784 -7.659267 0.07499998 -10.21236 -7.741269 0.07499998</float_array>
          <technique_common>
            <accessor source="#blue_leg-mesh-positions-array" count="834" stride="3">
              <param name="X" type="float"/>
              <param name="Y" type="float"/>
              <param name="Z" type="float"/>
            </accessor>
          </technique_common>
        </source>
        <source id="blue_leg-mesh-normals">
          <float_array id="blue_leg-mesh-normals-array" count="4458">-0.9396905 -0.3420262 0 -0.9396899 -0.3420278 2.40994e-6 -0.9396901 -0.3420273 3.5734e-5 -0.939687 -0.3420357 -6.15879e-5 -0.9396865 -0.3420372 -8.09508e-5 -0.9397506 -0.341861 0 -0.939704 -0.3419889 1.31017e-4 -0.939723 -0.3419369 6.34559e-5 -0.9396882 -0.3420325 8.39326e-5 -0.9396895 -0.3420291 6.03865e-5 -0.8605455 -0.5093735 -6.7672e-7 -0.8605481 -0.5093693 1.80211e-6 -0.9039016 -0.4277405 3.56659e-5 -0.9167771 -0.3993991 4.66686e-6 -0.939782 -0.3417746 3.4987e-5 -0.9590215 -0.2833333 1.8009e-5 -0.9673135 -0.2535836 1.63619e-5 -0.9866329 -0.162959 4.61749e-6 -0.9866364 -0.1629383 1.85147e-6 0.2632253 -0.7232037 -0.6385052 0.2743669 -0.7539873 -0.5968469 0.2934741 -0.8063114 -0.5135513 0.3176389 -0.8728392 -0.3704827 0.3141184 -0.8630313 -0.3956095 0.3293706 -0.9049361 -0.2694545 0.3396126 -0.9329815 -0.1192015 0.338813 -0.9308808 -0.1366267 0.3419758 -0.9397088 -2.95444e-4 0.3386264 -0.9304329 0.140096 0.3388514 -0.9309866 0.1358075 0.3294481 -0.90515 0.2686399 0.3149438 -0.8652932 0.389972 0.3141438 -0.8631009 0.3954372 0.2934729 -0.8063059 0.5135607 0.2700684 -0.7419742 0.6136264 0.2482021 -0.6819258 0.688021 0.207023 -0.568767 0.7960186 0.1907956 -0.5242041 0.8299441 0.156738 -0.4306329 0.888813 0.1301327 -0.35729 0.9248834 0.1198956 -0.3294114 0.9365432 0.08099234 -0.2225255 0.9715568 0.04432195 -0.1218439 0.9915592 0.04100972 -0.1128067 0.9927704 0.001018166 -0.00279653 0.9999957 -0.04434627 0.1218355 0.9915592 -0.03860503 0.106067 0.9936094 -0.07777673 0.2136918 0.9738001 -0.1299955 0.3573393 0.9248837 -0.1156008 0.3176089 0.9411489 -0.1842013 0.5060947 0.8425783 -0.2069764 0.5687821 0.7960199 -0.2401077 0.6596934 0.7121467 -0.2700596 0.7419776 0.6136261 -0.2822037 0.7753472 0.5649759 -0.3149037 0.8653074 0.389973 -0.3145202 0.8641368 0.3928672 -0.3349665 0.9203073 0.2020689 -0.3386059 0.9304397 0.1401006 -0.3420273 0.9396899 5.13297e-4 -0.3395173 0.9330157 -0.1192042 -0.335036 0.920491 -0.2011152 -0.3176848 0.8728225 -0.3704826 -0.3146 0.864358 -0.3923164 -0.2822632 0.7755118 -0.5647202 -0.2744126 0.7539675 -0.5968507 -0.2401038 0.659676 -0.7121642 -0.2126705 0.5844153 -0.7830901 -0.1932138 0.530852 -0.8251453 -0.1366903 0.3755559 -0.9166644 -0.1366835 0.3755352 -0.9166739 -0.108308 0.2974312 -0.94858 -0.1366907 0.3755527 -0.9166657 0.2277403 -0.6257082 -0.7460722 0.2127448 -0.5843943 -0.7830855 0.1854109 -0.50941 -0.8403121 0.136698 -0.375566 -0.9166591 0.136689 -0.3755503 -0.9166669 0.1255531 -0.3444299 -0.9303788 0.1367044 -0.3755267 -0.9166742 0.1141886 -0.3130167 -0.9428582 0.1024041 -0.2813502 -0.9541256 0.06986844 -0.191793 -0.9789453 0.06479191 -0.1780154 -0.9818923 0.02660465 -0.07310271 -0.9969695 -3.84741e-6 -1.47993e-6 -1 -0.01133036 0.0311287 -0.9994512 -0.04903215 0.1347157 -0.9896705 -0.06981933 0.1918126 -0.978945 -0.07892876 0.2171593 -0.97294 0.9396886 0.3420315 2.6609e-5 0.9396935 0.342018 -6.05954e-5 0.9396889 0.3420305 2.37962e-5 0.9396958 0.3420118 -9.78526e-5 0.9396911 0.3420245 7.70412e-5 0 0 -1 0 0 -1 0 0 -1 0 0 -1 -5.69666e-7 0 -1 -5.95374e-7 0 -1 1.92496e-7 0 -1 -2.51576e-7 0 -1 0 0 -1 -1.78346e-7 0 -1 -2.68181e-7 0 -1 -1.46061e-7 0 -1 0 0 -1 1.20205e-7 0 -1 1.77887e-7 0 -1 1.88843e-7 0 -1 5.65745e-7 0 -1 4.43038e-7 0 -1 -2.75237e-7 0 -1 -1.31171e-7 0 -1 -1.91498e-6 0 -1 0 0 -1 0 0 -1 0 0 -1 -7.71157e-7 0 -1 0 0 -1 -1.96586e-7 0 -1 0 0 -1 0 0 -1 -1.2367e-7 0 -1 0 0 -1 -1.49866e-6 0 -1 0 0 -1 -2.02191e-7 0 -1 1.24826e-7 0 -1 0 0 -1 -2.7877e-7 0 -1 -2.58245e-7 0 -1 1.41016e-7 0 -1 0 0 -1 1.57577e-7 0 -1 -1.57657e-7 0 -1 3.78247e-7 0 -1 4.25944e-7 0 -1 -3.69548e-7 0 -1 -3.30506e-7 0 -1 0 0 -1 1.73711e-7 0 -1 2.67243e-7 0 -1 -1.77202e-7 0 -1 -5.50177e-7 0 -1 -2.20324e-7 0 -1 -3.41781e-7 0 -1 -2.36176e-7 0 -1 0 0 -1 -2.12975e-7 0 -1 0 0 -1 0 0 -1 1.71682e-7 0 -1 0 0 -1 0 0 -1 0 0 -1 0 0 -1 0 0 -1 0 0 -1 0 0 -1 0 0 -1 0 0 -1 0 0 -1 0 0 -1 0 0 -1 -5.06232e-7 0 -1 0 0 -1 0 0 -1 5.94568e-7 0 -1 2.84506e-7 0 -1 -1.19268e-6 0 -1 0 0 -1 0 0 -1 1.22007e-7 0 -1 0 0 -1 -2.60411e-7 0 -1 0 0 -1 -3.7239e-7 0 -1 0 0 -1 -1.20207e-7 0 -1 0 0 -1 1.51527e-7 0 -1 2.10707e-7 0 -1 2.5983e-7 0 -1 2.46706e-6 0 -1 0 0 -1 -2.48324e-7 0 -1 -1.77854e-7 0 -1 0 0 -1 1.87995e-7 0 -1 0 0 -1 2.81137e-7 0 -1 0 0 -1 0 0 -1 0 0 -1 7.05355e-7 0 -1 0 0 -1 -2.30855e-7 0 -1 0 0 -1 0 0 -1 2.51871e-7 0 -1 0 0 -1 -3.71264e-7 0 -1 -5.56174e-7 0 -1 5.70269e-7 0 -1 -1.71249e-7 0 -1 0 0 -1 -2.35311e-7 0 -1 0 0 -1 -2.03027e-7 0 -1 0 0 -1 -2.29073e-7 0 -1 0 0 -1 0 0 -1 -1.22729e-7 0 -1 5.8716e-7 0 -1 2.57825e-7 0 -1 -1.90466e-7 0 -1 0 0 -1 0 0 -1 0 0 -1 0 0 -1 0 0 -1 0 0 -1 3.64968e-7 0 -1 0 0 -1 -3.35606e-7 0 -1 0 0 -1 -4.49142e-7 0 -1 0 0 -1 0 0 -1 0 0 -1 3.05662e-7 0 -1 6.1733e-7 0 -1 -3.15289e-7 0 -1 -3.463e-7 0 -1 0 0 -1 2.1179e-7 0 -1 1.87023e-7 0 -1 0 0 -1 0 0 -1 0 0 -1 0 0 -1 -2.40084e-7 0 -1 -6.17338e-7 0 -1 3.15289e-7 0 -1 3.46299e-7 0 -1 0 0 -1 -2.11791e-7 0 -1 -1.87023e-7 0 -1 0 0 -1 0 0 -1 1.22965e-7 0 -1 1.75289e-7 0 -1 0 0 -1 0 0 -1 0 0 -1 -3.05661e-7 0 -1 0 0 -1 0 0 -1 0 0 -1 5.20566e-7 0 -1 9.18848e-7 0 -1 0 0 -1 0 0 -1 0 0 -1 0 0 -1 0 0 -1 0 0 -1 0 0 -1 0 0 -1 -6.612e-7 0 -1 6.55276e-7 0 -1 -9.02637e-7 0 -1 -1.95612e-7 0 -1 -1.1922e-7 0 -1 3.97743e-7 0 -1 -4.8332e-7 0 -1 0 0 -1 5.40731e-7 0 -1 -4.77398e-7 0 -1 0 0 -1 0 0 -1 0 0 -1 0 0 -1 4.1093e-7 0 -1 -5.50801e-7 0 -1 1.46549e-7 0 -1 -7.92986e-7 0 -1 -2.41924e-7 0 -1 -1.40595e-6 0 -1 -1.0496e-6 0 -1 -1.00773e-4 0 -1 9.63347e-7 0 -1 -3.66078e-7 0 -1 5.17091e-7 0 -1 2.10193e-7 0 -1 -2.84434e-7 0 -1 8.14888e-7 0 -1 -3.61749e-7 0 -1 -2.39999e-7 0 -1 0 0 -1 -1.54703e-4 0 -1 -0.3173313 -0.9483147 0 -0.3173018 -0.9483247 -2.69179e-5 -0.5206341 -0.85378 0 -0.5206378 -0.8537778 0 -0.6977908 -0.7163017 0 -0.6977922 -0.7163003 0 -0.8398591 -0.5428046 0 -0.8398537 -0.5428131 0 -0.9396947 -0.3420146 4.11456e-7 -0.9396883 -0.3420322 -1.82641e-5 -0.9396927 -0.3420201 0 -0.9396937 -0.3420173 0 -0.9396948 -0.3420141 0 -0.9396919 -0.3420224 3.62229e-6 -0.9397024 -0.3419932 2.91057e-6 -0.939693 -0.342019 -2.86755e-7 -0.939682 -0.3420494 0 -0.9397433 -0.3418807 -5.3559e-7 -0.9396814 -0.3420511 -4.00354e-7 -0.9396967 -0.342009 -2.64842e-7 -0.9396763 -0.342065 -3.52894e-7 -0.9397009 -0.3419974 0 -0.9396949 -0.3420142 0 -0.9396908 -0.3420253 2.03766e-7 -0.939689 -0.3420302 5.60996e-7 -0.9396895 -0.342029 0 -0.9396981 -0.3420055 6.78997e-7 -0.9396878 -0.3420334 -4.25868e-7 -0.9396985 -0.3420041 5.7031e-7 -0.9396837 -0.3420447 4.22807e-7 -0.9396978 -0.3420059 0 -0.9396872 -0.3420351 2.98469e-7 -0.9397121 -0.3419669 4.36566e-7 -0.9396849 -0.3420413 5.2969e-7 -0.9397017 -0.3419954 4.6011e-7 -0.9396414 -0.3421609 8.27681e-7 -0.9396858 -0.3420391 0 -0.9396895 -0.342029 -5.99969e-7 -0.9396906 -0.3420257 -1.04927e-6 -0.9397037 -0.3419902 -7.1711e-6 -0.9396944 -0.3420157 4.30633e-7 -0.9396932 -0.3420185 1.14346e-6 -0.9396926 -0.3420205 -1.47176e-5 -0.9396916 -0.3420232 -1.90481e-5 -0.939695 -0.3420138 0 -0.9397009 -0.3419976 1.61512e-7 -0.9396909 -0.3420251 0 -0.9396893 -0.3420296 0 -0.9396977 -0.3420065 1.05285e-6 -0.9396908 -0.3420252 2.09718e-6 -0.9396921 -0.3420215 0 -0.9396927 -0.34202 0 -0.9396927 -0.3420198 -9.98243e-7 -0.9396919 -0.3420223 -1.34331e-6 -0.9396943 -0.3420156 1.83165e-6 -0.9396923 -0.3420212 0 -0.9396932 -0.3420186 0 -0.9396719 -0.3420772 0 -0.9396854 -0.3420404 0 -0.9396981 -0.3420053 0 -0.9396988 -0.3420034 0 -0.939693 -0.3420192 0 -0.9397014 -0.341996 0 -0.9396774 -0.3420619 0 -0.9396995 -0.3420013 0 -0.9396959 -0.3420112 0 -0.939691 -0.3420249 0 -0.9396934 -0.3420181 0 -0.9396903 -0.3420265 0 -0.9396865 -0.3420372 0 -0.9396964 -0.3420101 0 -0.939691 -0.3420246 0 -0.9396855 -0.3420396 0 -0.9396681 -0.3420875 0 -0.9397245 -0.3419328 0 -0.9396802 -0.3420547 0 -0.9397032 -0.3419914 0 -0.9396855 -0.34204 0 -0.9396992 -0.342002 0 -0.9396925 -0.3420206 0 -0.9396933 -0.3420184 0 -0.9396949 -0.342014 0 -0.3173055 -0.9483234 0 -0.3172926 -0.9483278 1.92205e-5 0.2756219 -0.9612662 4.80777e-6 0.2756196 -0.9612668 -3.36102e-5 0.07845962 -0.9969173 0 0.07845693 -0.9969176 0 -0.1218694 -0.9925462 0 -0.1218692 -0.9925462 0 0.7030581 0.7111325 5.7982e-7 0.7030605 0.7111301 5.96803e-7 0.7210349 0.6928988 2.93781e-7 0.7383006 0.6744719 -2.10333e-6 0.7445609 0.6675546 -5.31555e-6 0.7639098 0.6453231 6.09204e-6 0.7765478 0.6300584 -9.7818e-7 0.7978768 0.6028205 1.55403e-6 0.8207536 0.5712823 1.4402e-6 0.9062454 0.4227521 3.26091e-6 0.8791568 0.4765328 -1.08242e-6 0.94583 0.3246625 0 0.8791651 0.4765173 0 0.9458239 0.3246806 0 0.9960701 0.08856886 -3.94066e-7 0.9960706 0.08856356 0 0.9977478 -0.06707888 -1.07367e-6 0.9977485 -0.06706738 0 0.9699411 -0.2433396 4.39074e-6 0.969944 -0.2433289 -4.74928e-6 0.99463 -0.1034951 -6.46156e-7 0.9998312 0.01837515 -1.86235e-7 0.9785501 0.206009 8.95641e-7 0.8207442 0.5712961 0 0.7765543 0.6300504 0 0.7445402 0.6675776 0 0.7210668 0.6928655 0 0.9900414 -0.1407772 0 0.9900297 -0.1408589 1.30158e-6 0.9906066 -0.1367427 -6.70471e-6 0.9916763 -0.1287559 -4.70551e-6 0.9913009 -0.1316153 -7.1805e-7 0.9919273 -0.1268087 -1.70438e-6 0.9921864 -0.1247647 5.08269e-7 0.9949192 -0.100677 -3.57308e-7 0.9925948 -0.1214725 3.62827e-7 0.996254 -0.08647513 8.88453e-7 0.9925938 -0.1214811 5.37901e-7 0.9962564 -0.08644765 0 0.9993337 0.03649991 1.86432e-7 0.9993335 0.03650891 0 0.9842218 0.1769393 1.06642e-6 0.9842272 0.1769096 0 0.9745391 0.2242179 6.47182e-7 0.9745308 0.2242538 0 0.9707432 0.2401203 7.9339e-6 0.9707355 0.2401517 0 0.9677277 0.2519983 0 0.9677345 0.2519724 -5.09266e-7 0.9721086 0.2345313 -1.20042e-6 0.9806494 0.1957725 -1.35502e-6 0.9993212 0.03684294 -2.8692e-6 0.9911267 -0.1329208 -2.84308e-5 0.9919116 -0.1269305 -3.14394e-6 0.9921851 -0.1247752 0 0.9919572 -0.1265744 -7.35371e-6 0.9919197 -0.126868 -1.19707e-6 0.9913011 -0.1316137 0 0.9912965 -0.1316489 0 0.9911462 -0.1327752 8.02963e-6 0.990607 -0.1367403 -4.10888e-6 0.9906085 -0.1367292 3.28233e-7 0.9900354 -0.1408196 0 0.9900279 -0.1408714 0 0.9900288 -0.1408656 -6.34944e-7 0.9906043 -0.13676 -1.65717e-7 0.9912962 -0.1316511 0 0.9900435 -0.1407625 0 0.9921986 -0.1246682 4.96002e-7 0.991936 -0.1267403 0 0.9919211 -0.1268562 0 0.9913132 -0.1315223 0 0.9912936 -0.1316704 0 0.9906165 -0.1366714 0 0.9906021 -0.1367761 0 0.9900315 -0.1408458 0 0.9900327 -0.1408377 0 0.4924474 0.8703422 -1.12847e-6 0.4924188 0.8703585 8.81962e-7 0.5713384 0.8207147 -2.57045e-7 0.6132169 0.7899145 6.33299e-6 0.6520766 0.7581531 3.40864e-7 0.7210934 0.692838 2.96785e-5 0.7345857 0.678516 0 0.8137866 0.5811639 -2.84985e-6 -0.1841978 0.5060791 -0.8425883 -0.2401023 0.6596816 -0.7121595 -0.2418559 0.66446 -0.7071058 -0.2822627 0.7755137 -0.564718 -0.2961856 0.8138019 -0.5000007 -0.3146 0.8643523 -0.392329 -0.3303506 0.9076796 -0.2588173 -0.3350353 0.9204909 -0.201117 -0.3420485 0.9396823 0 -0.3420193 0.9396929 5.31362e-4 -0.3349663 0.9203089 0.2020626 -0.3302748 0.9077097 0.2588086 -0.3145175 0.8641196 0.3929073 -0.2961836 0.8138025 0.5000007 -0.282208 0.7753592 0.5649573 -0.241854 0.6644605 0.707106 -0.2401064 0.659688 0.7121522 -0.1841978 0.5060765 0.84259 -0.1709291 0.469887 0.8660193 -0.1156083 0.3176273 0.9411417 -0.08849483 0.2432203 0.9659258 -0.07778716 0.2137188 0.9737934 -0.03860604 0.1060716 0.9936088 -3.08082e-6 -1.03825e-6 1 0.001059949 -0.002806425 0.9999956 0.04107224 -0.1126934 0.9927806 0.08852583 -0.2432082 0.9659259 0.08098554 -0.2225069 0.9715617 0.1198881 -0.3293867 0.936553 0.1710175 -0.4698441 0.8660252 0.1567363 -0.430629 0.8888152 0.1907827 -0.5241639 0.8299724 0.2418816 -0.6644555 0.7071012 0.2482051 -0.6819329 0.688013 0.2962335 -0.8137785 0.5000104 0.293472 -0.8063045 0.5135633 0.3141456 -0.8631068 0.395423 0.3303638 -0.9076743 0.2588192 0.329448 -0.9051499 0.2686403 0.3388509 -0.9309858 0.1358151 0.3420403 -0.9396854 0 0.3420202 -0.9396925 -4.28682e-4 0.3388114 -0.9308788 -0.136644 0.3303634 -0.9076744 -0.258819 0.3293719 -0.9049405 -0.2694379 0.3141201 -0.8630377 -0.395594 0.2962264 -0.8137806 -0.5000113 0.2934767 -0.806313 -0.5135473 0.2418456 -0.6644628 -0.7071068 0.2481979 -0.6819112 -0.688037 0.1907828 -0.524165 -0.8299717 0.1710624 -0.4698306 -0.8660237 0.1567373 -0.43063 -0.8888145 0.1198882 -0.3293871 -0.9365527 0.08856844 -0.2431932 -0.9659258 0.08098536 -0.2225055 -0.971562 0.0413466 -0.1128733 -0.9927488 -5.38048e-6 -2.0772e-6 -1 0.001026928 -0.002819359 -0.9999955 -0.03860622 0.1060718 -0.9936088 -0.08849632 0.2432199 -0.9659258 -0.07776993 0.2136741 -0.9738045 -0.1156068 0.3176255 -0.9411425 -0.1709696 0.4698668 -0.8660224 -0.1841977 0.5060796 -0.8425881 -0.240102 0.6596813 -0.7121598 -0.241856 0.66446 -0.7071058 -0.282263 0.7755138 -0.5647177 -0.2961845 0.8138022 -0.5000008 -0.3145993 0.8643521 -0.3923299 -0.3303487 0.9076803 -0.2588171 -0.335035 0.9204908 -0.2011172 -0.3420462 0.9396831 -1.57761e-7 -0.342019 0.9396929 5.3162e-4 -0.3349665 0.9203087 0.2020629 -0.3303583 0.9076765 0.2588181 -0.3145179 0.8641195 0.3929072 -0.2961823 0.813803 0.5000009 -0.2822083 0.7753603 0.5649557 -0.2418534 0.6644607 0.7071061 -0.2401063 0.6596874 0.7121528 -0.184198 0.5060773 0.8425894 -0.1709297 0.4698868 0.8660194 -0.1156064 0.3176241 0.941143 -0.0884971 0.2432194 0.9659258 -0.07778543 0.2137155 0.9737942 -0.03860682 0.1060733 0.9936087 -5.98771e-6 -2.0758e-6 1 0.001027226 -0.002820491 0.9999955 0.04107582 -0.1126952 0.9927803 0.08856868 -0.2431931 0.9659259 0.08098489 -0.2225039 0.9715624 0.119888 -0.3293859 0.9365532 0.171061 -0.469831 0.8660236 0.1567369 -0.4306312 0.888814 0.1907933 -0.524205 0.8299441 0.2419253 -0.6644468 0.7070946 0.2482029 -0.6819326 0.688014 0.296234 -0.8137781 0.5000105 0.2934799 -0.8063262 0.5135249 0.3141455 -0.863107 0.3954226 0.3303625 -0.9076747 0.2588192 0.3294481 -0.9051501 0.2686402 0.338851 -0.9309858 0.1358148 0.3419948 -0.9397019 0 0.3420196 -0.9396927 -4.29154e-4 0.3388115 -0.9308787 -0.1366444 0.3303624 -0.9076748 -0.2588191 0.3293719 -0.9049408 -0.2694371 0.3141199 -0.863038 -0.3955937 0.296152 -0.8138259 -0.4999813 0.2934756 -0.8063129 -0.513548 0.2418437 -0.6644629 -0.7071072 0.2481976 -0.6819109 -0.6880375 0.1907934 -0.5242049 -0.829944 0.171061 -0.4698309 -0.8660237 0.1567367 -0.4306313 -0.8888141 0.1198878 -0.329386 -0.9365532 0.08856749 -0.2431936 -0.9659259 0.08098477 -0.222504 -0.9715624 0.04107582 -0.1126951 -0.9927802 -8.3521e-6 -3.01533e-6 -1 0.001027107 -0.002820491 -0.9999955 -0.03860658 0.1060736 -0.9936085 -0.08849829 0.243219 -0.9659258 -0.0777859 0.2137153 -0.9737943 -0.1156064 0.3176241 -0.941143 -0.1709298 0.4698867 -0.8660194 0.9033142 0.4289796 0 0.9033113 0.4289858 -6.67808e-5 0.8979882 0.4400198 7.98659e-6 0.8954389 0.4451844 -7.78178e-7 0.8906825 0.4546259 -3.91639e-7 0.8770759 0.4803519 -2.87886e-4 0.8676869 0.4971111 4.93617e-7 0.7892052 0.6141296 -2.80811e-6 0.7890099 0.6143805 5.02062e-7 0.707611 0.7066022 1.93634e-5 0.7890152 0.6143738 0 0.7076032 0.7066101 0 0.6822945 0.7310774 2.95579e-7 0.6822645 0.7311054 0 0.6739348 0.7387909 1.20115e-6 0.674026 0.7387077 6.03397e-5 0.6716206 0.7408953 0 0.6713654 0.7411265 8.36214e-6 0.6974492 0.7166343 0 0.6768977 0.7360772 -5.97764e-7 0.667851 0.744295 2.66946e-6 0.6712505 0.7412306 -1.58758e-6 0.6715714 0.7409399 -3.92072e-7 0.6715794 0.7409327 0 0.6712813 0.7412027 4.01604e-6 0.6679821 0.7441774 0 0.669195 0.7430868 -6.71361e-6 0.6703618 0.7420344 2.28407e-6 0.6716486 0.7408698 0 0.6711989 0.7412773 1.46034e-6 0.670499 0.7419104 1.06873e-6 0.6703662 0.7420305 0 0.6692246 0.7430602 0 0.6691723 0.7431073 0 0.6679697 0.7441886 1.89728e-7 0.6679615 0.7441959 0 0.6704306 0.7419723 1.0645e-5 0.6703808 0.7420173 -8.20859e-7 0.6713778 0.7411153 -2.92874e-5 0.6692246 0.7430603 0 0.6695283 0.7427866 0 0.6704072 0.7419934 4.71776e-6 0.6679068 0.744245 1.78602e-6 0.6691474 0.7431297 -3.94398e-6 0.6678112 0.7443307 0 0.8676751 0.4971318 -6.90884e-7 0.8906946 0.4546023 0 0.8981925 0.4396026 1.83324e-7 0.9982043 -0.05990219 -5.56558e-6 0.98735 -0.158556 4.38094e-6 0.9768055 -0.2141289 -2.20342e-5 0.9667723 -0.2556391 -6.86618e-7 0.9366818 -0.3501819 -3.62843e-6 0.9366853 -0.3501723 -2.37821e-6 0.4924401 0.8703464 -6.64964e-6 0.6069298 0.7947555 1.53948e-6 0.4924284 0.870353 -7.98004e-6 0.6819974 0.7313546 -1.9419e-5 0.7248564 0.6888999 -9.22009e-7 0.7830775 0.6219241 -3.42587e-6 0.8338858 0.5519371 1.00587e-5 0.8375769 0.5463196 0 0.886227 0.4632512 -8.82475e-6 0.939693 0.3420192 -2.04751e-5 0.9272073 0.3745486 -4.95929e-7 0.9592291 0.2826297 -1.96109e-5 0.9821136 0.1882894 -1.11428e-5 0.9935719 0.1132029 -1.546e-7 0.995777 0.09180557 -2.52156e-7 0.9999893 -0.004640698 0 0.9925459 -0.121872 -2.88864e-5 0.9819986 -0.1888879 -3.75323e-7 0.9366829 -0.3501788 3.64147e-7 0.9366837 -0.3501767 -5.8763e-6 0.4924349 0.8703493 -1.86177e-6 0.4924413 0.8703457 -6.60866e-6 0.6069292 0.794756 -1.23214e-6 0.6069343 0.7947522 -2.12342e-7 0.7248702 0.6888856 1.23866e-6 0.7830857 0.6219138 -7.90227e-7 0.7830788 0.6219226 0 0.724848 0.6889089 1.99303e-7 0.8375827 0.5463107 -3.69502e-7 0.8375725 0.5463262 6.17234e-7 0.8862263 0.4632526 3.51458e-7 0.8862379 0.4632303 -2.23168e-7 0.9272142 0.3745318 0 0.9272086 0.3745455 0 0.9591398 0.2829329 0 0.9821096 0.1883103 -2.54891e-7 0.9821202 0.1882548 1.56782e-7 0.9591403 0.2829311 0 0.9957796 0.09177696 0 0.9957786 0.09178805 4.08851e-7 0.9999892 -0.00465852 1.65682e-6 0.9999893 -0.004629671 2.3935e-7 0.982 -0.1888811 8.26083e-7 0.9366793 -0.3501884 -5.81581e-6 0.9366803 -0.3501858 6.02007e-6 0.9819994 -0.1888846 4.27477e-7 0.5820099 -0.8131817 0 0.5820114 -0.8131806 0 0.5820141 -0.8131787 0 0.5820156 -0.8131777 0 5.61494e-6 -1 0 0.03311562 -0.9994515 0 5.83287e-6 -1 0 0.03278195 -0.9994626 0 0.07505792 -0.9971792 0 0.07505929 -0.9971791 0 0.1802192 -0.9836265 0 0.1802527 -0.9836204 9.67989e-6 0.3782083 -0.9257206 -2.63264e-7 0.3782003 -0.9257237 0 0.4390685 -0.8984536 -1.03733e-6 0.4390683 -0.8984537 0 0.4764013 -0.8792279 0 0.4764109 -0.8792228 0 0.4882763 -0.8726891 0 0.48828 -0.8726871 0 0.4972551 -0.8676044 0 0.4972568 -0.8676036 0 0.5037899 -0.8638263 -3.30439e-7 0.5037058 -0.8638753 0 0.5061521 -0.8624442 0 0.5061448 -0.8624485 0 0.508055 -0.8613246 0 0.5081291 -0.8612809 0 -0.5112639 -0.8594238 0 -0.5112812 -0.8594136 0 -0.3685268 -0.9296171 0 -0.368528 -0.9296167 0 -0.216439 -0.9762962 0 -0.2164412 -0.9762957 0 -0.0588743 -0.9982655 0 -0.05887532 -0.9982654 0 0.3826557 -0.9238911 0 0.3826814 -0.9238803 0 0.1596648 -0.9871714 0 0.1596722 -0.9871701 0 -0.0719338 -0.9974094 0 -0.07192683 -0.9974099 0 -0.2996627 -0.9540453 0 -0.2996664 -0.9540441 0 0.3826844 -0.9238792 0 0.3826797 -0.9238811 0 -0.2720335 0.9622878 0 -0.2720327 0.962288 0 -0.2720312 0.9622885 0 -0.2720303 0.9622887 0 -0.3007148 0.9537142 0 -0.3007045 0.9537174 0 -0.3007043 0.9537174 0 -0.3007024 0.9537181 0 -0.9440805 0.3297152 0 -0.9440819 0.3297113 0 -0.8428049 0.5382193 0 -0.8427999 0.5382273 0 -0.6962247 0.7178239 0 -0.6962231 0.7178255 0 -0.5122279 0.8588496 0 -0.5122247 0.8588514 0 -0.6868 0.7268465 0 -0.6867694 0.7268754 0 -0.7933529 0.6087621 0 -0.7933507 0.608765 0 -0.8798563 0.4752399 0 -0.8798581 0.4752367 0 -0.1644598 0.9863838 0 -0.1666395 0.9860179 0 -0.1645054 0.9863762 0 -0.1666397 0.9860179 0 -0.1694241 0.9855433 0 -0.1695188 0.985527 0 -0.1767615 0.9842538 0 -0.1767606 0.9842539 0 -0.1869114 0.9823769 0 -0.1869111 0.9823768 0 -0.2002103 0.979753 0 -0.2002079 0.9797534 0 -0.241171 0.9704827 0 -0.2411637 0.9704845 0 -0.3053197 0.95225 0 -0.3053162 0.9522511 1.16379e-5 -0.4941738 0.8693632 0 -0.4941718 0.8693643 0 -0.5834762 0.8121303 0 -0.5834503 0.8121488 0 -0.6174408 0.7866175 -1.82538e-7 -0.6174499 0.7866103 0 -0.6427762 0.766054 0 -0.6427837 0.7660479 0 0 0 1 0.9238899 0.3826585 -5.64325e-6 0.9878852 0.1551867 0 0.9238878 0.3826636 -5.66626e-6 0.9878817 0.1552088 0 0.9238865 0.3826668 5.67002e-6 0.9967186 -0.08094489 0 0.9967178 -0.08095461 0 0.9498934 -0.3125742 0 0.9498953 -0.3125684 0 0.8500273 -0.5267387 0 0.8500232 -0.5267453 0 0.7026888 -0.7114974 0 0.7026867 -0.7114995 0 0.516103 -0.8565266 0 0.5161057 -0.856525 0 0.3007172 -0.9537134 0 0.3007013 -0.9537184 0 0.3007318 -0.9537088 0 0.3007314 -0.9537089 -2.22285e-6 0.5122245 -0.8588516 0 0.5122362 -0.8588446 0 0.6962195 -0.717829 0 0.696205 -0.7178431 0 0.8427978 -0.5382304 0 0.842804 -0.5382206 0 0.9440757 -0.3297289 0 0.944082 -0.3297107 0 0.8428124 -0.5382074 0 0.6962342 -0.7178148 0 0.5122578 -0.8588318 0 0.8642721 -0.5030248 0 0.8642733 -0.5030226 0 0.7529853 -0.6580374 0 0.7529894 -0.6580327 0 0.6142832 -0.7890857 0 0.6142877 -0.7890822 0 0.4532091 -0.8914043 0 0.4532135 -0.891402 0 0.2756421 -0.9612604 -1.82882e-6 0.2756293 -0.961264 0 0.2756025 -0.9612717 -1.72986e-5 0.275641 -0.9612607 0 0.0784555 -0.9969177 0 0.07845842 -0.9969175 0 -0.1218721 -0.9925459 0 -0.1218692 -0.9925463 0 -0.3172697 -0.9483354 0 -0.3173075 -0.9483228 0 -0.3173119 -0.9483212 0 -0.3173322 -0.9483144 0 -0.5206396 -0.8537766 0 -0.5206359 -0.8537788 0 -0.6977905 -0.716302 0 -0.6977902 -0.7163022 0 -0.8398531 -0.5428138 0 -0.8398578 -0.5428066 0 -0.9396815 -0.3420509 0 -0.9396845 -0.3420429 0 -0.9397033 -0.3419908 0 -0.9397019 -0.341995 0 -0.9922771 -0.1240415 0 -0.9922785 -0.1240308 0 -0.994969 0.1001839 0 -0.9949684 0.1001896 0 -0.9476296 0.3193716 0 -0.9476295 0.3193719 0 -0.8526458 0.5224896 1.93757e-5 -0.8526535 0.522477 0 -0.8526228 0.5225269 0 -0.8526398 0.5224992 0 -0.731353 0.6819992 0 -0.7313588 0.681993 0 -0.5807028 0.8141157 0 -0.5807022 0.8141161 0 -0.4067674 0.9135318 0 -0.4067309 0.9135481 0 -0.4067311 0.913548 0 -0.4067426 0.9135429 0 -0.2257998 0.9741737 0 -0.2258051 0.9741726 0 -0.03664171 0.9993285 0 -0.03664702 0.9993283 0 0.1538479 0.9880946 0 0.153844 0.9880952 0 0.3387353 0.9408817 0 0.3387331 0.9408826 0 0.5112875 0.8594098 -4.04652e-6 0.5112611 0.8594256 0 0.2996578 0.9540467 0 0.2996779 0.9540405 0 0.07193988 0.9974091 0 0.07194286 0.9974088 0 -0.159672 0.9871701 0 -0.1596726 0.9871701 0 -0.3826863 0.9238784 0 -0.382659 0.9238898 0 -0.1596716 0.9871702 0 0.07193684 0.9974092 0 0.2996712 0.9540426 0 -0.3512166 0.9362943 0 -0.3511613 0.936315 0 -0.3194452 0.9476048 0 -0.3193386 0.9476407 0 -0.2872929 0.9578428 8.15222e-7 -0.2872819 0.9578462 -8.14512e-7 -0.3279932 0.9446801 6.03086e-6 -0.3279902 0.9446812 -6.0024e-6 -0.08207541 0.9966261 0 -0.08207255 0.9966264 0 0.1690743 0.9856034 0 0.1690735 0.9856035 0 0.4095284 0.9122974 0 0.4095349 0.9122945 0 0.6240981 0.7813461 0 0.6241136 0.7813336 0 0.7992468 0.6010029 0 0.7992492 0.6009997 0 0.9238622 0.3827254 6.02686e-6 0.9238643 0.3827203 -6.03086e-6 0.9238687 0.3827098 6.00242e-6 0.9238802 -0.3826817 0 0.9238795 -0.3826837 0 0.9238763 -0.3826912 0 0.9238755 -0.3826932 0 0.2949252 0.9555203 0 0.2949256 0.9555203 0 0.2949269 0.9555198 0 0.2949272 0.9555197 0 -0.8526431 0.5224939 0 -0.8526313 0.5225131 0 -0.7313546 0.6819974 0 -0.7313536 0.6819986 0 -0.5807045 0.8141144 0 -0.580702 0.8141162 0 -0.4067572 0.9135363 -4.80777e-6 -0.4067632 0.9135336 4.78507e-6 -0.8526619 0.5224632 0 -0.8526394 0.5224999 0 -0.9922782 -0.1240328 0 -0.9922785 -0.1240308 0 -0.9949685 0.1001887 0 -0.9949683 0.1001906 0 -0.9476293 0.3193727 0 -0.9476292 0.3193727 0 0.9238798 0.3826832 0 0.9238796 0.3826832 0 0.9238797 0.3826832 0 0.9238797 0.3826833 0 0.4924594 0.8703355 -1.87684e-6 0.4924511 0.8703402 -6.61612e-6 0.6069183 0.7947643 -1.20886e-6 0.6069418 0.7947463 -1.96509e-7 0.7248592 0.6888971 1.08592e-6 0.7830768 0.6219251 -8.1677e-7 0.7830917 0.6219064 0 0.7248553 0.6889012 0 0.8375694 0.5463309 -3.41795e-7 0.8375727 0.5463261 6.17001e-7 0.8862369 0.4632325 3.7346e-7 0.8862404 0.4632259 -2.04425e-7 0.9272098 0.3745424 0 0.9271982 0.374571 0 0.9591396 0.2829333 0 0.9821189 0.1882622 -2.76254e-7 0.9821164 0.1882748 1.4095e-7 0.9591401 0.2829318 0 0.9957763 0.09181302 0 0.9957777 0.09179866 4.15021e-7 0.9999893 -0.004641473 1.78255e-6 0.9999892 -0.004666745 4.02331e-7 0.9819985 -0.1888886 8.00006e-7 0.9366793 -0.3501884 -5.83598e-6 0.9366841 -0.3501754 5.98654e-6 0.9820001 -0.1888808 4.02331e-7 -0.9062939 0.4226481 2.50341e-6 -0.9063193 0.4225937 0 -0.9063091 0.4226155 0 -0.9063178 0.4225968 2.88363e-5 0.9063112 -0.422611 0 0.9063192 -0.4225941 0 0.9848078 -0.1736479 0 0.9848081 -0.1736465 0 0.996195 0.08715373 0 0.9961933 0.0871728 0 0.9396988 0.3420031 0 0.9396869 0.3420362 0 0.819165 0.573558 0 0.8191474 0.5735832 0 0.6427936 0.7660394 0 0.6427822 0.766049 0 0.4226202 0.906307 0 0.4226189 0.9063075 0 0.1736479 0.9848078 0 0.1736465 0.9848082 0 -0.08715373 0.996195 0 -0.08715528 0.9961948 0 -0.3420139 0.9396949 0 -0.3420232 0.9396915 0 -0.5735737 0.819154 0 -0.5735818 0.8191483 0 -0.766044 0.6427882 0 -0.766044 0.6427882 0 0.9063072 -0.4226196 -2.56607e-5 0.9063099 -0.422614 0 -0.9848108 0.1736311 0 -0.9848081 0.1736465 0 -0.996195 -0.08715373 0 -0.9961948 -0.08715522 0 -0.9396949 -0.3420139 0 -0.9396944 -0.3420153 0 -0.8191547 -0.5735728 0 -0.8191538 -0.573574 0 -0.6427955 -0.7660379 0 -0.6427944 -0.7660389 0 -0.422614 -0.9063098 0 -0.4226176 -0.9063082 0 -0.1736336 -0.9848104 0 -0.1736374 -0.9848097 0 0.08714956 -0.9961953 0 0.08715504 -0.9961948 0 0.3420186 -0.9396932 0 0.3420237 -0.9396913 0 0.5735911 -0.8191418 0 0.5735825 -0.8191478 0 0.7660511 -0.6427797 0 0.7660335 -0.6428006 0 0.4226481 0.9062939 2.50341e-6 0.4225941 0.9063192 0 0.4226139 0.9063099 0 0.422611 0.9063112 0 -0.4226079 -0.9063127 0 -0.4225853 -0.9063232 0 -0.1736526 -0.984807 0 -0.1736465 -0.9848082 0 0.08715403 -0.9961948 0 0.08715474 -0.9961948 0 0.3420196 -0.9396929 0 0.342021 -0.9396923 0 0.5735729 -0.8191545 0 0.5735842 -0.8191466 0 0.7660462 -0.6427855 0 0.7660453 -0.6427867 0 0.9063143 -0.4226045 0 0.9063013 -0.4226325 0 0.9848108 -0.1736311 0 0.9848049 -0.1736642 0 0.9961934 0.08717125 0 0.9961963 0.08713734 0 0.9396874 0.3420346 0 0.9396984 0.3420045 0 0.8191484 0.5735819 0 0.8191642 0.5735591 0 0.6427835 0.766048 0 0.6427937 0.7660394 0 -0.4226481 -0.9062939 2.50341e-6 -0.4226146 -0.9063095 0 0.1736574 0.9848061 0 0.1736559 0.9848065 0 -0.08716285 0.9961941 0 -0.0871644 0.996194 0 -0.3420239 0.9396914 0 -0.3420176 0.9396936 0 -0.5735719 0.8191553 0 -0.5735663 0.8191591 0 -0.766048 0.6427834 0 -0.7660489 0.6427823 0 -0.9063069 0.4226202 0 -0.9063075 0.4226188 0 -0.9848078 0.1736479 0 -0.9961932 -0.08717238 0 -0.9961947 -0.08715647 0 -0.9396874 -0.3420346 0 -0.9396984 -0.3420045 0 -0.8191484 -0.5735819 0 -0.8191642 -0.5735591 0 -0.6427835 -0.766048 0 -0.6427937 -0.7660394 0 0.4226512 0.9062924 0 0.4225896 0.9063212 0 0.4226178 0.9063081 0 0.4226073 0.906313 2.2569e-5 -0.4226008 -0.9063159 0 -0.4225896 -0.9063212 0 -0.1736484 -0.9848077 0 -0.1736515 -0.9848072 0 0.08715325 -0.9961949 0 0.08715558 -0.9961947 0 0.5735836 -0.8191471 0 0.573575 -0.8191531 0 0.7660431 -0.6427893 0 0.7660461 -0.6427858 0 0.9063006 -0.422634 0 0.9063149 -0.4226033 0 0.9848047 -0.1736658 0 0.984811 -0.1736296 0 0.9961966 0.08713477 0 0.9961933 0.08717173 0 0.9396992 0.3420022 0 0.9396871 0.3420351 0 0.819155 0.5735723 0 0.8191449 0.5735866 0 0.6427835 0.766048 0 -0.4226524 -0.9062919 0 -0.4226174 -0.9063082 0 0.1736529 0.984807 0 0.1736514 0.9848072 0 -0.0871582 0.9961945 0 -0.08715975 0.9961944 0 -0.3420152 0.9396945 0 -0.3420245 0.9396911 0 -0.5735661 0.8191593 0 -0.5735743 0.8191537 0 -0.7660457 0.6427862 0 -0.7660467 0.642785 0 -0.9848049 0.1736642 0 -0.9961935 -0.08717018 0 -0.996195 -0.08715379 0 -0.9396932 -0.3420187 0 -0.9396927 -0.3420202 0 -0.8191556 -0.5735714 0 -0.8191547 -0.5735727 0 -0.6427835 -0.766048 0 -0.9062928 0.4226504 -3.1896e-5 -0.906306 0.4226222 0 -0.9063096 0.4226145 0 -0.9063115 0.4226105 2.50634e-5 0.9063114 -0.4226108 3.19077e-5 0.9063192 -0.4225938 0 0.9961934 0.08717137 0 0.9961947 0.0871554 0 0.9396877 0.3420336 0 0.9396987 0.3420035 0 0.8191465 0.5735845 0 0.8191624 0.5735619 0 0.6427848 0.766047 0 0.6427938 0.7660394 0 0.4226145 0.9063096 0 0.422618 0.906308 0 0.173639 0.9848094 0 0.173642 0.9848089 0 -0.08715766 0.9961946 0 -0.08715605 0.9961947 0 -0.3420224 0.9396918 0 -0.3420202 0.9396926 0 -0.5735742 0.8191537 0 -0.5735754 0.8191528 0 -0.7660416 0.642791 0 0.9062936 -0.422649 0 0.9063031 -0.4226286 0 -0.9848081 0.1736468 0 -0.9848113 0.1736284 0 -0.996195 -0.08715265 0 -0.9961949 -0.0871542 0 -0.9396938 -0.3420171 0 -0.9396932 -0.3420186 0 -0.8191539 -0.5735738 0 -0.8191531 -0.573575 0 -0.6427949 -0.7660383 0 -0.6427938 -0.7660394 0 -0.4226198 -0.9063071 0 -0.4226135 -0.9063101 0 -0.1736431 -0.9848086 0 -0.173637 -0.9848098 0 0.0871542 -0.9961949 0 0.08715498 -0.9961948 0 0.3420188 -0.9396932 0 0.3420202 -0.9396926 0 0.5735742 -0.8191537 0 0.5735853 -0.8191459 0 0.7660324 -0.642802 0 0.76605 -0.642781 0 0.5866006 0.8098764 4.41157e-6 0.5866069 0.8098719 -4.9955e-6 0.7212496 0.6926753 8.49628e-7 0.7684662 0.6398905 -2.75206e-7 0.8199656 0.5724127 -3.31979e-4 0.872101 0.489326 7.87608e-7 0.9332433 0.3592451 0 0.9599151 0.280291 1.58441e-6 0.9797737 0.2001087 -2.35211e-6 0.9887593 0.1495162 1.78348e-6 0.9959478 0.08993363 -1.14951e-6 0.9981949 0.06005811 9.56934e-7 0.9998639 0.01650625 -1.11788e-6 0.9999999 -5.80839e-4 3.96365e-7 0.999461 -0.03282946 -1.04522e-6 0.9991214 -0.04191064 2.78914e-6 0.9977385 -0.0672155 -3.31653e-6 0.9956833 -0.09281682 1.01433e-6 0.9956846 -0.09280222 5.74795e-7 0.9977307 -0.06733196 0 0.9994613 -0.03281992 6.9965e-7 0.9998636 0.01651495 0 0.995949 0.0899201 0 0.9797801 0.200078 2.57323e-6 0.9332445 0.359242 0 0.81995 0.5724352 0 0.7211801 0.6927477 1.34515e-6 9.09276e-7 0 -1 0 0 -1 0 0 -1 8.06811e-6 0 -1 -5.26354e-7 0 -1 2.91096e-6 0 -1 1.28386e-6 0 -1 8.43754e-6 0 -1 -1.14012e-6 0 -1 -3.59662e-7 0 -1 -3.07159e-6 0 -1 0 0 -1 1.39271e-5 0 -1 1.98763e-6 0 -1 1.7112e-7 0 -1 -3.48883e-6 0 -1 -2.02664e-7 0 -1 9.33907e-7 0 -1 5.97252e-7 0 -1 3.89902e-7 0 -1 -7.90174e-7 0 -1 -1.98887e-6 0 -1 5.74675e-7 0 -1 -6.23847e-7 0 -1 3.12002e-6 0 -1 2.12026e-7 0 -1 9.29719e-6 0 -1 2.18588e-6 0 -1 1.31987e-5 0 -1 -0.2756379 0.9612616 0 -0.2756162 0.9612678 0 -0.2756378 0.9612617 0 -0.2756234 0.9612657 -1.73055e-5 -0.07845962 0.9969174 0 -0.07846081 0.9969173 0 0.1218734 0.9925457 0 0.1218682 0.9925464 0 0.3172965 0.9483265 0 0.3172857 0.94833 -1.92005e-6 0.3173211 0.9483183 0 0.3173397 0.948312 0 0.5206352 0.8537793 0 0.5206373 0.853778 0 0.6977938 0.7162987 0 0.6977927 0.7162999 0 0.8398599 0.5428035 0 0.8398534 0.5428134 0 0.9396929 0.3420195 0 0.9396818 0.34205 0 0.9397022 0.3419941 0 0.9396901 0.3420271 0 0.9922783 0.1240316 0 0.9922776 0.1240371 0 0.9949675 -0.1001981 0 0.9949692 -0.1001812 0 0.947628 -0.3193761 0 0.9476318 -0.3193649 0 0.8526462 -0.5224888 0 0.8526505 -0.5224819 0 0.8526404 -0.5224984 0 0.8526315 -0.522513 -4.3474e-7 0.7313554 -0.6819966 0 0.7313488 -0.6820036 0 0.5806998 -0.8141179 0 0.5807048 -0.8141142 0 0.4067627 -0.9135339 0 0.4067571 -0.9135364 -1.92005e-6 0.406737 -0.9135453 0 0.4067373 -0.9135452 0 0.9659264 -0.2588168 0 0.9659236 -0.2588279 0 1 1.04343e-5 0 1 -1.04247e-5 0 0.9659236 0.2588279 0 0.9659264 0.2588168 0 0.8660275 0.4999966 0 0.8660246 0.5000014 0 0.7071127 0.707101 0 0.7071087 0.7071049 0 0.5000028 0.8660238 0 0.5000045 0.8660228 0 0.258811 0.965928 0 0.258813 0.9659276 0 4.06652e-7 1 0 2.39686e-6 1 0 -0.2588156 0.9659268 0 -0.2588137 0.9659273 0 -0.5000024 0.8660241 0 -0.5000007 0.866025 0 -0.7071101 0.7071036 0 -0.7071087 0.7071049 0 -0.8660284 0.4999949 0 -0.8660275 0.4999966 0 -0.9659264 0.2588168 0 -0.9659259 0.2588188 0 -1 -9.9032e-7 0 -1 9.90319e-7 0 -0.9659259 -0.2588188 0 -0.9659264 -0.2588168 0 -0.8660275 -0.4999966 0 -0.8660284 -0.4999948 0 -0.7071071 -0.7071065 0 -0.7071086 -0.7071051 0 -0.4999989 -0.8660262 0 -0.5000005 -0.8660251 0 -0.2588188 -0.965926 0 -0.2588208 -0.9659255 0 2.41121e-6 -1 0 4.35358e-7 -1 0 0.2588181 -0.9659262 0 0.2588162 -0.9659266 0 0.5000026 -0.8660239 0 0.500001 -0.8660249 0 0.7071072 -0.7071064 0 0.7071111 -0.7071025 0 0.8660246 -0.5000014 0 0.8660275 -0.4999966 0 0 0 1 0 0 1 0 0 1 0 0 1 0 0 1 0 0 1 0 0 1 0 0 1 0 0 1 0 0 1 0 0 1 0 0 1 0 0 1 0 0 1 0 0 1 0 0 1 0 0 1 0 0 1 0 0 1 0 0 1 0 0 1 0 0 1 0 0 1 0 0 1 0 0 1 0 0 1 0 0 1 0 0 1 0 0 1 0 0 1 0 0 1 0 0 1 0 0 1 0 0 1 0 0 1 0 0 1 0 0 1 0 0 1 0 0 1 0 0 1 0 0 1 0 0 1 0 0 1 0 0 1 0 0 1 0 0 1 0 0 1 0 0 1 0 0 1 0 0 1 0 0 1 0 0 1 0 0 1 0 0 1 0 0 1 0 0 1 0 0 1 0 0 1 0 0 1 0 0 1 0 0 1 0 0 1 0 0 1 0 0 1 0 0 1 0 0 1 0 0 1 0 0 1 0 0 1 0 0 1 0 0 1 0 0 1 0 0 1 0 0 1 0 0 1 0 0 1 0 0 1 0 0 1 0 0 1 0 0 1 0 0 1 0 0 1 0 0 1 0 0 1 0 0 1 0 0 1 0 0 1 0 0 1 0 0 1 0 0 1 0 0 1 0 0 1 0 0 1 0 0 1 0 0 1 0 0 1 0 0 1 0 0 1 0 0 1 0 0 1 0 0 1 0 0 1 0 0 1 0 0 1 0 0 1 0 0 1 0 0 1 0 0 1 0 0 1 0 0 1 0 0 1 0 0 1 0 0 1 0 0 1 0 0 1 0 0 1 0 0 1 0 0 1 0 0 1 0 0 1 0 0 1 0 0 1 0 0 1 0 0 1 0 0 1 0 0 1 0 0 1 0 0 1 0 0 1 1.21324e-7 0 1 0 0 1 0 0 1 0 0 1 0 0 1 0 0 1 0 0 1 0 0 1 0 0 1 0 0 1 0 0 1 0 0 1 0 0 1 0 0 1 0 0 1 0 0 1 0 0 1 0 0 1 0 0 1 0 0 1 0 0 1 0 0 1 0 0 1 0 0 1 0 0 1 0 0 1 0 0 1 0 0 1 0 0 1 0 0 1 0 0 1 0 0 1 0 0 1 0 0 1 0 0 1 0 0 1 0 0 1 0 0 1 -1.55305e-7 0 1 0 0 1 0 0 1 0 0 1</float_array>
          <technique_common>
            <accessor source="#blue_leg-mesh-normals-array" count="1486" stride="3">
              <param name="X" type="float"/>
              <param name="Y" type="float"/>
              <param name="Z" type="float"/>
            </accessor>
          </technique_common>
        </source>
        <source id="blue_leg-mesh-map-0">
          <float_array id="blue_leg-mesh-map-0-array" count="10176">0.342409 0.1281 0.342409 0.15 0.316165 0.133104 0.316165 0.133104 0.342409 0.15 0.29047 0.1404229 0.29047 0.1404229 0.342409 0.15 0.265527 0.15 0.475248 0.138763 0.485403 0.14215 0.475248 0.15 0.475248 0.15 0.485403 0.14215 0.495431 0.145897 0.475248 0.15 0.495431 0.145897 0.505319 0.15 -0.138763 -0.939427 -0.15 -0.939427 -0.130461 -0.972751 -0.130461 -0.972751 -0.15 -0.939427 -0.15 -0.983961 -0.130461 -0.972751 -0.15 -0.983961 -0.125927 -1.00632 -0.125927 -1.00632 -0.15 -0.983961 -0.15 -1.028496 -0.125927 -1.00632 -0.15 -1.028496 -0.125165 -1.039618 -0.125165 -1.039618 -0.15 -1.028496 -0.15 -1.07303 -0.125165 -1.039618 -0.15 -1.07303 -0.1281 -1.07303 -1.040432 -0.207764 0 -0.191872 -1.019842 -0.16179 -1.019842 -0.16179 0 -0.191872 0 -0.1138589 -1.019842 -0.16179 0 -0.1138589 -1.010195 -0.122016 -1.010195 -0.122016 0 -0.1138589 -1.003095 -0.08183896 -1.003095 -0.08183896 0 -0.1138589 0 -0.03584599 -1.003095 -0.08183896 0 -0.03584599 -0.998716 -0.04111295 -0.998716 -0.04111295 0 -0.03584599 -0.997231 -1.28e-4 -0.997231 -1.28e-4 0 -0.03584599 0 0.04216694 -0.997231 -1.28e-4 0 0.04216694 -0.998698 0.04086399 -0.998698 0.04086399 0 0.04216694 -1.00306 0.08159697 -1.00306 0.08159697 0 0.04216694 0 0.12018 -1.00306 0.08159697 0 0.12018 -1.010184 0.121964 -1.010184 0.121964 0 0.12018 -1.019842 0.16179 -1.019842 0.16179 0 0.12018 0 0.198193 -1.019842 0.16179 0 0.198193 -1.049296 0.2276279 -1.049296 0.2276279 0 0.198193 0 0.276206 -1.049296 0.2276279 0 0.276206 -1.076131 0.293708 -1.076131 0.293708 0 0.276206 -1.087621 0.328425 -1.087621 0.328425 0 0.276206 0 0.354219 -1.087621 0.328425 0 0.354219 -1.096765 0.363791 -1.096765 0.363791 0 0.354219 -1.10293 0.399516 -1.10293 0.399516 0 0.354219 0 0.432232 -1.10293 0.399516 0 0.432232 -1.10589 0.435189 -1.10589 0.435189 0 0.432232 -1.10547 0.470345 -1.10547 0.470345 0 0.432232 0 0.510245 -1.10547 0.470345 0 0.510245 -1.101538 0.505179 -1.101538 0.505179 0 0.510245 -1.094245 0.540066 -1.094245 0.540066 0 0.510245 0 0.588258 -1.094245 0.540066 0 0.588258 -1.083845 0.574677 -1.083845 0.574677 0 0.588258 -1.055028 0.641862 -1.055028 0.641862 0 0.588258 0 0.666271 -1.055028 0.641862 0 0.666271 -1.019842 0.704713 -1.019842 0.704713 0 0.666271 0 0.744284 -1.019842 0.704713 0 0.744284 -1.000218 0.762363 -1.000218 0.762363 0 0.744284 0 0.822297 -1.000218 0.762363 0 0.822297 -0.985321 0.821351 -0.985321 0.821351 0 0.822297 -0.976011 0.881441 -0.976011 0.881441 0 0.822297 0 0.90031 -0.976011 0.881441 0 0.90031 -0.972827 0.942324 -0.972827 0.942324 0 0.90031 0 0.978323 -0.972827 0.942324 0 0.978323 -0.975981 1.003219 -0.975981 -0.881736 0 -0.906632 0 -0.828619 -0.975981 -0.881736 0 -0.828619 -0.985284 -0.821532 -0.985284 -0.821532 0 -0.828619 -1.000191 -0.762449 -1.000191 -0.762449 0 -0.828619 0 -0.750606 -1.000191 -0.762449 0 -0.750606 -1.019842 -0.704713 -1.019842 -0.704713 0 -0.750606 0 -0.672593 -1.019842 -0.704713 0 -0.672593 -1.050158 -0.651341 -1.050158 -0.651341 0 -0.672593 0 -0.59458 -1.050158 -0.651341 0 -0.59458 -1.076454 -0.59458 -1.076454 -0.59458 0 -0.59458 -1.1 -0.567854 -1.076454 -0.59458 -1.1 -0.567854 -1.1 -0.59458 -1.040432 -0.207764 -1.060061 -0.252643 0 -0.191872 0 -0.191872 -1.060061 -0.252643 0 -0.269885 0 -0.269885 -1.060061 -0.252643 -1.078152 -0.299353 0 -0.269885 -1.078152 -0.299353 0 -0.347898 0 -0.347898 -1.078152 -0.299353 -1.093015 -0.347898 0 -0.347898 -1.093015 -0.347898 -1.1 -0.358603 -1.1 -0.358603 -1.093015 -0.347898 -1.1 -0.347898 -1.1 -0.358603 -1.1 -0.369309 0 -0.347898 0 -0.347898 -1.1 -0.369309 -1.1 -0.380015 0 -0.347898 -1.1 -0.380015 0 -0.409568 0 -0.409568 -1.1 -0.380015 -1.104592 -0.414056 0 -0.409568 -1.104592 -0.414056 -1.106155 -0.447899 0 -0.409568 -1.106155 -0.447899 0 -0.471239 0 -0.471239 -1.106155 -0.447899 -1.104628 -0.481177 0 -0.471239 -1.104628 -0.481177 -1.1 -0.514402 0 -0.471239 -1.1 -0.514402 0 -0.53291 0 -0.53291 -1.1 -0.514402 -1.1 -0.541128 0 -0.53291 -1.1 -0.541128 -1.1 -0.567854 0 -0.59458 0 -0.53291 -1.1 -0.567854 -0.265527 0.15 -0.505319 0.15 -0.324186 0.131317 -0.324186 0.131317 -0.505319 0.15 -0.44666 0.131317 -0.324186 0.131317 -0.44666 0.131317 -0.385423 0.125 -4.500955 1.416291 -4.521217 1.376665 -4.089256 1.258591 -4.089256 1.258591 -4.521217 1.376665 -4.531502 1.348408 -4.089256 1.258591 -4.531502 1.348408 -4.356039 1.074603 -4.356039 1.074603 -4.531502 1.348408 -4.405592 1.072439 -4.405592 1.072439 -4.531502 1.348408 -4.571465 1.310558 -4.405592 1.072439 -4.571465 1.310558 -4.610336 1.275578 -4.531502 1.348408 -4.538065 1.350797 -4.571465 1.310558 -4.405592 1.072439 -4.610336 1.275578 -4.452897 1.057524 -4.452897 1.057524 -4.610336 1.275578 -4.653862 1.246592 -4.452897 1.057524 -4.653862 1.246592 -4.718117 1.188351 -4.718117 1.188351 -4.763188 1.145907 -4.452897 1.057524 -4.452897 1.057524 -4.763188 1.145907 -4.724789 0.930739 -4.724789 0.930739 -4.763188 1.145907 -4.815514 1.089201 -4.724789 0.930739 -4.815514 1.089201 -4.853444 1.029968 -4.853444 1.029968 -4.877373 0.983807 -4.724789 0.930739 -4.724789 0.930739 -4.877373 0.983807 -4.766621 0.904089 -4.766621 0.904089 -4.877373 0.983807 -4.908404 0.919697 -4.766621 0.904089 -4.908404 0.919697 -4.80013 0.86752 -4.80013 0.86752 -4.908404 0.919697 -4.823033 0.823524 -4.823033 0.823524 -4.908404 0.919697 -4.833768 0.7751 -4.833768 0.7751 -4.908404 0.919697 -4.887272 0.619889 -4.833768 0.7751 -4.887272 0.619889 -4.831605 0.725547 -4.831605 0.725547 -4.887272 0.619889 -4.81669 0.678243 -4.81669 0.678243 -4.887272 0.619889 -4.79004 0.63641 -4.79004 0.63641 -4.887272 0.619889 -4.753471 0.602901 -4.753471 0.602901 -4.887272 0.619889 -4.884162 0.482605 -4.753471 0.602901 -4.884162 0.482605 -4.709475 0.579998 -4.709475 0.579998 -4.884162 0.482605 -4.661051 0.569263 -4.661051 0.569263 -4.884162 0.482605 -4.887521 0.358941 -4.661051 0.569263 -4.887521 0.358941 -4.611498 0.571427 -4.611498 0.571427 -4.887521 0.358941 -4.898201 0.253417 -4.611498 0.571427 -4.898201 0.253417 -4.564194 0.586342 -4.564194 0.586342 -4.898201 0.253417 -4.916799 0.1664119 -4.564194 0.586342 -4.916799 0.1664119 -3.953538 -0.544787 -3.953538 -0.544787 -4.916799 0.1664119 -4.947431 0.09093499 -3.953538 -0.544787 -4.947431 0.09093499 -4.970088 0.05764997 -3.953538 -0.544787 -4.970088 0.05764997 -5.03979 -0.06115698 -5.03979 -0.06115698 -4.970088 0.05764997 -4.999116 0.03019797 -5.03979 -0.06115698 -4.999116 0.03019797 -5.19375 0.02683895 -5.19375 0.02683895 -4.999116 0.03019797 -5.13568 0.10825 -5.19375 0.02683895 -5.13568 0.10825 -5.327076 0.143763 -5.327076 0.143763 -5.13568 0.10825 -5.253941 0.211962 -5.327076 0.143763 -5.253941 0.211962 -5.434415 0.28492 -5.434415 0.28492 -5.253941 0.211962 -5.349151 0.33717 -5.434415 0.28492 -5.349151 0.33717 -5.688917 0.700231 -5.688917 0.700231 -5.349151 0.33717 -5.603653 0.75248 -5.688917 0.700231 -5.603653 0.75248 -5.772983 0.879997 -5.772983 0.879997 -5.603653 0.75248 -5.67822 0.911934 -5.772983 0.879997 -5.67822 0.911934 -5.814878 1.073975 -5.814878 1.073975 -5.67822 0.911934 -5.715381 1.083994 -5.814878 1.073975 -5.715381 1.083994 -5.713269 1.260009 -5.814878 1.073975 -5.713269 1.260009 -5.812497 1.272412 -5.812497 1.272412 -5.713269 1.260009 -5.671989 1.431128 -5.812497 1.272412 -5.671989 1.431128 -5.765959 1.46533 -5.765959 1.46533 -5.671989 1.431128 -5.565163 1.72463 -5.765959 1.46533 -5.565163 1.72463 -5.486303 2.233676 -5.486303 2.233676 -5.565163 1.72463 -5.48315 1.94996 -5.486303 2.233676 -5.48315 1.94996 -5.392334 2.199474 -5.392334 2.199474 -5.313963 2.357093 -5.486303 2.233676 -5.486303 2.233676 -5.313963 2.357093 -5.397949 2.411373 -5.397949 2.411373 -5.313963 2.357093 -5.202441 2.493285 -5.397949 2.411373 -5.202441 2.493285 -5.27222 2.564916 -5.27222 2.564916 -5.202441 2.493285 -5.063376 2.601204 -5.27222 2.564916 -5.063376 2.601204 -5.115439 2.686582 -5.115439 2.686582 -5.063376 2.601204 -4.90376 2.675422 -5.115439 2.686582 -4.90376 2.675422 -4.93549 2.770255 -4.93549 2.770255 -4.90376 2.675422 -4.441843 2.829978 -4.93549 2.770255 -4.441843 2.829978 -4.473573 2.92481 -4.473573 2.92481 -4.441843 2.829978 -4.288426 2.864692 -4.473573 2.92481 -4.288426 2.864692 -4.300613 2.963947 -4.300613 2.963947 -4.288426 2.864692 -4.131168 2.868124 -4.300613 2.963947 -4.131168 2.868124 -4.123322 2.967815 -4.123322 2.967815 -4.131168 2.868124 -3.94882 2.93626 -3.94882 2.93626 -4.131168 2.868124 -3.976383 2.840134 -3.94882 2.93626 -3.976383 2.840134 -3.972698 2.819062 -3.972698 2.819062 -3.971823 2.797681 -3.94882 2.93626 -3.94882 2.93626 -3.971823 2.797681 -2.805831 2.608513 -2.805831 2.608513 -3.971823 2.797681 -3.976919 2.754938 -2.805831 2.608513 -3.976919 2.754938 -4.005689 2.672249 -4.110974 2.504858 -4.027346 2.176373 -4.005689 2.672249 -4.005689 2.672249 -4.027346 2.176373 -4.000696 2.13454 -4.005689 2.672249 -4.000696 2.13454 -2.805831 2.608513 -2.805831 2.608513 -4.000696 2.13454 -2.957489 1.754844 -2.805831 2.608513 -2.957489 1.754844 -2.910184 1.769759 -4.183913 2.41396 -4.10791 2.232785 -4.110974 2.504858 -4.110974 2.504858 -4.10791 2.232785 -4.063915 2.209882 -4.110974 2.504858 -4.063915 2.209882 -4.027346 2.176373 -4.10791 2.232785 -4.183913 2.41396 -4.156334 2.24352 -4.156334 2.24352 -4.183913 2.41396 -4.270382 2.315784 -4.156334 2.24352 -4.270382 2.315784 -4.205887 2.241356 -4.205887 2.241356 -4.270382 2.315784 -4.253192 2.226441 -4.253192 2.226441 -4.270382 2.315784 -4.295024 2.199791 -4.295024 2.199791 -4.270382 2.315784 -4.328533 2.163223 -4.328533 2.163223 -4.270382 2.315784 -4.478653 2.100429 -4.328533 2.163223 -4.478653 2.100429 -4.351436 2.119227 -4.351436 2.119227 -4.478653 2.100429 -4.362171 2.070803 -4.362171 2.070803 -4.478653 2.100429 -4.49609 2.031372 -4.362171 2.070803 -4.49609 2.031372 -4.360008 2.02125 -4.360008 2.02125 -4.49609 2.031372 -4.507432 1.980629 -4.360008 2.02125 -4.507432 1.980629 -4.345093 1.973946 -4.345093 1.973946 -4.507432 1.980629 -4.51645 1.910873 -4.345093 1.973946 -4.51645 1.910873 -4.512816 1.833799 -4.345093 1.973946 -4.512816 1.833799 -4.218307 1.702053 -4.218307 1.702053 -4.512816 1.833799 -4.505571 1.772315 -4.218307 1.702053 -4.505571 1.772315 -4.493786 1.686397 -4.493786 1.686397 -4.48294 1.65232 -4.218307 1.702053 -4.218307 1.702053 -4.48294 1.65232 -4.475525 1.617337 -4.218307 1.702053 -4.475525 1.617337 -4.449488 1.573738 -4.449488 1.573738 -4.475525 1.617337 -4.471614 1.581791 -4.475783 1.501493 -4.155088 1.626712 -4.449488 1.573738 -4.449488 1.573738 -4.155088 1.626712 -4.191657 1.660221 -4.449488 1.573738 -4.191657 1.660221 -4.218307 1.702053 -4.155088 1.626712 -4.475783 1.501493 -4.05529 1.340593 -4.05529 1.340593 -4.475783 1.501493 -4.485733 1.458113 -4.05529 1.340593 -4.485733 1.458113 -4.500955 1.416291 -4.05529 1.340593 -4.500955 1.416291 -4.089256 1.258591 -4.000696 2.13454 -3.87391 1.862648 -2.957489 1.754844 -2.957489 1.754844 -3.87391 1.862648 -3.229381 1.628059 -3.229381 1.628059 -3.87391 1.862648 -3.858995 1.815344 -3.229381 1.628059 -3.858995 1.815344 -3.271213 1.601409 -3.271213 1.601409 -3.858995 1.815344 -3.856832 1.765791 -3.271213 1.601409 -3.856832 1.765791 -3.304722 1.56484 -3.304722 1.56484 -3.856832 1.765791 -3.672843 1.499008 -3.304722 1.56484 -3.672843 1.499008 -3.590841 1.465042 -3.856832 1.765791 -3.867567 1.717367 -3.672843 1.499008 -3.672843 1.499008 -3.867567 1.717367 -3.760841 1.510593 -3.760841 1.510593 -3.867567 1.717367 -3.89047 1.673371 -3.760841 1.510593 -3.89047 1.673371 -3.923979 1.636802 -3.760841 1.510593 -3.923979 1.636802 -3.84884 1.499008 -3.84884 1.499008 -3.923979 1.636802 -3.965811 1.610152 -3.84884 1.499008 -3.965811 1.610152 -3.930841 1.465042 -3.930841 1.465042 -3.965811 1.610152 -4.013115 1.595237 -3.930841 1.465042 -4.013115 1.595237 -4.001258 1.411009 -4.001258 1.411009 -4.013115 1.595237 -4.062668 1.593074 -4.001258 1.411009 -4.062668 1.593074 -4.111092 1.603809 -4.001258 1.411009 -4.111092 1.603809 -4.05529 1.340593 -4.05529 1.340593 -4.111092 1.603809 -4.155088 1.626712 -2.910184 1.769759 -2.860632 1.771923 -2.805831 2.608513 -2.805831 2.608513 -2.860632 1.771923 -2.586526 2.522237 -2.586526 2.522237 -2.860632 1.771923 -2.387602 2.395875 -2.387602 2.395875 -2.860632 1.771923 -2.812207 1.761187 -2.387602 2.395875 -2.812207 1.761187 -2.216302 2.234027 -2.216302 2.234027 -2.812207 1.761187 -2.768212 1.738285 -2.216302 2.234027 -2.768212 1.738285 -2.078865 2.042587 -2.078865 2.042587 -2.768212 1.738285 -2.731643 1.704775 -2.078865 2.042587 -2.731643 1.704775 -2.704993 1.662943 -2.078865 2.042587 -2.704993 1.662943 -1.980294 1.828527 -1.980294 1.828527 -2.704993 1.662943 -2.690078 1.615639 -1.980294 1.828527 -2.690078 1.615639 -1.968646 1.804546 -1.968646 1.804546 -2.690078 1.615639 -2.687914 1.566086 -1.968646 1.804546 -2.687914 1.566086 -1.95179 1.783892 -1.95179 1.783892 -2.687914 1.566086 -1.93063 1.767674 -1.93063 1.767674 -2.687914 1.566086 -2.69865 1.517662 -1.93063 1.767674 -2.69865 1.517662 -1.776615 1.296461 -1.776615 1.296461 -2.69865 1.517662 -2.721552 1.473666 -1.776615 1.296461 -2.721552 1.473666 -2.755062 1.437097 -2.755062 1.437097 -2.796894 1.410447 -1.776615 1.296461 -1.776615 1.296461 -2.796894 1.410447 -3.17659 0.36724 -1.776615 1.296461 -3.17659 0.36724 -2.385973 -0.174659 -2.385973 -0.174659 -3.17659 0.36724 -3.161675 0.319936 -2.385973 -0.174659 -3.161675 0.319936 -3.159511 0.270383 -3.17659 0.36724 -2.796894 1.410447 -3.303375 0.639133 -3.303375 0.639133 -2.796894 1.410447 -3.068786 1.283662 -3.303375 0.639133 -3.068786 1.283662 -3.330026 0.680965 -3.330026 0.680965 -3.068786 1.283662 -3.11609 1.268747 -3.330026 0.680965 -3.11609 1.268747 -3.366594 0.714474 -3.366594 0.714474 -3.11609 1.268747 -3.432427 1.082594 -3.366594 0.714474 -3.432427 1.082594 -3.466393 1.000593 -3.11609 1.268747 -3.165643 1.266583 -3.432427 1.082594 -3.432427 1.082594 -3.165643 1.266583 -3.214067 1.277319 -3.432427 1.082594 -3.214067 1.277319 -3.420841 1.170593 -3.420841 1.170593 -3.214067 1.277319 -3.258063 1.300221 -3.420841 1.170593 -3.258063 1.300221 -3.432427 1.258591 -3.432427 1.258591 -3.258063 1.300221 -3.294632 1.333731 -3.432427 1.258591 -3.294632 1.333731 -3.321282 1.375563 -3.432427 1.258591 -3.321282 1.375563 -3.466393 1.340593 -3.466393 1.340593 -3.321282 1.375563 -3.336197 1.422867 -3.466393 1.340593 -3.336197 1.422867 -3.520425 1.411009 -3.520425 1.411009 -3.336197 1.422867 -3.338361 1.47242 -3.520425 1.411009 -3.338361 1.47242 -3.590841 1.465042 -3.590841 1.465042 -3.338361 1.47242 -3.327625 1.520844 -3.590841 1.465042 -3.327625 1.520844 -3.304722 1.56484 -4.356039 1.074603 -4.307615 1.063867 -4.089256 1.258591 -4.089256 1.258591 -4.307615 1.063867 -4.100841 1.170593 -4.100841 1.170593 -4.307615 1.063867 -4.26362 1.040964 -4.100841 1.170593 -4.26362 1.040964 -4.089256 1.082594 -4.089256 1.082594 -4.26362 1.040964 -4.227051 1.007455 -4.089256 1.082594 -4.227051 1.007455 -4.200401 0.965623 -4.089256 1.082594 -4.200401 0.965623 -4.05529 1.000593 -4.05529 1.000593 -4.200401 0.965623 -4.185486 0.918319 -4.05529 1.000593 -4.185486 0.918319 -4.001258 0.930177 -4.001258 0.930177 -4.185486 0.918319 -4.183322 0.868766 -4.001258 0.930177 -4.183322 0.868766 -3.930841 0.876144 -3.930841 0.876144 -4.183322 0.868766 -4.194057 0.820342 -3.930841 0.876144 -4.194057 0.820342 -4.21696 0.776346 -4.250469 0.739777 -3.664851 0.575395 -4.21696 0.776346 -4.21696 0.776346 -3.664851 0.575395 -3.84884 0.842178 -4.21696 0.776346 -3.84884 0.842178 -3.930841 0.876144 -3.664851 0.575395 -4.250469 0.739777 -3.662687 0.525842 -3.662687 0.525842 -4.250469 0.739777 -4.292302 0.713127 -3.662687 0.525842 -4.292302 0.713127 -3.647772 0.478538 -3.647772 0.478538 -4.292302 0.713127 -4.564194 0.586342 -3.647772 0.478538 -4.564194 0.586342 -3.520987 0.206645 -3.520987 0.206645 -4.564194 0.586342 -3.953538 -0.544787 -3.520987 0.206645 -3.953538 -0.544787 -3.494337 0.164813 -3.494337 0.164813 -3.953538 -0.544787 -3.457768 0.131304 -3.457768 0.131304 -3.953538 -0.544787 -3.730084 -0.619662 -3.457768 0.131304 -3.730084 -0.619662 -3.413772 0.108401 -3.413772 0.108401 -3.730084 -0.619662 -3.496475 -0.650729 -3.413772 0.108401 -3.496475 -0.650729 -3.365348 0.09766596 -3.365348 0.09766596 -3.496475 -0.650729 -3.261218 -0.636856 -3.365348 0.09766596 -3.261218 -0.636856 -3.315795 0.09982895 -3.315795 0.09982895 -3.261218 -0.636856 -3.03288 -0.578547 -3.315795 0.09982895 -3.03288 -0.578547 -3.268491 0.114744 -3.268491 0.114744 -3.03288 -0.578547 -2.819775 -0.477927 -3.268491 0.114744 -2.819775 -0.477927 -3.226659 0.141394 -3.226659 0.141394 -2.819775 -0.477927 -2.795438 -0.467044 -3.226659 0.141394 -2.795438 -0.467044 -2.769248 -0.462057 -3.159511 0.270383 -3.170247 0.2219589 -2.385973 -0.174659 -2.385973 -0.174659 -3.170247 0.2219589 -3.19315 0.177963 -2.385973 -0.174659 -3.19315 0.177963 -2.769248 -0.462057 -2.769248 -0.462057 -3.19315 0.177963 -3.226659 0.141394 -3.664851 0.575395 -3.654116 0.623819 -3.84884 0.842178 -3.84884 0.842178 -3.654116 0.623819 -3.760841 0.830593 -3.760841 0.830593 -3.654116 0.623819 -3.631213 0.667815 -3.760841 0.830593 -3.631213 0.667815 -3.597704 0.704384 -3.760841 0.830593 -3.597704 0.704384 -3.672843 0.842178 -3.672843 0.842178 -3.597704 0.704384 -3.555871 0.731034 -3.672843 0.842178 -3.555871 0.731034 -3.590841 0.876144 -3.590841 0.876144 -3.555871 0.731034 -3.508567 0.745949 -3.590841 0.876144 -3.508567 0.745949 -3.520425 0.930177 -3.520425 0.930177 -3.508567 0.745949 -3.459014 0.748112 -3.520425 0.930177 -3.459014 0.748112 -3.41059 0.737377 -3.520425 0.930177 -3.41059 0.737377 -3.466393 1.000593 -3.466393 1.000593 -3.41059 0.737377 -3.366594 0.714474 -2.331854 -0.305315 -2.385973 -0.174659 -2.369243 -0.37081 -2.369243 -0.37081 -2.385973 -0.174659 -2.421785 -0.424911 -2.421785 -0.424911 -2.385973 -0.174659 -2.486158 -0.464199 -2.486158 -0.464199 -2.385973 -0.174659 -2.558296 -0.486191 -2.558296 -0.486191 -2.385973 -0.174659 -2.633639 -0.489498 -2.633639 -0.489498 -2.385973 -0.174659 -2.707427 -0.47391 -2.707427 -0.47391 -2.385973 -0.174659 -2.716968 -0.470513 -2.707427 -0.47391 -2.716968 -0.470513 -2.713826 -0.471753 -1.652509 1.334768 -1.633308 1.403012 -1.776615 1.296461 -1.776615 1.296461 -1.633308 1.403012 -1.630657 1.473857 -1.776615 1.296461 -1.630657 1.473857 -1.644705 1.543345 -1.644705 1.543345 -1.674666 1.607596 -1.776615 1.296461 -1.776615 1.296461 -1.674666 1.607596 -1.718867 1.663023 -1.776615 1.296461 -1.718867 1.663023 -1.774841 1.706531 -1.774841 1.706531 -1.839461 1.735688 -1.776615 1.296461 -1.776615 1.296461 -1.839461 1.735688 -1.906305 1.756764 -1.776615 1.296461 -1.906305 1.756764 -1.93063 1.767674 -2.769248 -0.462057 -2.742615 -0.463235 -2.385973 -0.174659 -2.385973 -0.174659 -2.742615 -0.463235 -2.716968 -0.470513 -2.713826 -0.471753 -2.710645 -0.472885 -2.707427 -0.47391 4.2 0.705593 0.5 0.705593 4.2 0.529195 4.2 0.529195 0.5 0.705593 0.5 0.529195 4.2 0.529195 0.5 0.529195 4.2 0.352796 4.2 0.352796 0.5 0.529195 0.5 0.352796 4.2 0.352796 0.5 0.352796 4.2 0.176398 4.2 0.176398 0.5 0.352796 0.5 0.176398 4.2 0.176398 0.5 0.176398 0.5 0 0.5 0 4.2 0 4.2 0.176398 -0.55213 0.5 -0.618807 0.540074 -0.817657 0.5 -0.817657 0.5 -0.618807 0.540074 -0.672939 0.595944 -0.817657 0.5 -0.672939 0.595944 -0.710886 0.663855 -0.710886 0.663855 -0.730095 0.73924 -0.817657 0.5 -0.817657 0.5 -0.730095 0.73924 -0.729275 0.817029 -0.817657 0.5 -0.729275 0.817029 -0.722012 2.097354 -0.722012 2.097354 -0.729275 0.817029 -0.708482 0.891992 -0.722012 2.097354 -0.708482 0.891992 -0.692042 2.025 -0.692042 2.025 -0.708482 0.891992 -0.669113 0.959088 -0.692042 2.025 -0.669113 0.959088 -0.644366 1.962868 -0.644366 1.962868 -0.669113 0.959088 -0.613816 1.013805 -0.644366 1.962868 -0.613816 1.013805 -0.582234 1.915192 -0.582234 1.915192 -0.613816 1.013805 -0.546309 1.052465 -0.582234 1.915192 -0.546309 1.052465 -0.50988 1.885222 -0.50988 1.885222 -0.546309 1.052465 -0.471131 1.072468 -0.50988 1.885222 -0.471131 1.072468 -0.432234 1.875 -0.432234 1.875 -0.471131 1.072468 -0.393337 1.072468 -0.432234 1.875 -0.393337 1.072468 -0.354588 1.885222 -0.354588 1.885222 -0.393337 1.072468 -0.31816 1.052465 -0.354588 1.885222 -0.31816 1.052465 -0.282234 1.915192 -0.282234 1.915192 -0.31816 1.052465 -0.250652 1.013805 -0.282234 1.915192 -0.250652 1.013805 -0.220102 1.962868 -0.220102 1.962868 -0.250652 1.013805 -0.1953549 0.959088 -0.220102 1.962868 -0.1953549 0.959088 -0.172426 2.025 -0.172426 2.025 -0.1953549 0.959088 -0.155986 0.891992 -0.172426 2.025 -0.155986 0.891992 -0.1424559 2.097354 -0.1424559 2.097354 -0.155986 0.891992 -0.135193 0.817029 -0.1424559 2.097354 -0.135193 0.817029 0 0.5 0 0.5 -0.135193 0.817029 -0.134373 0.73924 0 0.5 -0.134373 0.73924 -0.153582 0.663855 -0.153582 0.663855 -0.191529 0.595944 0 0.5 0 0.5 -0.191529 0.595944 -0.245661 0.540074 0 0.5 -0.245661 0.540074 -0.312338 0.5 -0.1424559 2.097354 0 0.5 -0.132234 2.175 -0.132234 2.175 0 0.5 0 4.2 -0.132234 2.175 0 4.2 -0.132234 3.575 -0.132234 3.575 0 4.2 -0.1424559 3.652646 -0.1424559 3.652646 0 4.2 -0.172426 3.725 -0.172426 3.725 0 4.2 -0.220102 3.787132 -0.220102 3.787132 0 4.2 -0.282234 3.834808 -0.282234 3.834808 0 4.2 -0.354588 3.864778 -0.354588 3.864778 0 4.2 -0.432234 3.875 -0.432234 3.875 0 4.2 -0.817657 4.2 -0.432234 3.875 -0.817657 4.2 -0.50988 3.864778 -0.50988 3.864778 -0.817657 4.2 -0.582234 3.834808 -0.582234 3.834808 -0.817657 4.2 -0.644366 3.787132 -0.644366 3.787132 -0.817657 4.2 -0.692042 3.725 -0.692042 3.725 -0.817657 4.2 -0.722012 3.652646 -0.722012 3.652646 -0.817657 4.2 -0.732234 3.575 -0.732234 3.575 -0.817657 4.2 -0.732234 2.175 -0.732234 3.575 -0.732234 2.175 -0.722012 3.497354 -0.722012 3.497354 -0.732234 2.175 -0.722012 2.252646 -0.722012 3.497354 -0.722012 2.252646 -0.692042 3.425 -0.692042 3.425 -0.722012 2.252646 -0.692042 2.325 -0.692042 3.425 -0.692042 2.325 -0.644366 3.362868 -0.644366 3.362868 -0.692042 2.325 -0.644366 2.387132 -0.644366 3.362868 -0.644366 2.387132 -0.582234 3.315192 -0.582234 3.315192 -0.644366 2.387132 -0.582234 2.434808 -0.582234 3.315192 -0.582234 2.434808 -0.50988 3.285222 -0.50988 3.285222 -0.582234 2.434808 -0.50988 2.464778 -0.50988 3.285222 -0.50988 2.464778 -0.432234 3.275 -0.432234 3.275 -0.50988 2.464778 -0.432234 2.475 -0.432234 3.275 -0.432234 2.475 -0.354588 2.464778 -0.817657 4.2 -0.817657 0.5 -0.732234 2.175 -0.732234 2.175 -0.817657 0.5 -0.722012 2.097354 -0.132234 3.575 -0.1424559 3.497354 -0.132234 2.175 -0.132234 2.175 -0.1424559 3.497354 -0.1424559 2.252646 -0.1424559 2.252646 -0.1424559 3.497354 -0.172426 3.425 -0.1424559 2.252646 -0.172426 3.425 -0.172426 2.325 -0.172426 2.325 -0.172426 3.425 -0.220102 3.362868 -0.172426 2.325 -0.220102 3.362868 -0.220102 2.387132 -0.220102 2.387132 -0.220102 3.362868 -0.282234 3.315192 -0.220102 2.387132 -0.282234 3.315192 -0.282234 2.434808 -0.282234 2.434808 -0.282234 3.315192 -0.354588 3.285222 -0.282234 2.434808 -0.354588 3.285222 -0.354588 2.464778 -0.354588 2.464778 -0.354588 3.285222 -0.432234 3.275 -0.487088 0.5 0 0.5 -0.487088 4.2 -0.487088 4.2 0 0.5 0 4.2 4.2 0.472679 0.5 0.472679 4.2 0.315119 4.2 0.315119 0.5 0.472679 0.5 0.315119 4.2 0.315119 0.5 0.315119 4.2 0.15756 4.2 0.15756 0.5 0.315119 0.5 0.15756 4.2 0.15756 0.5 0.15756 0.5 0 0.5 0 4.2 0 4.2 0.15756 -0.914553 4 -0.914553 0.3 -0.800234 2.15 -0.800234 2.15 -0.914553 0.3 -0.71311 0.3 -0.800234 2.15 -0.71311 0.3 -0.685915 2.15 -0.685915 2.15 -0.71311 0.3 -0.612503 0.3 -0.685915 2.15 -0.612503 0.3 -0.571596 2.15 -0.571596 2.15 -0.612503 0.3 -0.511913 0.3 -0.571596 2.15 -0.511913 0.3 -0.457277 2.15 -0.457277 2.15 -0.511913 0.3 -0.296182 0.3 -0.457277 2.15 -0.296182 0.3 -0.342957 2.15 -0.342957 2.15 -0.296182 0.3 -0.2286379 2.15 -0.342957 2.15 -0.2286379 2.15 -0.342957 4 -0.342957 4 -0.2286379 2.15 -0.2286379 4 -0.2286379 4 -0.2286379 2.15 -0.114319 2.15 -0.2286379 4 -0.114319 2.15 -0.114319 4 -0.114319 4 -0.114319 2.15 -0.05715996 2.15 -0.114319 4 -0.05715996 2.15 -0.05715996 4 -0.05715996 4 -0.05715996 2.15 0 4 0 4 -0.05715996 2.15 0 0.3 0 0.3 -0.05715996 2.15 -0.04488098 0.3 -0.04488098 0.3 -0.05715996 2.15 -0.087426 0.3 -0.087426 0.3 -0.05715996 2.15 -0.114319 2.15 -0.087426 0.3 -0.114319 2.15 -0.16531 0.3 -0.16531 0.3 -0.114319 2.15 -0.2286379 2.15 -0.16531 0.3 -0.2286379 2.15 -0.296182 0.3 -0.342957 4 -0.457277 4 -0.342957 2.15 -0.342957 2.15 -0.457277 4 -0.457277 2.15 -0.457277 4 -0.571596 4 -0.457277 2.15 -0.457277 2.15 -0.571596 4 -0.571596 2.15 -0.571596 4 -0.685915 4 -0.571596 2.15 -0.571596 2.15 -0.685915 4 -0.685915 2.15 -0.685915 4 -0.800234 4 -0.685915 2.15 -0.685915 2.15 -0.800234 4 -0.800234 2.15 -0.800234 4 -0.914553 4 -0.800234 2.15 -0.207162 0.361356 -0.207162 0.3 -0.199926 0.405584 -0.199926 0.405584 -0.207162 0.3 -0.189052 0.3 -0.199926 0.405584 -0.189052 0.3 -0.192587 0.457304 -0.192587 0.457304 -0.189052 0.3 -0.186823 0.514673 -0.186823 0.514673 -0.189052 0.3 -0.184601 0.575154 -0.184601 0.575154 -0.189052 0.3 -0.16436 0.3 -0.184601 0.575154 -0.16436 0.3 -0.181267 2.145003 -0.181267 2.145003 -0.16436 0.3 -0.155372 2.145717 -0.181267 2.145003 -0.155372 2.145717 -0.181267 4 -0.181267 4 -0.155372 2.145717 -0.155372 4 -0.155372 4 -0.155372 2.145717 -0.103581 2.147145 -0.155372 4 -0.103581 2.147145 -0.103581 4 -0.103581 4 -0.103581 2.147145 -0.05179095 2.148572 -0.103581 4 -0.05179095 2.148572 -0.05179095 4 -0.05179095 4 -0.05179095 2.148572 -0.02589499 2.149286 -0.05179095 4 -0.02589499 2.149286 -0.02589499 4 -0.02589499 4 -0.02589499 2.149286 -0.01294797 2.149643 -0.02589499 4 -0.01294797 2.149643 -0.01294797 4 -0.01294797 4 -0.01294797 2.149643 0 4 0 4 -0.01294797 2.149643 0 0.3 0 0.3 -0.01294797 2.149643 -0.01808696 0.3 -0.01808696 0.3 -0.01294797 2.149643 -0.02589499 2.149286 -0.01808696 0.3 -0.02589499 2.149286 -0.04273396 0.3 -0.04273396 0.3 -0.02589499 2.149286 -0.05179095 2.148572 -0.04273396 0.3 -0.05179095 2.148572 -0.103481 0.3 -0.103481 0.3 -0.05179095 2.148572 -0.103581 2.147145 -0.103481 0.3 -0.103581 2.147145 -0.155372 2.145717 -0.16436 0.3 -0.103481 0.3 -0.155372 2.145717 -0.1942149 4 -0.186843 3.435616 -0.181267 4 -0.181267 4 -0.186843 3.435616 -0.184601 3.375154 -0.181267 4 -0.184601 3.375154 -0.181267 2.145003 -0.181267 2.145003 -0.184601 3.375154 -0.186823 3.314673 -0.181267 2.145003 -0.186823 3.314673 -0.186843 2.035616 -0.186843 2.035616 -0.186823 3.314673 -0.192587 3.257304 -0.186843 2.035616 -0.192587 3.257304 -0.1926079 2.092863 -0.1926079 2.092863 -0.192587 3.257304 -0.1942149 2.144646 -0.1926079 2.092863 -0.1942149 2.144646 -0.199937 2.144489 -0.199937 2.144489 -0.1942149 2.144646 -0.199926 3.205584 -0.199937 2.144489 -0.199926 3.205584 -0.207162 2.188644 -0.207162 2.188644 -0.199926 3.205584 -0.207162 3.161356 -0.207162 4 -0.199937 3.544489 -0.1942149 4 -0.1942149 4 -0.199937 3.544489 -0.1926079 3.492863 -0.1942149 4 -0.1926079 3.492863 -0.186843 3.435616 -0.207162 4 -0.207162 3.588644 -0.199937 3.544489 -0.192587 3.257304 -0.199926 3.205584 -0.1942149 2.144646 -0.186843 2.035616 -0.184601 1.975154 -0.181267 2.145003 -0.181267 2.145003 -0.184601 1.975154 -0.184601 0.575154 -0.184601 1.975154 -0.186823 1.914673 -0.184601 0.575154 -0.184601 0.575154 -0.186823 1.914673 -0.186843 0.635616 -0.186843 0.635616 -0.186823 1.914673 -0.192587 1.857304 -0.186843 0.635616 -0.192587 1.857304 -0.1926079 0.692863 -0.1926079 0.692863 -0.192587 1.857304 -0.199926 1.805584 -0.1926079 0.692863 -0.199926 1.805584 -0.199937 0.744489 -0.199937 0.744489 -0.199926 1.805584 -0.207162 1.761356 -0.199937 0.744489 -0.207162 1.761356 -0.207162 0.788644 0.420939 -0.751527 0.3 -0.751527 0.383456 -0.785132 0.383456 -0.785132 0.3 -0.751527 0.3 -0.803867 0.383456 -0.785132 0.3 -0.803867 0.351191 -0.821951 0.351191 -0.821951 0.3 -0.803867 0.3 -0.856207 0.351191 -0.821951 0.3 -0.856207 0.32296 -0.863296 0.32296 -0.863296 0.3 -0.856207 0.3 -0.908546 -1.055028 -0.641862 -1.019842 -0.704713 0 -0.706858 0 -0.706858 -1.019842 -0.704713 -1.000191 -0.762449 0 -0.706858 -1.000191 -0.762449 0 -0.785398 0 -0.785398 -1.000191 -0.762449 -0.985284 -0.821532 0 -0.785398 -0.985284 -0.821532 0 -0.863938 0 -0.863938 -0.985284 -0.821532 -0.975981 -0.881736 0 -0.863938 -0.975981 -0.881736 0 -0.942478 0 0.942478 -0.975981 1.003219 -0.972827 0.942324 0 0.942478 -0.972827 0.942324 -0.976011 0.881441 0 0.942478 -0.976011 0.881441 0 0.863938 0 0.863938 -0.976011 0.881441 -0.985321 0.821351 0 0.863938 -0.985321 0.821351 0 0.785398 0 0.785398 -0.985321 0.821351 -1.000218 0.762363 0 0.785398 -1.000218 0.762363 0 0.706858 0 0.706858 -1.000218 0.762363 -1.019842 0.704713 0 0.706858 -1.019842 0.704713 -1.055028 0.641862 0 0.706858 -1.055028 0.641862 0 0.628319 0 0.628319 -1.055028 0.641862 -1.083845 0.574677 0 0.628319 -1.083845 0.574677 0 0.549779 0 0.549779 -1.083845 0.574677 -1.094245 0.540066 0 0.549779 -1.094245 0.540066 -1.101538 0.505179 0 0.549779 -1.101538 0.505179 0 0.471239 0 0.471239 -1.101538 0.505179 -1.10547 0.470345 0 0.471239 -1.10547 0.470345 -1.10589 0.435189 0 0.471239 -1.10589 0.435189 0 0.392699 0 0.392699 -1.10589 0.435189 -1.10293 0.399516 0 0.392699 -1.10293 0.399516 -1.096765 0.363791 0 0.392699 -1.096765 0.363791 0 0.314159 0 0.314159 -1.096765 0.363791 -1.087621 0.328425 0 0.314159 -1.087621 0.328425 -1.076131 0.293708 0 0.314159 -1.076131 0.293708 0 0.235619 0 0.235619 -1.076131 0.293708 -1.049296 0.2276279 0 0.235619 -1.049296 0.2276279 0 0.1570799 0 0.1570799 -1.049296 0.2276279 -1.019842 0.16179 0 0.1570799 -1.019842 0.16179 -1.010184 0.121964 0 0.1570799 -1.010184 0.121964 0 0.07853996 0 0.07853996 -1.010184 0.121964 -1.00306 0.08159697 0 0.07853996 -1.00306 0.08159697 -0.998698 0.04086399 0 0.07853996 -0.998698 0.04086399 0 0 0 0 -0.998698 0.04086399 -0.997231 -1.28e-4 0 0 -0.997231 -1.28e-4 -0.998716 -0.04111295 0 0 -0.998716 -0.04111295 0 -0.07853996 0 -0.07853996 -0.998716 -0.04111295 -1.003095 -0.08183896 0 -0.07853996 -1.003095 -0.08183896 -1.010195 -0.122016 0 -0.07853996 -1.010195 -0.122016 0 -0.1570799 0 -0.1570799 -1.010195 -0.122016 -1.019842 -0.16179 0 -0.1570799 -1.019842 -0.16179 0 -0.235619 0 -0.235619 -1.019842 -0.16179 -1.049296 -0.2276279 0 -0.235619 -1.049296 -0.2276279 -1.076131 -0.293708 0 -0.235619 -1.076131 -0.293708 0 -0.314159 0 -0.314159 -1.076131 -0.293708 -1.087621 -0.328425 0 -0.314159 -1.087621 -0.328425 -1.096765 -0.363791 0 -0.314159 -1.096765 -0.363791 0 -0.392699 0 -0.392699 -1.096765 -0.363791 -1.10293 -0.399516 0 -0.392699 -1.10293 -0.399516 -1.10589 -0.435189 0 -0.392699 -1.10589 -0.435189 0 -0.471239 0 -0.471239 -1.10589 -0.435189 -1.10547 -0.470345 0 -0.471239 -1.10547 -0.470345 -1.101538 -0.505179 0 -0.471239 -1.101538 -0.505179 0 -0.549779 0 -0.549779 -1.101538 -0.505179 -1.094245 -0.540066 0 -0.549779 -1.094245 -0.540066 -1.083845 -0.574677 0 -0.549779 -1.083845 -0.574677 0 -0.628319 0 -0.628319 -1.083845 -0.574677 -1.055028 -0.641862 0 -0.628319 -1.055028 -0.641862 0 -0.706858 -1.055028 -0.641862 -1.019842 -0.704713 0 -0.706858 0 -0.706858 -1.019842 -0.704713 -1.000191 -0.762449 0 -0.706858 -1.000191 -0.762449 0 -0.785398 0 -0.785398 -1.000191 -0.762449 -0.985284 -0.821532 0 -0.785398 -0.985284 -0.821532 0 -0.863938 0 -0.863938 -0.985284 -0.821532 -0.975981 -0.881736 0 -0.863938 -0.975981 -0.881736 0 -0.942478 0 0.942478 -0.975981 1.003219 -0.972827 0.942324 0 0.942478 -0.972827 0.942324 -0.976011 0.881441 0 0.942478 -0.976011 0.881441 0 0.863938 0 0.863938 -0.976011 0.881441 -0.985321 0.821351 0 0.863938 -0.985321 0.821351 0 0.785398 0 0.785398 -0.985321 0.821351 -1.000218 0.762363 0 0.785398 -1.000218 0.762363 0 0.706858 0 0.706858 -1.000218 0.762363 -1.019842 0.704713 0 0.706858 -1.019842 0.704713 -1.055028 0.641862 0 0.706858 -1.055028 0.641862 0 0.628319 0 0.628319 -1.055028 0.641862 -1.083845 0.574677 0 0.628319 -1.083845 0.574677 0 0.549779 0 0.549779 -1.083845 0.574677 -1.094245 0.540066 0 0.549779 -1.094245 0.540066 -1.101538 0.505179 0 0.549779 -1.101538 0.505179 0 0.471239 0 0.471239 -1.101538 0.505179 -1.10547 0.470345 0 0.471239 -1.10547 0.470345 -1.10589 0.435189 0 0.471239 -1.10589 0.435189 0 0.392699 0 0.392699 -1.10589 0.435189 -1.10293 0.399516 0 0.392699 -1.10293 0.399516 -1.096765 0.363791 0 0.392699 -1.096765 0.363791 0 0.314159 0 0.314159 -1.096765 0.363791 -1.087621 0.328425 0 0.314159 -1.087621 0.328425 -1.076131 0.293708 0 0.314159 -1.076131 0.293708 0 0.235619 0 0.235619 -1.076131 0.293708 -1.049296 0.2276279 0 0.235619 -1.049296 0.2276279 0 0.1570799 0 0.1570799 -1.049296 0.2276279 -1.019842 0.16179 0 0.1570799 -1.019842 0.16179 -1.010184 0.121964 0 0.1570799 -1.010184 0.121964 0 0.07853996 0 0.07853996 -1.010184 0.121964 -1.00306 0.08159697 0 0.07853996 -1.00306 0.08159697 -0.998698 0.04086399 0 0.07853996 -0.998698 0.04086399 0 0 0 0 -0.998698 0.04086399 -0.997231 -1.28e-4 0 0 -0.997231 -1.28e-4 -0.998716 -0.04111295 0 0 -0.998716 -0.04111295 0 -0.07853996 0 -0.07853996 -0.998716 -0.04111295 -1.003095 -0.08183896 0 -0.07853996 -1.003095 -0.08183896 -1.010195 -0.122016 0 -0.07853996 -1.010195 -0.122016 0 -0.1570799 0 -0.1570799 -1.010195 -0.122016 -1.019842 -0.16179 0 -0.1570799 -1.019842 -0.16179 0 -0.235619 0 -0.235619 -1.019842 -0.16179 -1.049296 -0.2276279 0 -0.235619 -1.049296 -0.2276279 -1.076131 -0.293708 0 -0.235619 -1.076131 -0.293708 0 -0.314159 0 -0.314159 -1.076131 -0.293708 -1.087621 -0.328425 0 -0.314159 -1.087621 -0.328425 -1.096765 -0.363791 0 -0.314159 -1.096765 -0.363791 0 -0.392699 0 -0.392699 -1.096765 -0.363791 -1.10293 -0.399516 0 -0.392699 -1.10293 -0.399516 -1.10589 -0.435189 0 -0.392699 -1.10589 -0.435189 0 -0.471239 0 -0.471239 -1.10589 -0.435189 -1.10547 -0.470345 0 -0.471239 -1.10547 -0.470345 -1.101538 -0.505179 0 -0.471239 -1.101538 -0.505179 0 -0.549779 0 -0.549779 -1.101538 -0.505179 -1.094245 -0.540066 0 -0.549779 -1.094245 -0.540066 -1.083845 -0.574677 0 -0.549779 -1.083845 -0.574677 0 -0.628319 0 -0.628319 -1.083845 -0.574677 -1.055028 -0.641862 0 -0.628319 -1.055028 -0.641862 0 -0.706858 0 4 0 0.3 0.01294696 2.15 0.01294696 2.15 0 0.3 0.018085 0.3 0.01294696 2.15 0.018085 0.3 0.02589297 2.15 0.02589297 2.15 0.018085 0.3 0.04273098 0.3 0.02589297 2.15 0.04273098 0.3 0.05178695 2.15 0.05178695 2.15 0.04273098 0.3 0.103473 0.3 0.05178695 2.15 0.103473 0.3 0.103573 2.15 0.103573 2.15 0.103473 0.3 0.15536 2.15 0.103573 2.15 0.15536 2.15 0.103573 4 0.103573 4 0.15536 2.15 0.15536 4 0.15536 4 0.15536 2.15 0.181253 2.15 0.15536 4 0.181253 2.15 0.181253 4 0.181253 4 0.181253 2.15 0.1942 2.15 0.181253 4 0.1942 2.15 0.1942 4 0.1942 4 0.1942 2.15 0.198606 3.374872 0.1942 4 0.198606 3.374872 0.199261 3.415738 0.103473 0.3 0.164348 0.3 0.15536 2.15 0.15536 2.15 0.164348 0.3 0.181253 2.15 0.164348 0.3 0.189038 0.3 0.181253 2.15 0.181253 2.15 0.189038 0.3 0.1942 2.15 0.207147 0.3 0.1992689 0.534016 0.189038 0.3 0.189038 0.3 0.1992689 0.534016 0.198606 0.574872 0.189038 0.3 0.198606 0.574872 0.1942 2.15 0.1942 2.15 0.198606 0.574872 0.198606 1.974872 0.1942 2.15 0.198606 1.974872 0.199261 2.015738 0.207147 0.420939 0.203874 0.45632 0.207147 0.3 0.207147 0.3 0.203874 0.45632 0.201129 0.494172 0.207147 0.3 0.201129 0.494172 0.1992689 0.534016 0.198606 0.574872 0.199261 0.615738 0.198606 1.974872 0.198606 1.974872 0.199261 0.615738 0.1992689 1.934016 0.1992689 1.934016 0.199261 0.615738 0.201115 0.655594 0.1992689 1.934016 0.201115 0.655594 0.201129 1.894172 0.201129 1.894172 0.201115 0.655594 0.203874 1.85632 0.203874 1.85632 0.201115 0.655594 0.2038699 0.693632 0.203874 1.85632 0.2038699 0.693632 0.207147 1.820939 0.207147 1.820939 0.2038699 0.693632 0.207147 0.729061 0.199261 2.015738 0.201115 2.055594 0.1942 2.15 0.1942 2.15 0.201115 2.055594 0.201129 3.294172 0.1942 2.15 0.201129 3.294172 0.1992689 3.334016 0.201129 3.294172 0.201115 2.055594 0.203874 3.25632 0.203874 3.25632 0.201115 2.055594 0.2038699 2.093632 0.203874 3.25632 0.2038699 2.093632 0.207147 3.220939 0.207147 3.220939 0.2038699 2.093632 0.207147 2.129061 0.1992689 3.334016 0.198606 3.374872 0.1942 2.15 0.199261 3.415738 0.201115 3.455594 0.1942 4 0.1942 4 0.201115 3.455594 0.207147 4 0.207147 4 0.201115 3.455594 0.2038699 3.493632 0.207147 4 0.2038699 3.493632 0.207147 3.529061 0.103573 4 0.05178695 4 0.103573 2.15 0.103573 2.15 0.05178695 4 0.05178695 2.15 0.05178695 4 0.02589297 4 0.05178695 2.15 0.05178695 2.15 0.02589297 4 0.02589297 2.15 0.02589297 4 0.01294696 4 0.02589297 2.15 0.02589297 2.15 0.01294696 4 0.01294696 2.15 0.01294696 4 0 4 0.01294696 2.15 0.3 1.11041 0.3 1.074635 0.327503 1.054254 0.327503 1.054254 0.3 1.074635 0.3 1.038859 0.327503 1.054254 0.3 1.038859 0.361356 1.003084 0.361356 1.003084 0.3 1.038859 0.3 1.003084 3.529061 -0.751527 3.581405 -0.801011 4 -0.751527 4 -0.751527 3.581405 -0.801011 4 -0.836428 4 -0.836428 3.581405 -0.801011 3.623926 -0.858172 4 -0.836428 3.623926 -0.858172 3.641618 -0.890163 4 -0.836428 3.641618 -0.890163 4 -0.921328 4 -0.921328 3.641618 -0.890163 3.655952 -0.923752 4 -0.921328 3.655952 -0.923752 3.666387 -0.958461 4 -0.921328 3.666387 -0.958461 4 -1.006229 4 -1.006229 3.666387 -0.958461 3.672772 -0.993674 4 -1.006229 3.672772 -0.993674 3.674999 -1.028754 3.674999 -1.028754 3.673029 -1.063749 4 -1.006229 4 -1.006229 3.673029 -1.063749 4 -1.091129 4 -1.091129 3.673029 -1.063749 3.667059 -1.09888 4 -1.091129 3.667059 -1.09888 3.65732 -1.133676 4 -1.091129 3.65732 -1.133676 4 -1.17603 4 -1.17603 3.65732 -1.133676 3.62773 -1.200477 4 -1.17603 3.62773 -1.200477 4 -1.26093 4 -1.26093 3.62773 -1.200477 3.588644 -1.26093 3.220939 -0.751527 2.129061 -0.751527 3.168595 -0.801011 3.168595 -0.801011 2.129061 -0.751527 2.181405 -0.801011 3.168595 -0.801011 2.181405 -0.801011 2.223926 -0.858172 2.241618 -0.890163 3.108382 -0.890163 2.223926 -0.858172 2.223926 -0.858172 3.108382 -0.890163 3.126074 -0.858172 2.223926 -0.858172 3.126074 -0.858172 3.168595 -0.801011 2.241618 -0.890163 2.255952 -0.923752 3.108382 -0.890163 3.108382 -0.890163 2.255952 -0.923752 3.094048 -0.923752 3.094048 -0.923752 2.255952 -0.923752 3.083613 -0.958461 3.083613 -0.958461 2.255952 -0.923752 2.266387 -0.958461 3.083613 -0.958461 2.266387 -0.958461 3.077228 -0.993674 3.077228 -0.993674 2.266387 -0.958461 2.272772 -0.993674 3.077228 -0.993674 2.272772 -0.993674 2.274999 -1.028754 2.273029 -1.063749 3.076971 -1.063749 2.274999 -1.028754 2.274999 -1.028754 3.076971 -1.063749 3.075001 -1.028754 2.274999 -1.028754 3.075001 -1.028754 3.077228 -0.993674 2.273029 -1.063749 2.267059 -1.09888 3.076971 -1.063749 3.076971 -1.063749 2.267059 -1.09888 3.082941 -1.09888 3.082941 -1.09888 2.267059 -1.09888 3.09268 -1.133676 3.09268 -1.133676 2.267059 -1.09888 2.25732 -1.133676 3.09268 -1.133676 2.25732 -1.133676 2.22773 -1.200477 2.188644 -1.26093 3.161356 -1.26093 2.22773 -1.200477 2.22773 -1.200477 3.161356 -1.26093 3.12227 -1.200477 2.22773 -1.200477 3.12227 -1.200477 3.09268 -1.133676 0 0 0.132438 0 0 0.3 0 0.3 0.132438 0 0.132438 0.3 0 0 0.03159999 0 0 0.3 0 0.3 0.03159999 0 0.03159999 0.3 0.03159999 0.3 0.03159999 0 0.06320101 0 0.03159999 0.3 0.06320101 0 0.06320101 0.3 0.06320101 0.3 0.06320101 0 0.126401 0 0.06320101 0.3 0.126401 0 0.126401 0.3 0.126401 0.3 0.126401 0 0.252803 0 0.126401 0.3 0.252803 0 0.252803 0.3 0.252803 0.3 0.252803 0 0.316003 0 0.252803 0.3 0.316003 0 0.316003 0.3 0.316003 0.3 0.316003 0 0.379204 0 0.316003 0.3 0.379204 0 0.379204 0.3 0.379204 0.3 0.379204 0 0.410804 0 0.379204 0.3 0.410804 0 0.410804 0.3 0.410804 0.3 0.410804 0 0.442404 0 0.410804 0.3 0.442404 0 0.442404 0.3 0.442404 0.3 0.442404 0 0.474005 0 0.442404 0.3 0.474005 0 0.474005 0.3 0.474005 0.3 0.474005 0 0.489805 0 0.474005 0.3 0.489805 0 0.489805 0.3 0.489805 0.3 0.489805 0 0.505605 0 0.489805 0.3 0.505605 0 0.505605 0.3 -0.3 -0.864786 0 -0.864786 -0.3 -0.720655 -0.3 -0.720655 0 -0.864786 0 -0.720655 -0.3 -0.720655 0 -0.720655 0 -0.576524 -0.3 -0.720655 0 -0.576524 -0.3 -0.576524 -0.3 -0.576524 0 -0.576524 0 -0.432393 -0.3 -0.576524 0 -0.432393 -0.3 -0.432393 0.3 0 0 0 0.3 -0.103394 0.3 -0.103394 0 0 0 -0.103394 0.3 -0.103394 0 -0.103394 0.3 -0.206788 0.3 -0.206788 0 -0.103394 0 -0.206788 0.3 -0.206788 0 -0.206788 0.3 -0.310182 0.3 -0.310182 0 -0.206788 0 -0.310182 0.3 -0.310182 0 -0.310182 0 -0.413576 0 -0.413576 0.3 -0.413576 0.3 -0.310182 0 0 0.163585 0 0 0.3 0 0.3 0.163585 0 0.163585 0.3 0 0 0.1287389 0 0 0.3 0 0.3 0.1287389 0 0.1287389 0.3 0 0 0.240265 0 0 0.3 0 0.3 0.240265 0 0.240265 0.3 0.3 0 0 0 0.3 -0.103394 0.3 -0.103394 0 0 0 -0.103394 0.3 -0.103394 0 -0.103394 0.3 -0.206788 0.3 -0.206788 0 -0.103394 0 -0.206788 0.3 -0.206788 0 -0.206788 0.3 -0.310182 0.3 -0.310182 0 -0.206788 0 -0.310182 0.3 -0.310182 0 -0.310182 0 -0.413576 0 -0.413576 0.3 -0.413576 0.3 -0.310182 -0.3 -0.432393 0 -0.432393 -0.3 -0.288262 -0.3 -0.288262 0 -0.432393 0 -0.288262 -0.3 -0.288262 0 -0.288262 0 -0.144131 -0.3 -0.288262 0 -0.144131 -0.3 -0.144131 -0.3 -0.144131 0 -0.144131 0 0 -0.3 -0.144131 0 0 -0.3 0 -0.505535 0 -0.489737 0 -0.505535 0.3 -0.505535 0.3 -0.489737 0 -0.489737 0.3 -0.489737 0.3 -0.489737 0 -0.473939 0 -0.489737 0.3 -0.473939 0 -0.473939 0.3 -0.473939 0.3 -0.473939 0 -0.442343 0 -0.473939 0.3 -0.442343 0 -0.442343 0.3 -0.442343 0.3 -0.442343 0 -0.410747 0 -0.442343 0.3 -0.410747 0 -0.410747 0.3 -0.410747 0.3 -0.410747 0 -0.379151 0 -0.410747 0.3 -0.379151 0 -0.379151 0.3 -0.379151 0.3 -0.379151 0 -0.315959 0 -0.379151 0.3 -0.315959 0 -0.315959 0.3 -0.315959 0.3 -0.315959 0 -0.252768 0 -0.315959 0.3 -0.252768 0 -0.252768 0.3 -0.252768 0.3 -0.252768 0 -0.126384 0 -0.252768 0.3 -0.126384 0 -0.126384 0.3 -0.126384 0.3 -0.126384 0 -0.063192 0 -0.126384 0.3 -0.063192 0 -0.063192 0.3 -0.063192 0.3 -0.063192 0 -0.031596 0 -0.063192 0.3 -0.031596 0 -0.031596 0.3 -0.031596 0.3 -0.031596 0 0 0 -0.031596 0.3 0 0 0 0.3 2.331854 -0.305315 2.369243 -0.37081 2.439549 -0.2282339 2.439549 -0.2282339 2.369243 -0.37081 2.421785 -0.424911 2.439549 -0.2282339 2.421785 -0.424911 2.486158 -0.464199 2.439549 -0.2282339 2.486158 -0.464199 2.590682 -0.165633 2.590682 -0.165633 2.486158 -0.464199 2.558296 -0.486191 2.590682 -0.165633 2.558296 -0.486191 2.633639 -0.489498 2.633639 -0.489498 2.707427 -0.47391 2.590682 -0.165633 2.590682 -0.165633 2.707427 -0.47391 2.716968 -0.470513 2.590682 -0.165633 2.716968 -0.470513 2.742615 -0.463235 2.710645 -0.472885 2.713826 -0.471753 2.707427 -0.47391 2.707427 -0.47391 2.713826 -0.471753 2.716968 -0.470513 2.590682 -0.165633 2.742615 -0.463235 2.689925 -0.137468 2.689925 -0.137468 2.742615 -0.463235 2.769248 -0.462057 2.689925 -0.137468 2.769248 -0.462057 2.792986 -0.132912 2.792986 -0.132912 2.769248 -0.462057 2.894326 -0.152209 2.894326 -0.152209 2.769248 -0.462057 2.795438 -0.467044 2.894326 -0.152209 2.795438 -0.467044 2.988501 -0.194323 2.988501 -0.194323 2.795438 -0.467044 2.819775 -0.477927 2.988501 -0.194323 2.819775 -0.477927 3.117701 -0.257862 3.117701 -0.257862 2.819775 -0.477927 3.03288 -0.578547 3.117701 -0.257862 3.03288 -0.578547 3.255342 -0.300107 3.255342 -0.300107 3.03288 -0.578547 3.261218 -0.636856 3.255342 -0.300107 3.261218 -0.636856 3.397942 -0.319989 3.397942 -0.319989 3.261218 -0.636856 3.496475 -0.650729 3.397942 -0.319989 3.496475 -0.650729 3.482869 -0.318779 3.482869 -0.318779 3.496475 -0.650729 3.539498 -0.315832 3.539498 -0.315832 3.496475 -0.650729 3.730084 -0.619662 3.539498 -0.315832 3.730084 -0.619662 3.616378 -0.306331 3.616378 -0.306331 3.730084 -0.619662 3.730787 -0.272185 3.730787 -0.272185 3.730084 -0.619662 3.953538 -0.544787 3.730787 -0.272185 3.953538 -0.544787 3.795536 -0.2428849 3.795536 -0.2428849 3.953538 -0.544787 3.883815 -0.197063 3.883815 -0.197063 3.953538 -0.544787 3.945348 -0.163116 3.945348 -0.163116 3.953538 -0.544787 4.02786 -0.116301 4.02786 -0.116301 3.953538 -0.544787 4.146382 -0.04768496 4.146382 -0.04768496 3.953538 -0.544787 4.228126 1.51e-4 4.228126 1.51e-4 3.953538 -0.544787 5.03979 -0.06115698 4.228126 1.51e-4 5.03979 -0.06115698 4.333969 0.06244599 4.333969 0.06244599 5.03979 -0.06115698 4.877095 0.304262 4.877095 0.304262 5.03979 -0.06115698 5.19375 0.02683895 4.877095 0.304262 5.19375 0.02683895 4.961469 0.352485 4.961469 0.352485 5.19375 0.02683895 5.327076 0.143763 4.961469 0.352485 5.327076 0.143763 5.034535 0.416562 5.034535 0.416562 5.327076 0.143763 5.434415 0.28492 5.034535 0.416562 5.434415 0.28492 5.093359 0.493919 5.093359 0.493919 5.434415 0.28492 5.688917 0.700231 5.093359 0.493919 5.688917 0.700231 5.347861 0.90923 5.347861 0.90923 5.688917 0.700231 5.772983 0.879997 5.347861 0.90923 5.772983 0.879997 5.393931 1.007746 5.393931 1.007746 5.772983 0.879997 5.814878 1.073975 5.393931 1.007746 5.814878 1.073975 5.416891 1.114051 5.416891 1.114051 5.814878 1.073975 5.415586 1.222799 5.415586 1.222799 5.814878 1.073975 5.812497 1.272412 5.415586 1.222799 5.812497 1.272412 5.390082 1.328522 5.390082 1.328522 5.812497 1.272412 5.765959 1.46533 5.390082 1.328522 5.765959 1.46533 5.110426 2.096868 5.110426 2.096868 5.765959 1.46533 5.486303 2.233676 5.110426 2.096868 5.486303 2.233676 5.062006 2.19425 5.062006 2.19425 5.486303 2.233676 5.397949 2.411373 5.062006 2.19425 5.397949 2.411373 4.993104 2.278395 4.993104 2.278395 5.397949 2.411373 5.27222 2.564916 4.993104 2.278395 5.27222 2.564916 4.907185 2.345071 4.907185 2.345071 5.27222 2.564916 5.115439 2.686582 4.907185 2.345071 5.115439 2.686582 4.808568 2.390925 4.808568 2.390925 5.115439 2.686582 4.93549 2.770255 4.808568 2.390925 4.93549 2.770255 4.346651 2.545481 4.346651 2.545481 4.93549 2.770255 4.473573 2.92481 4.346651 2.545481 4.473573 2.92481 4.251865 2.566928 4.251865 2.566928 4.473573 2.92481 4.300613 2.963947 4.251865 2.566928 4.300613 2.963947 4.154706 2.569048 4.154706 2.569048 4.300613 2.963947 4.123322 2.967815 4.154706 2.569048 4.123322 2.967815 3.94882 2.93626 2.805831 2.608513 3.48758 2.387882 3.94882 2.93626 3.94882 2.93626 3.48758 2.387882 4.059074 2.551755 3.94882 2.93626 4.059074 2.551755 4.154706 2.569048 2.586526 2.522237 2.810419 2.256506 2.805831 2.608513 2.805831 2.608513 2.810419 2.256506 2.878853 2.275681 2.805831 2.608513 2.878853 2.275681 2.975932 2.297324 2.810419 2.256506 2.586526 2.522237 2.700828 2.209123 2.700828 2.209123 2.586526 2.522237 2.387602 2.395875 2.700828 2.209123 2.387602 2.395875 2.635827 2.166984 2.635827 2.166984 2.387602 2.395875 2.590553 2.132841 2.590553 2.132841 2.387602 2.395875 2.524717 2.079177 2.524717 2.079177 2.387602 2.395875 2.216302 2.234027 2.524717 2.079177 2.216302 2.234027 2.428259 1.972286 2.428259 1.972286 2.216302 2.234027 2.078865 2.042587 2.428259 1.972286 2.078865 2.042587 2.349974 1.85145 2.349974 1.85145 2.078865 2.042587 1.980294 1.828527 2.349974 1.85145 1.980294 1.828527 2.291843 1.719728 2.291843 1.719728 1.980294 1.828527 1.968646 1.804546 2.291843 1.719728 1.968646 1.804546 2.246772 1.626933 2.246772 1.626933 1.968646 1.804546 1.95179 1.783892 2.246772 1.626933 1.95179 1.783892 2.181544 1.54701 2.181544 1.54701 1.95179 1.783892 1.93063 1.767674 2.181544 1.54701 1.93063 1.767674 2.099666 1.484254 2.099666 1.484254 1.93063 1.767674 1.906305 1.756764 2.099666 1.484254 1.906305 1.756764 2.005538 1.442037 2.005538 1.442037 1.906305 1.756764 1.839461 1.735688 2.005538 1.442037 1.839461 1.735688 1.774841 1.706531 1.774841 1.706531 1.718867 1.663023 2.005538 1.442037 2.005538 1.442037 1.718867 1.663023 1.674666 1.607596 2.005538 1.442037 1.674666 1.607596 1.776394 1.369789 1.776394 1.369789 1.674666 1.607596 1.644705 1.543345 1.776394 1.369789 1.644705 1.543345 1.630657 1.473857 1.630657 1.473857 1.633308 1.403012 1.776394 1.369789 1.776394 1.369789 1.633308 1.403012 1.652509 1.334768 2.975932 2.297324 3.04489 2.310872 2.805831 2.608513 2.805831 2.608513 3.04489 2.310872 3.13819 2.328047 2.805831 2.608513 3.13819 2.328047 3.273089 2.351669 3.273089 2.351669 3.366456 2.367568 2.805831 2.608513 2.805831 2.608513 3.366456 2.367568 3.48758 2.387882 0 0 0 -0.07106 0.3 0 0.3 0 0 -0.07106 0.8 -0.07106 0.3 0 0.8 -0.07106 0.8 0 0.8 -0.07106 0 -0.07106 0.8 -0.14212 0.8 -0.14212 0 -0.07106 0 -0.14212 0.8 -0.14212 0 -0.14212 0.8 -0.21318 0.8 -0.21318 0 -0.14212 0 -0.21318 0.8 -0.21318 0 -0.21318 0.8 -0.284239 0.8 -0.284239 0 -0.21318 0 -0.284239 0.8 -0.284239 0 -0.284239 0.8 -0.355299 0.8 -0.355299 0 -0.284239 0 -0.355299 0.8 -0.355299 0 -0.355299 0.8 -0.426359 0.8 -0.426359 0 -0.355299 0 -0.426359 0.8 -0.426359 0 -0.426359 0.8 -0.497419 0.8 -0.497419 0 -0.426359 0 -0.497419 -0.07008796 0 0 0 -0.07008796 0.8 -0.07008796 0.8 0 0 0 0.8 -0.8 -0.106879 0 -0.106879 -0.4 -0.080159 -0.4 -0.080159 0 -0.106879 0 -0.080159 -0.4 -0.080159 0 -0.080159 -0.4 -0.05343997 -0.4 -0.05343997 0 -0.080159 0 -0.05343997 -0.4 -0.05343997 0 -0.05343997 -0.4 -0.02671998 -0.4 -0.02671998 0 -0.05343997 0 -0.02671998 -0.4 -0.02671998 0 -0.02671998 0 0 0 0 -0.8 0 -0.4 -0.02671998 -0.4 -0.02671998 -0.8 0 -0.8 -0.02671998 -0.4 -0.02671998 -0.8 -0.02671998 -0.4 -0.05343997 -0.4 -0.05343997 -0.8 -0.02671998 -0.8 -0.05343997 -0.4 -0.05343997 -0.8 -0.05343997 -0.4 -0.080159 -0.4 -0.080159 -0.8 -0.05343997 -0.8 -0.080159 -0.4 -0.080159 -0.8 -0.080159 -0.8 -0.106879 0.8 0 0 0 0.8 -0.236024 0.8 -0.236024 0 0 0 -0.236024 0.8 -0.236024 0 -0.236024 0.8 -0.472049 0.8 -0.472049 0 -0.236024 0 -0.472049 0.8 -0.472049 0 -0.472049 0.8 -0.708073 0.8 -0.708073 0 -0.472049 0 -0.708073 0.8 -0.708073 0 -0.708073 0.8 -0.944098 0.8 -0.944098 0 -0.708073 0 -0.944098 0.8 -0.944098 0 -0.944098 0.8 -1.180122 0.8 -1.180122 0 -0.944098 0 -1.180122 -1.189051 0 0 0 -1.189051 0.8 -1.189051 0.8 0 0 0 0.8 0.8 0 0 0 0.8 -0.177631 0.8 -0.177631 0 0 0 -0.177631 0.8 -0.177631 0 -0.177631 0.8 -0.355262 0.8 -0.355262 0 -0.177631 0 -0.355262 0.8 -0.355262 0 -0.355262 0.8 -0.532893 0.8 -0.532893 0 -0.355262 0 -0.532893 -0.487088 0 0 0 -0.487088 0.8 -0.487088 0.8 0 0 0 0.8 0.8 0 0 0 0.8 -0.198869 0.8 -0.198869 0 0 0 -0.198869 0.8 -0.198869 0 -0.198869 0.8 -0.397739 0.8 -0.397739 0 -0.198869 0 -0.397739 0.8 -0.397739 0 -0.397739 0.8 -0.596608 0.8 -0.596608 0 -0.397739 0 -0.596608 0.8 -0.596608 0 -0.596608 0.8 -0.795477 0.8 -0.795477 0 -0.596608 0 -0.795477 -0.817657 0 0 0 -0.817657 0.8 -0.817657 0.8 0 0 0 0.8 0.8 0 0 0 0.8 -0.198869 0.8 -0.198869 0 0 0 -0.198869 0.8 -0.198869 0 -0.198869 0.8 -0.397739 0.8 -0.397739 0 -0.198869 0 -0.397739 0.8 -0.397739 0 -0.397739 0.8 -0.596608 0.8 -0.596608 0 -0.397739 0 -0.596608 0.8 -0.596608 0 -0.596608 0.8 -0.795477 0.8 -0.795477 0 -0.596608 0 -0.795477 -0.487088 0 0 0 -0.487088 0.8 -0.487088 0.8 0 0 0 0.8 0.8 0 0 0 0.8 -0.177631 0.8 -0.177631 0 0 0 -0.177631 0.8 -0.177631 0 -0.177631 0.8 -0.355262 0.8 -0.355262 0 -0.177631 0 -0.355262 0.8 -0.355262 0 -0.355262 0.8 -0.532893 0.8 -0.532893 0 -0.355262 0 -0.532893 -1.189051 0 0 0 -1.189051 0.8 -1.189051 0.8 0 0 0 0.8 0.8 0 0 0 0.8 -0.236024 0.8 -0.236024 0 0 0 -0.236024 0.8 -0.236024 0 -0.236024 0.8 -0.472049 0.8 -0.472049 0 -0.236024 0 -0.472049 0.8 -0.472049 0 -0.472049 0.8 -0.708073 0.8 -0.708073 0 -0.472049 0 -0.708073 0.8 -0.708073 0 -0.708073 0.8 -0.944098 0.8 -0.944098 0 -0.708073 0 -0.944098 0.8 -0.944098 0 -0.944098 0.8 -1.180122 0.8 -1.180122 0 -0.944098 0 -1.180122 -0.8 -0.106879 0 -0.106879 -0.4 -0.080159 -0.4 -0.080159 0 -0.106879 0 -0.080159 -0.4 -0.080159 0 -0.080159 -0.4 -0.05343997 -0.4 -0.05343997 0 -0.080159 0 -0.05343997 -0.4 -0.05343997 0 -0.05343997 -0.4 -0.02671998 -0.4 -0.02671998 0 -0.05343997 0 -0.02671998 -0.4 -0.02671998 0 -0.02671998 0 0 0 0 -0.8 0 -0.4 -0.02671998 -0.4 -0.02671998 -0.8 0 -0.8 -0.02671998 -0.4 -0.02671998 -0.8 -0.02671998 -0.4 -0.05343997 -0.4 -0.05343997 -0.8 -0.02671998 -0.8 -0.05343997 -0.4 -0.05343997 -0.8 -0.05343997 -0.4 -0.080159 -0.4 -0.080159 -0.8 -0.05343997 -0.8 -0.080159 -0.4 -0.080159 -0.8 -0.080159 -0.8 -0.106879 0.8 0 0 0 0.8 -0.00337696 0.8 -0.00337696 0 0 0 -0.00337696 0.8 -0.00337696 0 -0.00337696 0.8 -0.006754994 0.8 -0.006754994 0 -0.00337696 0 -0.006754994 0.8 -0.006754994 0 -0.006754994 0.8 -0.01013195 0.8 -0.01013195 0 -0.006754994 0 -0.01013195 0.8 0 0 0 0.8 -0.075616 0.8 -0.075616 0 0 0 -0.075616 0.8 -0.075616 0 -0.075616 0.8 -0.151231 0.8 -0.151231 0 -0.075616 0 -0.151231 0.8 -0.151231 0 -0.151231 0.8 -0.2268469 0.8 -0.2268469 0 -0.151231 0 -0.2268469 0.8 -0.2268469 0 -0.2268469 0.8 -0.302463 0.8 -0.302463 0 -0.2268469 0 -0.302463 0.8 -0.302463 0 -0.302463 0.8 -0.378079 0.8 -0.378079 0 -0.302463 0 -0.378079 0.8 -0.378079 0 -0.378079 0.3 -0.453694 0.3 -0.453694 0 -0.378079 0 -0.453694 0.3 -0.453694 0.8 -0.453694 0.8 -0.378079 -0.141421 0.3 0 0.3 -0.141421 0.8 -0.141421 0.8 0 0.3 0 0.8 -0.129884 0.3 0 0.3 -0.129884 0.8 -0.129884 0.8 0 0.3 0 0.8 4.2 0.472679 0.5 0.472679 4.2 0.315119 4.2 0.315119 0.5 0.472679 0.5 0.315119 4.2 0.315119 0.5 0.315119 4.2 0.15756 4.2 0.15756 0.5 0.315119 0.5 0.15756 4.2 0.15756 0.5 0.15756 0.5 0 0.5 0 4.2 0 4.2 0.15756 -0.487088 0.5 0 0.5 -0.487088 4.2 -0.487088 4.2 0 0.5 0 4.2 4.2 0.705593 0.5 0.705593 4.2 0.529195 4.2 0.529195 0.5 0.705593 0.5 0.529195 4.2 0.529195 0.5 0.529195 4.2 0.352796 4.2 0.352796 0.5 0.529195 0.5 0.352796 4.2 0.352796 0.5 0.352796 4.2 0.176398 4.2 0.176398 0.5 0.352796 0.5 0.176398 4.2 0.176398 0.5 0.176398 0.5 0 0.5 0 4.2 0 4.2 0.176398 -1.675213 0 -0.08288395 0 -1.675213 0.5 -1.675213 0.5 -0.08288395 0 -0.08288395 0.5 1.820939 -0.751527 0.729061 -0.751527 1.768595 -0.801011 1.768595 -0.801011 0.729061 -0.751527 0.781405 -0.801011 1.768595 -0.801011 0.781405 -0.801011 0.823926 -0.858172 0.841618 -0.890163 1.708382 -0.890163 0.823926 -0.858172 0.823926 -0.858172 1.708382 -0.890163 1.726074 -0.858172 0.823926 -0.858172 1.726074 -0.858172 1.768595 -0.801011 0.841618 -0.890163 0.855952 -0.923752 1.708382 -0.890163 1.708382 -0.890163 0.855952 -0.923752 1.694048 -0.923752 1.694048 -0.923752 0.855952 -0.923752 1.683613 -0.958461 1.683613 -0.958461 0.855952 -0.923752 0.866387 -0.958461 1.683613 -0.958461 0.866387 -0.958461 1.677228 -0.993674 1.677228 -0.993674 0.866387 -0.958461 0.872772 -0.993674 1.677228 -0.993674 0.872772 -0.993674 0.874999 -1.028754 0.873029 -1.063749 1.676971 -1.063749 0.874999 -1.028754 0.874999 -1.028754 1.676971 -1.063749 1.675001 -1.028754 0.874999 -1.028754 1.675001 -1.028754 1.677228 -0.993674 0.873029 -1.063749 0.867059 -1.09888 1.676971 -1.063749 1.676971 -1.063749 0.867059 -1.09888 1.682941 -1.09888 1.682941 -1.09888 0.867059 -1.09888 1.69268 -1.133676 1.69268 -1.133676 0.867059 -1.09888 0.85732 -1.133676 1.69268 -1.133676 0.85732 -1.133676 0.82773 -1.200477 0.788644 -1.26093 1.761356 -1.26093 0.82773 -1.200477 0.82773 -1.200477 1.761356 -1.26093 1.72227 -1.200477 0.82773 -1.200477 1.72227 -1.200477 1.69268 -1.133676 0 0 0.3 0 0 0.5 0 0.5 0.3 0 0.3 0.5 -0.5 -0.596903 0 -0.596903 -0.5 -0.547161 -0.5 -0.547161 0 -0.596903 0 -0.547161 -0.5 -0.547161 0 -0.547161 -0.5 -0.497419 -0.5 -0.497419 0 -0.547161 0 -0.497419 -0.5 -0.497419 0 -0.497419 -0.5 -0.447677 -0.5 -0.447677 0 -0.497419 0 -0.447677 -0.5 -0.447677 0 -0.447677 -0.5 -0.397935 -0.5 -0.397935 0 -0.447677 0 -0.397935 -0.5 -0.397935 0 -0.397935 -0.5 -0.348193 -0.5 -0.348193 0 -0.397935 0 -0.348193 -0.5 -0.348193 0 -0.348193 -0.5 -0.298451 -0.5 -0.298451 0 -0.348193 0 -0.298451 -0.5 -0.298451 0 -0.298451 -0.5 -0.248709 -0.5 -0.248709 0 -0.298451 0 -0.248709 -0.5 -0.248709 0 -0.248709 -0.5 -0.1989679 -0.5 -0.1989679 0 -0.248709 0 -0.1989679 -0.5 -0.1989679 0 -0.1989679 -0.5 -0.149226 -0.5 -0.149226 0 -0.1989679 0 -0.149226 -0.5 -0.149226 0 -0.149226 -0.5 -0.09948396 -0.5 -0.09948396 0 -0.149226 0 -0.09948396 -0.5 -0.09948396 0 -0.09948396 -0.5 -0.04974198 -0.5 -0.04974198 0 -0.09948396 0 -0.04974198 -0.5 -0.04974198 0 -0.04974198 0 0 0 0 -0.5 0 -0.5 -0.04974198 0 0 0.3 0 0 0.5 0 0.5 0.3 0 0.3 0.5 -0.5 -0.596903 0 -0.596903 -0.5 -0.547161 -0.5 -0.547161 0 -0.596903 0 -0.547161 -0.5 -0.547161 0 -0.547161 -0.5 -0.497419 -0.5 -0.497419 0 -0.547161 0 -0.497419 -0.5 -0.497419 0 -0.497419 -0.5 -0.447677 -0.5 -0.447677 0 -0.497419 0 -0.447677 -0.5 -0.447677 0 -0.447677 -0.5 -0.397935 -0.5 -0.397935 0 -0.447677 0 -0.397935 -0.5 -0.397935 0 -0.397935 -0.5 -0.348193 -0.5 -0.348193 0 -0.397935 0 -0.348193 -0.5 -0.348193 0 -0.348193 -0.5 -0.298451 -0.5 -0.298451 0 -0.348193 0 -0.298451 -0.5 -0.298451 0 -0.298451 -0.5 -0.248709 -0.5 -0.248709 0 -0.298451 0 -0.248709 -0.5 -0.248709 0 -0.248709 -0.5 -0.1989679 -0.5 -0.1989679 0 -0.248709 0 -0.1989679 -0.5 -0.1989679 0 -0.1989679 -0.5 -0.149226 -0.5 -0.149226 0 -0.1989679 0 -0.149226 -0.5 -0.149226 0 -0.149226 -0.5 -0.09948396 -0.5 -0.09948396 0 -0.149226 0 -0.09948396 -0.5 -0.09948396 0 -0.09948396 -0.5 -0.04974198 -0.5 -0.04974198 0 -0.09948396 0 -0.04974198 -0.5 -0.04974198 0 -0.04974198 0 0 0 0 -0.5 0 -0.5 -0.04974198 0 0 0.3 0 0 0.5 0 0.5 0.3 0 0.3 0.5 -0.5 -0.596903 0 -0.596903 -0.5 -0.547161 -0.5 -0.547161 0 -0.596903 0 -0.547161 -0.5 -0.547161 0 -0.547161 -0.5 -0.497419 -0.5 -0.497419 0 -0.547161 0 -0.497419 -0.5 -0.497419 0 -0.497419 -0.5 -0.447677 -0.5 -0.447677 0 -0.497419 0 -0.447677 -0.5 -0.447677 0 -0.447677 -0.5 -0.397935 -0.5 -0.397935 0 -0.447677 0 -0.397935 -0.5 -0.397935 0 -0.397935 -0.5 -0.348193 -0.5 -0.348193 0 -0.397935 0 -0.348193 -0.5 -0.348193 0 -0.348193 -0.5 -0.298451 -0.5 -0.298451 0 -0.348193 0 -0.298451 -0.5 -0.298451 0 -0.298451 -0.5 -0.248709 -0.5 -0.248709 0 -0.298451 0 -0.248709 -0.5 -0.248709 0 -0.248709 -0.5 -0.1989679 -0.5 -0.1989679 0 -0.248709 0 -0.1989679 -0.5 -0.1989679 0 -0.1989679 -0.5 -0.149226 -0.5 -0.149226 0 -0.1989679 0 -0.149226 -0.5 -0.149226 0 -0.149226 -0.5 -0.09948396 -0.5 -0.09948396 0 -0.149226 0 -0.09948396 -0.5 -0.09948396 0 -0.09948396 -0.5 -0.04974198 -0.5 -0.04974198 0 -0.09948396 0 -0.04974198 -0.5 -0.04974198 0 -0.04974198 0 0 0 0 -0.5 0 -0.5 -0.04974198 0 0 0.3 0 0 0.5 0 0.5 0.3 0 0.3 0.5 -0.5 0.596903 0 0.596903 -0.5 0.646644 -0.5 0.646644 0 0.596903 0 0.646644 -0.5 0.646644 0 0.646644 -0.5 0.696386 -0.5 0.696386 0 0.646644 0 0.696386 -0.5 0.696386 0 0.696386 -0.5 0.746128 -0.5 0.746128 0 0.696386 0 0.746128 -0.5 0.746128 0 0.746128 -0.5 0.79587 -0.5 0.79587 0 0.746128 0 0.79587 -0.5 0.79587 0 0.79587 -0.5 0.845612 -0.5 0.845612 0 0.79587 0 0.845612 -0.5 0.845612 0 0.845612 -0.5 0.895354 -0.5 0.895354 0 0.845612 0 0.895354 -0.5 0.895354 0 0.895354 -0.5 0.945096 -0.5 0.945096 0 0.895354 0 0.945096 -0.5 0.945096 0 0.945096 -0.5 0.994838 -0.5 0.994838 0 0.945096 0 0.994838 -0.5 0.994838 0 0.994838 -0.5 1.04458 -0.5 1.04458 0 0.994838 0 1.04458 -0.5 1.04458 0 1.04458 -0.5 1.094321 -0.5 1.094321 0 1.04458 0 1.094321 -0.5 1.094321 0 1.094321 -0.5 1.144063 -0.5 1.144063 0 1.094321 0 1.144063 -0.5 1.144063 0 1.144063 0 1.193805 0 1.193805 -0.5 1.193805 -0.5 1.144063 0 0 0.3 0 0 0.5 0 0.5 0.3 0 0.3 0.5 -0.5 -0.596903 0 -0.596903 -0.5 -0.547161 -0.5 -0.547161 0 -0.596903 0 -0.547161 -0.5 -0.547161 0 -0.547161 -0.5 -0.497419 -0.5 -0.497419 0 -0.547161 0 -0.497419 -0.5 -0.497419 0 -0.497419 -0.5 -0.447677 -0.5 -0.447677 0 -0.497419 0 -0.447677 -0.5 -0.447677 0 -0.447677 -0.5 -0.397935 -0.5 -0.397935 0 -0.447677 0 -0.397935 -0.5 -0.397935 0 -0.397935 -0.5 -0.348193 -0.5 -0.348193 0 -0.397935 0 -0.348193 -0.5 -0.348193 0 -0.348193 -0.5 -0.298451 -0.5 -0.298451 0 -0.348193 0 -0.298451 -0.5 -0.298451 0 -0.298451 -0.5 -0.248709 -0.5 -0.248709 0 -0.298451 0 -0.248709 -0.5 -0.248709 0 -0.248709 -0.5 -0.1989679 -0.5 -0.1989679 0 -0.248709 0 -0.1989679 -0.5 -0.1989679 0 -0.1989679 -0.5 -0.149226 -0.5 -0.149226 0 -0.1989679 0 -0.149226 -0.5 -0.149226 0 -0.149226 -0.5 -0.09948396 -0.5 -0.09948396 0 -0.149226 0 -0.09948396 -0.5 -0.09948396 0 -0.09948396 -0.5 -0.04974198 -0.5 -0.04974198 0 -0.09948396 0 -0.04974198 -0.5 -0.04974198 0 -0.04974198 0 0 0 0 -0.5 0 -0.5 -0.04974198 0 0 0.3 0 0 0.5 0 0.5 0.3 0 0.3 0.5 -0.5 -0.596903 0 -0.596903 -0.5 -0.547161 -0.5 -0.547161 0 -0.596903 0 -0.547161 -0.5 -0.547161 0 -0.547161 -0.5 -0.497419 -0.5 -0.497419 0 -0.547161 0 -0.497419 -0.5 -0.497419 0 -0.497419 -0.5 -0.447677 -0.5 -0.447677 0 -0.497419 0 -0.447677 -0.5 -0.447677 0 -0.447677 -0.5 -0.397935 -0.5 -0.397935 0 -0.447677 0 -0.397935 -0.5 -0.397935 0 -0.397935 -0.5 -0.348193 -0.5 -0.348193 0 -0.397935 0 -0.348193 -0.5 -0.348193 0 -0.348193 -0.5 -0.298451 -0.5 -0.298451 0 -0.348193 0 -0.298451 -0.5 -0.298451 0 -0.298451 -0.5 -0.248709 -0.5 -0.248709 0 -0.298451 0 -0.248709 -0.5 -0.248709 0 -0.248709 -0.5 -0.1989679 -0.5 -0.1989679 0 -0.248709 0 -0.1989679 -0.5 -0.1989679 0 -0.1989679 -0.5 -0.149226 -0.5 -0.149226 0 -0.1989679 0 -0.149226 -0.5 -0.149226 0 -0.149226 -0.5 -0.09948396 -0.5 -0.09948396 0 -0.149226 0 -0.09948396 -0.5 -0.09948396 0 -0.09948396 -0.5 -0.04974198 -0.5 -0.04974198 0 -0.09948396 0 -0.04974198 -0.5 -0.04974198 0 -0.04974198 0 0 0 0 -0.5 0 -0.5 -0.04974198 0 0 0.3 0 0 0.5 0 0.5 0.3 0 0.3 0.5 -0.5 -0.596903 0 -0.596903 -0.5 -0.547161 -0.5 -0.547161 0 -0.596903 0 -0.547161 -0.5 -0.547161 0 -0.547161 -0.5 -0.497419 -0.5 -0.497419 0 -0.547161 0 -0.497419 -0.5 -0.497419 0 -0.497419 -0.5 -0.447677 -0.5 -0.447677 0 -0.497419 0 -0.447677 -0.5 -0.447677 0 -0.447677 -0.5 -0.397935 -0.5 -0.397935 0 -0.447677 0 -0.397935 -0.5 -0.397935 0 -0.397935 -0.5 -0.348193 -0.5 -0.348193 0 -0.397935 0 -0.348193 -0.5 -0.348193 0 -0.348193 -0.5 -0.298451 -0.5 -0.298451 0 -0.348193 0 -0.298451 -0.5 -0.298451 0 -0.298451 -0.5 -0.248709 -0.5 -0.248709 0 -0.298451 0 -0.248709 -0.5 -0.248709 0 -0.248709 -0.5 -0.1989679 -0.5 -0.1989679 0 -0.248709 0 -0.1989679 -0.5 -0.1989679 0 -0.1989679 -0.5 -0.149226 -0.5 -0.149226 0 -0.1989679 0 -0.149226 -0.5 -0.149226 0 -0.149226 -0.5 -0.09948396 -0.5 -0.09948396 0 -0.149226 0 -0.09948396 -0.5 -0.09948396 0 -0.09948396 -0.5 -0.04974198 -0.5 -0.04974198 0 -0.09948396 0 -0.04974198 -0.5 -0.04974198 0 -0.04974198 0 0 0 0 -0.5 0 -0.5 -0.04974198 0 0 0.3 0 0 0.5 0 0.5 0.3 0 0.3 0.5 -0.5 -0.596903 0 -0.596903 -0.5 -0.547161 -0.5 -0.547161 0 -0.596903 0 -0.547161 -0.5 -0.547161 0 -0.547161 -0.5 -0.497419 -0.5 -0.497419 0 -0.547161 0 -0.497419 -0.5 -0.497419 0 -0.497419 -0.5 -0.447677 -0.5 -0.447677 0 -0.497419 0 -0.447677 -0.5 -0.447677 0 -0.447677 -0.5 -0.397935 -0.5 -0.397935 0 -0.447677 0 -0.397935 -0.5 -0.397935 0 -0.397935 -0.5 -0.348193 -0.5 -0.348193 0 -0.397935 0 -0.348193 -0.5 -0.348193 0 -0.348193 -0.5 -0.298451 -0.5 -0.298451 0 -0.348193 0 -0.298451 -0.5 -0.298451 0 -0.298451 -0.5 -0.248709 -0.5 -0.248709 0 -0.298451 0 -0.248709 -0.5 -0.248709 0 -0.248709 -0.5 -0.1989679 -0.5 -0.1989679 0 -0.248709 0 -0.1989679 -0.5 -0.1989679 0 -0.1989679 -0.5 -0.149226 -0.5 -0.149226 0 -0.1989679 0 -0.149226 -0.5 -0.149226 0 -0.149226 -0.5 -0.09948396 -0.5 -0.09948396 0 -0.149226 0 -0.09948396 -0.5 -0.09948396 0 -0.09948396 -0.5 -0.04974198 -0.5 -0.04974198 0 -0.09948396 0 -0.04974198 -0.5 -0.04974198 0 -0.04974198 0 0 0 0 -0.5 0 -0.5 -0.04974198 0 4 0 0.3 0.05714994 2.15 0.05714994 2.15 0 0.3 0.08206099 0.3 0.05714994 2.15 0.08206099 0.3 0.1143 2.15 0.1143 2.15 0.08206099 0.3 0.1558189 0.3 0.1143 2.15 0.1558189 0.3 0.228601 2.15 0.228601 2.15 0.1558189 0.3 0.280489 0.3 0.228601 2.15 0.280489 0.3 0.342901 2.15 0.342901 2.15 0.280489 0.3 0.389898 0.3 0.342901 2.15 0.389898 0.3 0.457201 2.15 0.457201 2.15 0.389898 0.3 0.498203 0.3 0.457201 2.15 0.498203 0.3 0.571502 2.15 0.571502 2.15 0.498203 0.3 0.606326 0.3 0.571502 2.15 0.606326 0.3 0.685802 2.15 0.685802 2.15 0.606326 0.3 0.712288 0.3 0.685802 2.15 0.712288 0.3 0.800102 2.15 0.800102 2.15 0.712288 0.3 0.914403 0.3 0.800102 2.15 0.914403 0.3 0.914403 4 0.914403 4 0.800102 4 0.800102 2.15 0.800102 2.15 0.800102 4 0.685802 4 0.800102 2.15 0.685802 4 0.685802 2.15 0.685802 2.15 0.685802 4 0.571502 4 0.685802 2.15 0.571502 4 0.571502 2.15 0.571502 2.15 0.571502 4 0.457201 4 0.571502 2.15 0.457201 4 0.457201 2.15 0.457201 2.15 0.457201 4 0.342901 4 0.457201 2.15 0.342901 4 0.342901 2.15 0.342901 2.15 0.342901 4 0.228601 4 0.342901 2.15 0.228601 4 0.228601 2.15 0.228601 2.15 0.228601 4 0.1143 4 0.228601 2.15 0.1143 4 0.1143 2.15 0.1143 2.15 0.1143 4 0.05714994 4 0.1143 2.15 0.05714994 4 0.05714994 2.15 0.05714994 2.15 0.05714994 4 0 4 -0.63062 1.06605 -0.717341 1.670485 -0.754151 0.940936 -0.754151 0.940936 -0.717341 1.670485 -1.179258 1.51593 -0.754151 0.940936 -1.179258 1.51593 -0.767835 0.887258 -0.767835 0.887258 -1.179258 1.51593 -0.776173 0.852495 -0.776173 0.852495 -1.179258 1.51593 -0.785471 0.807947 -0.785471 0.807947 -1.179258 1.51593 -1.338874 1.441712 -0.785471 0.807947 -1.338874 1.441712 -0.791952 0.75128 -0.791952 0.75128 -1.338874 1.441712 -1.477939 1.333793 -0.791952 0.75128 -1.477939 1.333793 -0.789794 0.689652 -0.789794 0.689652 -1.477939 1.333793 -1.011119 0.01266396 -0.789794 0.689652 -1.011119 0.01266396 -0.979446 0.04184395 -0.63062 1.06605 -0.521291 1.183531 -0.717341 1.670485 -0.717341 1.670485 -0.521291 1.183531 -0.563924 1.7052 -0.563924 1.7052 -0.521291 1.183531 -0.42805 1.292364 -0.563924 1.7052 -0.42805 1.292364 -0.353003 1.391419 -0.563924 1.7052 -0.353003 1.391419 -0.406666 1.708631 -0.406666 1.708631 -0.353003 1.391419 -0.297856 1.479778 -0.406666 1.708631 -0.297856 1.479778 -0.263108 1.557172 -0.263108 1.557172 -0.248093 1.62396 -0.406666 1.708631 -0.406666 1.708631 -0.248093 1.62396 -0.247681 1.65354 -0.406666 1.708631 -0.247681 1.65354 -0.251881 1.680641 -1.477939 1.333793 -1.589461 1.1976 -1.011119 0.01266396 -1.011119 0.01266396 -1.589461 1.1976 -1.049684 -0.02438896 -1.049684 -0.02438896 -1.589461 1.1976 -1.667832 1.039982 -1.049684 -0.02438896 -1.667832 1.039982 -1.09095 -0.070212 -1.09095 -0.070212 -1.667832 1.039982 -1.122411 -0.117788 -1.122411 -0.117788 -1.667832 1.039982 -1.143923 -0.15789 -1.143923 -0.15789 -1.667832 1.039982 -1.947488 0.271635 -1.143923 -0.15789 -1.947488 0.271635 -1.159881 -0.189879 -1.159881 -0.189879 -1.947488 0.271635 -1.183902 -0.239795 -1.183902 -0.239795 -1.947488 0.271635 -1.988767 0.100516 -1.183902 -0.239795 -1.988767 0.100516 -1.990879 -0.07549798 -1.990879 -0.07549798 -1.953718 -0.2475579 -1.183902 -0.239795 -1.183902 -0.239795 -1.953718 -0.2475579 -1.879151 -0.407012 -1.183902 -0.239795 -1.879151 -0.407012 -1.624649 -0.822323 -1.529439 -0.94753 -1.161458 -0.575313 -1.624649 -0.822323 -1.624649 -0.822323 -1.161458 -0.575313 -1.169694 -0.415042 -1.624649 -0.822323 -1.169694 -0.415042 -1.183902 -0.239795 -1.161458 -0.575313 -1.529439 -0.94753 -1.159988 -0.718618 -1.159988 -0.718618 -1.529439 -0.94753 -1.411178 -1.051242 -1.159988 -0.718618 -1.411178 -1.051242 -1.166169 -0.842737 -1.166169 -0.842737 -1.411178 -1.051242 -1.18072 -0.945872 -1.18072 -0.945872 -1.411178 -1.051242 -1.20385 -1.027495 -1.20385 -1.027495 -1.411178 -1.051242 -1.235278 -1.088309 -1.235278 -1.088309 -1.411178 -1.051242 -1.253977 -1.111233 -1.253977 -1.111233 -1.411178 -1.051242 -1.274614 -1.129295 -0.789794 0.689652 -0.979446 0.04184395 -0.784069 0.636478 -0.784069 0.636478 -0.979446 0.04184395 -0.92936 0.08709996 -0.784069 0.636478 -0.92936 0.08709996 -0.778563 0.593767 -0.778563 0.593767 -0.92936 0.08709996 -0.769284 0.526904 -0.769284 0.526904 -0.92936 0.08709996 -0.861051 0.137186 -0.769284 0.526904 -0.861051 0.137186 -0.806321 0.201835 -0.806321 0.201835 -0.768196 0.277474 -0.769284 0.526904 -0.769284 0.526904 -0.768196 0.277474 -0.749151 0.444627 -0.749151 0.444627 -0.768196 0.277474 -0.748782 0.359924 -0.594525 0 0 0 -0.594525 0.3 -0.594525 0.3 0 0 0 0.3 0 -0.292037 0 -0.194691 -0.3 -0.292037 -0.3 -0.292037 0 -0.194691 -0.3 -0.194691 -0.3 -0.194691 0 -0.194691 -0.3 -0.097346 -0.3 -0.097346 0 -0.194691 0 -0.097346 -0.3 -0.097346 0 -0.097346 -0.3 0 -0.3 0 0 -0.097346 0 0 -0.487088 0 0 0 -0.487088 0.3 -0.487088 0.3 0 0 0 0.3 0 -0.43594 0 -0.326955 -0.3 -0.43594 -0.3 -0.43594 0 -0.326955 -0.3 -0.326955 -0.3 -0.326955 0 -0.326955 -0.3 -0.21797 -0.3 -0.21797 0 -0.326955 0 -0.21797 -0.3 -0.21797 0 -0.21797 -0.3 -0.108985 -0.3 -0.108985 0 -0.21797 0 -0.108985 -0.3 -0.108985 0 -0.108985 -0.3 0 -0.3 0 0 -0.108985 0 0 -0.817657 0 0 0 -0.817657 0.3 -0.817657 0.3 0 0 0 0.3 0 -0.43594 0 -0.326955 -0.3 -0.43594 -0.3 -0.43594 0 -0.326955 -0.3 -0.326955 -0.3 -0.326955 0 -0.326955 -0.3 -0.21797 -0.3 -0.21797 0 -0.326955 0 -0.21797 -0.3 -0.21797 0 -0.21797 -0.3 -0.108985 -0.3 -0.108985 0 -0.21797 0 -0.108985 -0.3 -0.108985 0 -0.108985 -0.3 0 -0.3 0 0 -0.108985 0 0 -0.487088 0 0 0 -0.487088 0.3 -0.487088 0.3 0 0 0 0.3 0 -0.292037 0 -0.194691 -0.3 -0.292037 -0.3 -0.292037 0 -0.194691 -0.3 -0.194691 -0.3 -0.194691 0 -0.194691 -0.3 -0.097346 -0.3 -0.097346 0 -0.194691 0 -0.097346 -0.3 -0.097346 0 -0.097346 -0.3 0 -0.3 0 0 -0.097346 0 0 -0.594525 0.3 -1.189051 0.3 -0.594525 0 -0.594525 0 -1.189051 0.3 -1.189051 0 -0.5 0.97913 0 0.97913 -0.5 1.068142 -0.5 1.068142 0 0.97913 0 1.068142 -0.5 -1.068142 0 -1.068142 -0.5 -0.97913 -0.5 -0.97913 0 -1.068142 0 -0.97913 -0.5 -0.97913 0 -0.97913 -0.5 -0.890118 -0.5 -0.890118 0 -0.97913 0 -0.890118 -0.5 -0.890118 0 -0.890118 -0.5 -0.801106 -0.5 -0.801106 0 -0.890118 0 -0.801106 -0.5 -0.801106 0 -0.801106 -0.5 -0.712094 -0.5 -0.712094 0 -0.801106 0 -0.712094 -0.5 -0.712094 0 -0.712094 -0.5 -0.623083 -0.5 -0.623083 0 -0.712094 0 -0.623083 -0.5 -0.623083 0 -0.623083 -0.5 -0.534071 -0.5 -0.534071 0 -0.623083 0 -0.534071 -0.5 -0.534071 0 -0.534071 -0.5 -0.445059 -0.5 -0.445059 0 -0.534071 0 -0.445059 -0.5 -0.445059 0 -0.445059 -0.5 -0.356047 -0.5 -0.356047 0 -0.445059 0 -0.356047 -0.5 -0.356047 0 -0.356047 -0.5 -0.267035 -0.5 -0.267035 0 -0.356047 0 -0.267035 -0.5 -0.267035 0 -0.267035 -0.5 -0.1780239 -0.5 -0.1780239 0 -0.267035 0 -0.1780239 -0.5 -0.1780239 0 -0.1780239 -0.5 -0.08901196 -0.5 -0.08901196 0 -0.1780239 0 -0.08901196 -0.5 -0.08901196 0 -0.08901196 -0.5 0 -0.5 0 0 -0.08901196 0 0 -0.5 0 0 0 -0.5 0.08901196 -0.5 0.08901196 0 0 0 0.08901196 -0.5 0.08901196 0 0.08901196 -0.5 0.1780239 -0.5 0.1780239 0 0.08901196 0 0.1780239 -0.5 0.1780239 0 0.1780239 -0.5 0.267035 -0.5 0.267035 0 0.1780239 0 0.267035 -0.5 0.267035 0 0.267035 -0.5 0.356047 -0.5 0.356047 0 0.267035 0 0.356047 -0.5 0.356047 0 0.356047 -0.5 0.445059 -0.5 0.445059 0 0.356047 0 0.445059 -0.5 0.445059 0 0.445059 -0.5 0.534071 -0.5 0.534071 0 0.445059 0 0.534071 -0.5 0.534071 0 0.534071 -0.5 0.623083 -0.5 0.623083 0 0.534071 0 0.623083 -0.5 0.623083 0 0.623083 -0.5 0.712094 -0.5 0.712094 0 0.623083 0 0.712094 -0.5 0.712094 0 0.712094 -0.5 0.801106 -0.5 0.801106 0 0.712094 0 0.801106 -0.5 0.801106 0 0.801106 -0.5 0.890118 -0.5 0.890118 0 0.801106 0 0.890118 -0.5 0.890118 0 0.890118 -0.5 0.97913 -0.5 0.97913 0 0.890118 0 0.97913 4.000696 2.13454 3.48758 2.387882 3.87391 1.862648 3.87391 1.862648 3.48758 2.387882 3.366456 2.367568 3.87391 1.862648 3.366456 2.367568 3.273089 2.351669 4.000696 2.13454 4.027346 2.176373 3.48758 2.387882 3.48758 2.387882 4.027346 2.176373 4.063915 2.209882 3.48758 2.387882 4.063915 2.209882 4.059074 2.551755 4.059074 2.551755 4.063915 2.209882 4.10791 2.232785 4.059074 2.551755 4.10791 2.232785 4.156334 2.24352 4.059074 2.551755 4.156334 2.24352 4.154706 2.569048 4.154706 2.569048 4.156334 2.24352 4.205887 2.241356 4.154706 2.569048 4.205887 2.241356 4.251865 2.566928 4.251865 2.566928 4.205887 2.241356 4.346651 2.545481 4.346651 2.545481 4.205887 2.241356 4.253192 2.226441 4.346651 2.545481 4.253192 2.226441 4.295024 2.199791 4.346651 2.545481 4.295024 2.199791 4.808568 2.390925 4.808568 2.390925 4.295024 2.199791 4.328533 2.163223 4.808568 2.390925 4.328533 2.163223 4.351436 2.119227 4.808568 2.390925 4.351436 2.119227 4.907185 2.345071 4.907185 2.345071 4.351436 2.119227 4.362171 2.070803 4.907185 2.345071 4.362171 2.070803 4.993104 2.278395 4.993104 2.278395 4.362171 2.070803 5.062006 2.19425 5.062006 2.19425 4.362171 2.070803 5.110426 2.096868 5.110426 2.096868 4.362171 2.070803 4.360008 2.02125 5.110426 2.096868 4.360008 2.02125 4.345093 1.973946 4.345093 1.973946 4.218307 1.702053 5.110426 2.096868 5.110426 2.096868 4.218307 1.702053 5.390082 1.328522 5.390082 1.328522 4.218307 1.702053 4.452897 1.057524 5.390082 1.328522 4.452897 1.057524 4.724789 0.930739 4.218307 1.702053 4.191657 1.660221 4.452897 1.057524 4.452897 1.057524 4.191657 1.660221 4.405592 1.072439 4.405592 1.072439 4.191657 1.660221 4.155088 1.626712 4.405592 1.072439 4.155088 1.626712 4.05529 1.340593 4.05529 1.340593 4.155088 1.626712 4.111092 1.603809 4.05529 1.340593 4.111092 1.603809 4.001258 1.411009 4.001258 1.411009 4.111092 1.603809 4.062668 1.593074 4.001258 1.411009 4.062668 1.593074 3.930841 1.465042 3.930841 1.465042 4.062668 1.593074 4.013115 1.595237 3.930841 1.465042 4.013115 1.595237 3.965811 1.610152 3.930841 1.465042 3.965811 1.610152 3.84884 1.499008 3.84884 1.499008 3.965811 1.610152 3.923979 1.636802 3.84884 1.499008 3.923979 1.636802 3.760841 1.510593 3.760841 1.510593 3.923979 1.636802 3.89047 1.673371 3.760841 1.510593 3.89047 1.673371 3.867567 1.717367 3.760841 1.510593 3.867567 1.717367 3.672843 1.499008 3.672843 1.499008 3.867567 1.717367 3.856832 1.765791 3.672843 1.499008 3.856832 1.765791 3.304722 1.56484 3.304722 1.56484 3.856832 1.765791 3.271213 1.601409 3.271213 1.601409 3.856832 1.765791 3.858995 1.815344 3.271213 1.601409 3.858995 1.815344 3.229381 1.628059 3.229381 1.628059 3.858995 1.815344 3.87391 1.862648 3.229381 1.628059 3.87391 1.862648 3.273089 2.351669 3.229381 1.628059 3.273089 2.351669 2.957489 1.754844 2.957489 1.754844 3.273089 2.351669 3.13819 2.328047 2.957489 1.754844 3.13819 2.328047 3.04489 2.310872 3.672843 1.499008 3.304722 1.56484 3.590841 1.465042 3.590841 1.465042 3.304722 1.56484 3.327625 1.520844 3.590841 1.465042 3.327625 1.520844 3.338361 1.47242 3.590841 1.465042 3.338361 1.47242 3.520425 1.411009 3.520425 1.411009 3.338361 1.47242 3.336197 1.422867 3.520425 1.411009 3.336197 1.422867 3.466393 1.340593 3.466393 1.340593 3.336197 1.422867 3.321282 1.375563 3.466393 1.340593 3.321282 1.375563 3.294632 1.333731 3.466393 1.340593 3.294632 1.333731 3.432427 1.258591 3.432427 1.258591 3.294632 1.333731 3.258063 1.300221 3.432427 1.258591 3.258063 1.300221 3.420841 1.170593 3.420841 1.170593 3.258063 1.300221 3.214067 1.277319 3.420841 1.170593 3.214067 1.277319 3.165643 1.266583 3.420841 1.170593 3.165643 1.266583 3.432427 1.082594 3.432427 1.082594 3.165643 1.266583 3.11609 1.268747 3.432427 1.082594 3.11609 1.268747 3.466393 1.000593 3.466393 1.000593 3.11609 1.268747 3.366594 0.714474 3.466393 1.000593 3.366594 0.714474 3.41059 0.737377 3.366594 0.714474 3.11609 1.268747 3.330026 0.680965 3.330026 0.680965 3.11609 1.268747 3.068786 1.283662 3.330026 0.680965 3.068786 1.283662 3.303375 0.639133 3.303375 0.639133 3.068786 1.283662 2.796894 1.410447 3.303375 0.639133 2.796894 1.410447 1.776615 1.296461 1.776615 1.296461 2.796894 1.410447 2.005538 1.442037 1.776615 1.296461 2.005538 1.442037 1.776394 1.369789 2.005538 1.442037 2.796894 1.410447 2.099666 1.484254 2.099666 1.484254 2.796894 1.410447 2.755062 1.437097 2.099666 1.484254 2.755062 1.437097 2.721552 1.473666 2.099666 1.484254 2.721552 1.473666 2.181544 1.54701 2.181544 1.54701 2.721552 1.473666 2.69865 1.517662 2.181544 1.54701 2.69865 1.517662 2.246772 1.626933 2.246772 1.626933 2.69865 1.517662 2.687914 1.566086 2.246772 1.626933 2.687914 1.566086 2.690078 1.615639 2.246772 1.626933 2.690078 1.615639 2.291843 1.719728 2.291843 1.719728 2.690078 1.615639 2.704993 1.662943 2.291843 1.719728 2.704993 1.662943 2.349974 1.85145 2.349974 1.85145 2.704993 1.662943 2.731643 1.704775 2.349974 1.85145 2.731643 1.704775 2.768212 1.738285 2.349974 1.85145 2.768212 1.738285 2.428259 1.972286 2.428259 1.972286 2.768212 1.738285 2.812207 1.761187 2.428259 1.972286 2.812207 1.761187 2.524717 2.079177 2.524717 2.079177 2.812207 1.761187 2.590553 2.132841 2.590553 2.132841 2.812207 1.761187 2.860632 1.771923 2.590553 2.132841 2.860632 1.771923 2.635827 2.166984 2.635827 2.166984 2.860632 1.771923 2.700828 2.209123 2.700828 2.209123 2.860632 1.771923 2.910184 1.769759 2.700828 2.209123 2.910184 1.769759 2.810419 2.256506 2.810419 2.256506 2.910184 1.769759 2.878853 2.275681 2.878853 2.275681 2.910184 1.769759 2.975932 2.297324 2.975932 2.297324 2.910184 1.769759 2.957489 1.754844 2.975932 2.297324 2.957489 1.754844 3.04489 2.310872 4.766621 0.904089 5.416891 1.114051 4.724789 0.930739 4.724789 0.930739 5.416891 1.114051 5.415586 1.222799 4.724789 0.930739 5.415586 1.222799 5.390082 1.328522 4.80013 0.86752 5.347861 0.90923 4.766621 0.904089 4.766621 0.904089 5.347861 0.90923 5.393931 1.007746 4.766621 0.904089 5.393931 1.007746 5.416891 1.114051 4.80013 0.86752 4.823033 0.823524 5.347861 0.90923 5.347861 0.90923 4.823033 0.823524 4.833768 0.7751 5.347861 0.90923 4.833768 0.7751 4.831605 0.725547 5.347861 0.90923 4.831605 0.725547 5.093359 0.493919 5.093359 0.493919 4.831605 0.725547 4.81669 0.678243 5.093359 0.493919 4.81669 0.678243 4.79004 0.63641 4.79004 0.63641 4.753471 0.602901 5.093359 0.493919 5.093359 0.493919 4.753471 0.602901 5.034535 0.416562 5.034535 0.416562 4.753471 0.602901 4.961469 0.352485 4.961469 0.352485 4.753471 0.602901 4.709475 0.579998 4.961469 0.352485 4.709475 0.579998 4.877095 0.304262 4.877095 0.304262 4.709475 0.579998 4.661051 0.569263 4.877095 0.304262 4.661051 0.569263 4.611498 0.571427 4.877095 0.304262 4.611498 0.571427 4.333969 0.06244599 4.333969 0.06244599 4.611498 0.571427 4.564194 0.586342 4.333969 0.06244599 4.564194 0.586342 4.292302 0.713127 4.250469 0.739777 3.662687 0.525842 4.292302 0.713127 4.292302 0.713127 3.662687 0.525842 3.647772 0.478538 4.292302 0.713127 3.647772 0.478538 4.333969 0.06244599 4.333969 0.06244599 3.647772 0.478538 4.228126 1.51e-4 4.228126 1.51e-4 3.647772 0.478538 3.520987 0.206645 4.228126 1.51e-4 3.520987 0.206645 4.146382 -0.04768496 4.146382 -0.04768496 3.520987 0.206645 4.02786 -0.116301 4.02786 -0.116301 3.520987 0.206645 3.494337 0.164813 4.02786 -0.116301 3.494337 0.164813 3.945348 -0.163116 3.945348 -0.163116 3.494337 0.164813 3.883815 -0.197063 3.883815 -0.197063 3.494337 0.164813 3.457768 0.131304 3.883815 -0.197063 3.457768 0.131304 3.795536 -0.2428849 3.795536 -0.2428849 3.457768 0.131304 3.730787 -0.272185 3.730787 -0.272185 3.457768 0.131304 3.413772 0.108401 3.730787 -0.272185 3.413772 0.108401 3.616378 -0.306331 3.616378 -0.306331 3.413772 0.108401 3.539498 -0.315832 3.539498 -0.315832 3.413772 0.108401 3.482869 -0.318779 3.482869 -0.318779 3.413772 0.108401 3.365348 0.09766596 3.482869 -0.318779 3.365348 0.09766596 3.397942 -0.319989 3.397942 -0.319989 3.365348 0.09766596 3.255342 -0.300107 3.255342 -0.300107 3.365348 0.09766596 3.315795 0.09982895 3.255342 -0.300107 3.315795 0.09982895 3.117701 -0.257862 3.117701 -0.257862 3.315795 0.09982895 3.268491 0.114744 3.117701 -0.257862 3.268491 0.114744 2.988501 -0.194323 2.988501 -0.194323 3.268491 0.114744 3.226659 0.141394 2.988501 -0.194323 3.226659 0.141394 2.894326 -0.152209 2.894326 -0.152209 3.226659 0.141394 3.19315 0.177963 2.894326 -0.152209 3.19315 0.177963 2.792986 -0.132912 2.792986 -0.132912 3.19315 0.177963 3.170247 0.2219589 2.792986 -0.132912 3.170247 0.2219589 3.159511 0.270383 3.662687 0.525842 4.250469 0.739777 3.664851 0.575395 3.664851 0.575395 4.250469 0.739777 4.21696 0.776346 3.664851 0.575395 4.21696 0.776346 3.84884 0.842178 3.84884 0.842178 4.21696 0.776346 3.930841 0.876144 3.930841 0.876144 4.21696 0.776346 4.194057 0.820342 3.930841 0.876144 4.194057 0.820342 4.183322 0.868766 3.930841 0.876144 4.183322 0.868766 4.001258 0.930177 4.001258 0.930177 4.183322 0.868766 4.185486 0.918319 4.001258 0.930177 4.185486 0.918319 4.05529 1.000593 4.05529 1.000593 4.185486 0.918319 4.200401 0.965623 4.05529 1.000593 4.200401 0.965623 4.227051 1.007455 4.05529 1.000593 4.227051 1.007455 4.089256 1.082594 4.089256 1.082594 4.227051 1.007455 4.26362 1.040964 4.089256 1.082594 4.26362 1.040964 4.100841 1.170593 4.100841 1.170593 4.26362 1.040964 4.307615 1.063867 4.100841 1.170593 4.307615 1.063867 4.356039 1.074603 4.100841 1.170593 4.356039 1.074603 4.089256 1.258591 4.089256 1.258591 4.356039 1.074603 4.405592 1.072439 4.089256 1.258591 4.405592 1.072439 4.05529 1.340593 3.303375 0.639133 1.776615 1.296461 3.17659 0.36724 3.17659 0.36724 1.776615 1.296461 2.385973 -0.174659 3.17659 0.36724 2.385973 -0.174659 3.161675 0.319936 3.161675 0.319936 2.385973 -0.174659 2.689925 -0.137468 3.161675 0.319936 2.689925 -0.137468 3.159511 0.270383 3.159511 0.270383 2.689925 -0.137468 2.792986 -0.132912 3.466393 1.000593 3.41059 0.737377 3.520425 0.930177 3.520425 0.930177 3.41059 0.737377 3.459014 0.748112 3.520425 0.930177 3.459014 0.748112 3.590841 0.876144 3.590841 0.876144 3.459014 0.748112 3.508567 0.745949 3.590841 0.876144 3.508567 0.745949 3.555871 0.731034 3.590841 0.876144 3.555871 0.731034 3.672843 0.842178 3.672843 0.842178 3.555871 0.731034 3.597704 0.704384 3.672843 0.842178 3.597704 0.704384 3.760841 0.830593 3.760841 0.830593 3.597704 0.704384 3.631213 0.667815 3.760841 0.830593 3.631213 0.667815 3.654116 0.623819 3.760841 0.830593 3.654116 0.623819 3.84884 0.842178 3.84884 0.842178 3.654116 0.623819 3.664851 0.575395 2.331854 -0.305315 2.439549 -0.2282339 2.385973 -0.174659 2.385973 -0.174659 2.439549 -0.2282339 2.590682 -0.165633 2.385973 -0.174659 2.590682 -0.165633 2.689925 -0.137468 1.776394 1.369789 1.652509 1.334768 1.776615 1.296461</float_array>
          <technique_common>
            <accessor source="#blue_leg-mesh-map-0-array" count="5088" stride="2">
              <param name="S" type="float"/>
              <param name="T" type="float"/>
            </accessor>
          </technique_common>
        </source>
        <vertices id="blue_leg-mesh-vertices">
          <input semantic="POSITION" source="#blue_leg-mesh-positions"/>
        </vertices>
        <triangles material="Plástico_-_Translúcido_fosco__Azul__001-material" count="1696">
          <input semantic="VERTEX" source="#blue_leg-mesh-vertices" offset="0"/>
          <input semantic="NORMAL" source="#blue_leg-mesh-normals" offset="1"/>
          <input semantic="TEXCOORD" source="#blue_leg-mesh-map-0" offset="2" set="0"/>
          <p>0 0 0 1 1 1 4 2 2 4 2 3 1 1 4 3 3 5 3 3 6 1 1 7 2 4 8 6 5 9 7 6 10 5 7 11 5 7 12 7 6 13 8 8 14 5 7 15 8 8 16 9 9 17 6 10 18 5 11 19 14 12 20 14 12 21 5 11 22 10 13 23 14 12 24 10 13 25 13 14 26 13 14 27 10 13 28 11 15 29 13 14 30 11 15 31 12 16 32 12 16 33 11 15 34 1 17 35 12 16 36 1 17 37 0 18 38 16 19 39 56 20 40 15 21 41 15 21 42 56 20 43 57 22 44 15 21 45 57 22 46 49 23 47 49 23 48 57 22 49 48 24 50 48 24 51 57 22 52 58 25 53 48 24 54 58 25 55 47 26 56 47 26 57 58 25 58 46 27 59 46 27 60 58 25 61 59 28 62 46 27 63 59 28 64 45 29 65 45 29 66 59 28 67 44 30 68 44 30 69 59 28 70 60 31 71 44 30 72 60 31 73 43 32 74 43 32 75 60 31 76 42 33 77 42 33 78 60 31 79 61 34 80 42 33 81 61 34 82 41 35 83 41 35 84 61 34 85 62 36 86 41 35 87 62 36 88 40 37 89 40 37 90 62 36 91 39 38 92 39 38 93 62 36 94 63 39 95 39 38 96 63 39 97 38 40 98 38 40 99 63 39 100 37 41 101 37 41 102 63 39 103 64 42 104 37 41 105 64 42 106 36 43 107 36 43 108 64 42 109 35 44 110 35 44 111 64 42 112 65 45 113 35 44 114 65 45 115 34 46 116 34 46 117 65 45 118 33 47 119 33 47 120 65 45 121 66 48 122 33 47 123 66 48 124 32 49 125 32 49 126 66 48 127 31 50 128 31 50 129 66 48 130 67 51 131 31 50 132 67 51 133 30 52 134 30 52 135 67 51 136 68 53 137 30 52 138 68 53 139 29 54 140 29 54 141 68 53 142 69 55 143 29 54 144 69 55 145 28 56 146 28 56 147 69 55 148 27 57 149 27 57 150 69 55 151 70 58 152 27 57 153 70 58 154 26 59 155 26 59 156 70 58 157 71 60 158 26 59 159 71 60 160 25 61 161 25 61 162 71 60 163 72 62 164 25 61 165 72 62 166 24 63 167 24 63 168 72 62 169 23 64 170 23 64 171 72 62 172 73 65 173 23 64 174 73 65 175 22 66 176 22 66 177 73 65 178 74 67 179 22 66 180 74 67 181 21 68 182 21 68 183 74 67 184 50 69 185 21 68 186 50 69 187 20 70 188 20 70 189 50 69 190 3 71 191 20 70 192 3 71 193 2 72 194 16 19 195 17 73 196 56 20 197 56 20 198 17 73 199 55 74 200 55 74 201 17 73 202 18 75 203 55 74 204 18 75 205 54 76 206 54 76 207 18 75 208 19 77 209 54 76 210 19 77 211 8 78 212 8 78 213 19 77 214 9 79 215 8 78 216 7 80 217 54 76 218 54 76 219 7 80 220 6 81 221 54 76 222 6 81 223 53 82 224 53 82 225 6 81 226 14 83 227 53 82 228 14 83 229 13 84 230 53 82 231 13 84 232 52 85 233 52 85 234 13 84 235 12 86 236 52 85 237 12 86 238 0 87 239 52 85 240 0 87 241 51 88 242 51 88 243 0 87 244 4 89 245 51 88 246 4 89 247 3 71 248 50 69 249 51 88 250 3 71 251 50 90 252 54 91 253 51 92 254 51 92 255 54 91 256 53 93 257 51 92 258 53 93 259 52 94 260 10 95 261 5 96 262 287 97 263 287 97 264 5 96 265 9 98 266 287 97 267 9 98 268 180 99 269 180 99 270 9 98 271 179 100 272 179 100 273 9 98 274 75 101 275 179 100 276 75 101 277 76 102 278 9 98 279 19 96 280 75 101 281 179 100 282 76 102 283 178 103 284 178 103 285 76 102 286 77 104 287 178 103 288 77 104 289 78 105 290 78 105 291 79 106 292 178 103 293 178 103 294 79 106 295 177 107 296 177 107 297 79 106 298 80 108 299 177 107 300 80 108 301 81 109 302 81 109 303 82 96 304 177 107 305 177 107 306 82 96 307 202 96 308 202 96 309 82 96 310 83 110 311 202 96 312 83 110 313 201 111 314 201 111 315 83 110 316 200 112 317 200 112 318 83 110 319 199 113 320 199 113 321 83 110 322 84 114 323 199 113 324 84 114 325 198 115 326 198 115 327 84 114 328 197 116 329 197 116 330 84 114 331 196 117 332 196 117 333 84 114 334 195 118 335 195 118 336 84 114 337 85 96 338 195 118 339 85 96 340 194 96 341 194 96 342 85 96 343 193 96 344 193 96 345 85 96 346 86 96 347 193 96 348 86 96 349 192 96 350 192 96 351 86 96 352 87 119 353 192 96 354 87 119 355 191 120 356 191 120 357 87 119 358 88 121 359 191 120 360 88 121 361 268 122 362 268 122 363 88 121 364 89 123 365 268 122 366 89 123 367 90 124 368 268 122 369 90 124 370 267 125 371 267 125 372 90 124 373 91 126 374 267 125 375 91 126 376 266 127 377 266 127 378 91 126 379 92 128 380 266 127 381 92 128 382 265 129 383 265 129 384 92 128 385 93 130 386 265 129 387 93 130 388 264 131 389 264 131 390 93 130 391 94 132 392 264 131 393 94 132 394 263 133 395 263 133 396 94 132 397 95 134 398 263 133 399 95 134 400 262 135 401 262 135 402 95 134 403 96 136 404 262 135 405 96 136 406 261 137 407 261 137 408 96 136 409 97 138 410 261 137 411 97 138 412 98 139 413 261 137 414 98 139 415 260 140 416 260 140 417 98 139 418 99 141 419 260 140 420 99 141 421 259 142 422 259 142 423 99 141 424 54 143 425 259 142 426 54 143 427 258 144 428 258 144 429 54 143 430 50 145 431 258 144 432 50 145 433 100 146 434 100 146 435 101 147 436 258 144 437 258 144 438 101 147 439 257 148 440 257 148 441 101 147 442 102 149 443 257 148 444 102 149 445 256 96 446 256 96 447 102 149 448 103 150 449 256 96 450 103 150 451 255 151 452 255 151 453 103 150 454 104 152 455 255 151 456 104 152 457 254 153 458 254 153 459 104 152 460 105 154 461 254 153 462 105 154 463 253 155 464 253 155 465 105 154 466 106 156 467 253 155 468 106 156 469 252 157 470 252 157 471 106 156 472 107 158 473 252 157 474 107 158 475 251 159 476 251 159 477 107 158 478 250 160 479 250 160 480 107 158 481 108 96 482 250 160 483 108 96 484 109 96 485 109 96 486 110 161 487 250 160 488 250 160 489 110 161 490 249 162 491 249 162 492 110 161 493 111 163 494 249 162 495 111 163 496 112 164 497 113 165 498 150 166 499 112 164 500 112 164 501 150 166 502 125 167 503 112 164 504 125 167 505 249 162 506 249 162 507 125 167 508 152 168 509 249 162 510 152 168 511 153 169 512 114 96 513 148 170 514 113 165 515 113 165 516 148 170 517 149 171 518 113 165 519 149 171 520 150 166 521 148 170 522 114 96 523 147 96 524 147 96 525 114 96 526 115 96 527 147 96 528 115 96 529 146 96 530 146 96 531 115 96 532 145 96 533 145 96 534 115 96 535 144 96 536 144 96 537 115 96 538 143 172 539 143 172 540 115 96 541 116 173 542 143 172 543 116 173 544 142 174 545 142 174 546 116 173 547 141 175 548 141 175 549 116 173 550 117 176 551 141 175 552 117 176 553 140 177 554 140 177 555 117 176 556 118 178 557 140 177 558 118 178 559 139 179 560 139 179 561 118 178 562 119 180 563 139 179 564 119 180 565 120 181 566 139 179 567 120 181 568 138 182 569 138 182 570 120 181 571 121 96 572 138 182 573 121 96 574 122 96 575 122 96 576 123 96 577 138 182 578 138 182 579 123 96 580 124 183 581 138 182 582 124 183 583 2 184 584 2 184 585 124 183 586 20 185 587 1 186 588 136 187 589 2 184 590 2 184 591 136 187 592 137 188 593 2 184 594 137 188 595 138 182 596 136 187 597 1 186 598 288 189 599 288 189 600 1 186 601 11 190 602 288 189 603 11 190 604 10 95 605 288 189 606 10 95 607 287 97 608 125 167 609 126 191 610 152 168 611 152 168 612 126 191 613 151 96 614 151 96 615 126 191 616 127 96 617 151 96 618 127 96 619 176 96 620 176 96 621 127 96 622 128 192 623 176 96 624 128 192 625 175 193 626 175 193 627 128 192 628 293 194 629 175 193 630 293 194 631 294 195 632 128 192 633 129 196 634 293 194 635 293 194 636 129 196 637 292 197 638 292 197 639 129 196 640 130 198 641 292 197 642 130 198 643 131 96 644 292 197 645 131 96 646 291 96 647 291 96 648 131 96 649 132 199 650 291 96 651 132 199 652 290 200 653 290 200 654 132 199 655 133 201 656 290 200 657 133 201 658 289 202 659 289 202 660 133 201 661 134 203 662 289 202 663 134 203 664 135 204 665 289 202 666 135 204 667 288 189 668 288 189 669 135 204 670 136 187 671 153 169 672 154 205 673 249 162 674 249 162 675 154 205 676 248 206 677 248 206 678 154 205 679 247 207 680 247 207 681 154 205 682 155 208 683 247 207 684 155 208 685 246 209 686 246 209 687 155 208 688 156 210 689 246 209 690 156 210 691 245 211 692 245 211 693 156 210 694 157 212 695 245 211 696 157 212 697 158 213 698 245 211 699 158 213 700 244 214 701 244 214 702 158 213 703 159 96 704 244 214 705 159 96 706 243 96 707 243 96 708 159 96 709 160 215 710 243 96 711 160 215 712 242 216 713 242 216 714 160 215 715 241 217 716 241 217 717 160 215 718 161 218 719 241 217 720 161 218 721 231 219 722 231 219 723 161 218 724 162 220 725 231 219 726 162 220 727 163 221 728 163 221 729 164 222 730 231 219 731 231 219 732 164 222 733 204 223 734 231 219 735 204 223 736 230 224 737 230 224 738 204 223 739 205 225 740 230 224 741 205 225 742 206 96 743 204 223 744 164 222 745 203 226 746 203 226 747 164 222 748 165 227 749 203 226 750 165 227 751 228 228 752 228 228 753 165 227 754 166 229 755 228 228 756 166 229 757 227 230 758 227 230 759 166 229 760 299 231 761 227 230 762 299 231 763 300 232 764 166 229 765 167 233 766 299 231 767 299 231 768 167 233 769 168 234 770 299 231 771 168 234 772 298 235 773 298 235 774 168 234 775 169 236 776 298 235 777 169 236 778 297 237 779 297 237 780 169 236 781 170 238 782 297 237 783 170 238 784 171 239 785 297 237 786 171 239 787 296 240 788 296 240 789 171 239 790 172 241 791 296 240 792 172 241 793 295 242 794 295 242 795 172 241 796 173 243 797 295 242 798 173 243 799 294 195 800 294 195 801 173 243 802 174 244 803 294 195 804 174 244 805 175 193 806 180 99 807 181 245 808 287 97 809 287 97 810 181 245 811 286 246 812 286 246 813 181 245 814 182 247 815 286 246 816 182 247 817 309 248 818 309 248 819 182 247 820 183 249 821 309 248 822 183 249 823 184 250 824 309 248 825 184 250 826 308 251 827 308 251 828 184 250 829 185 252 830 308 251 831 185 252 832 307 253 833 307 253 834 185 252 835 186 254 836 307 253 837 186 254 838 306 255 839 306 255 840 186 254 841 187 256 842 306 255 843 187 256 844 188 96 845 189 257 846 219 258 847 188 96 848 188 96 849 219 258 850 305 259 851 188 96 852 305 259 853 306 255 854 219 258 855 189 257 856 218 260 857 218 260 858 189 257 859 190 261 860 218 260 861 190 261 862 217 96 863 217 96 864 190 261 865 191 120 866 217 96 867 191 120 868 216 262 869 216 262 870 191 120 871 268 122 872 216 262 873 268 122 874 215 263 875 215 263 876 268 122 877 214 264 878 214 264 879 268 122 880 269 265 881 214 264 882 269 265 883 213 266 884 213 266 885 269 265 886 270 267 887 213 266 888 270 267 889 212 268 890 212 268 891 270 267 892 271 269 893 212 268 894 271 269 895 211 96 896 211 96 897 271 269 898 272 270 899 211 96 900 272 270 901 210 271 902 210 271 903 272 270 904 273 272 905 210 271 906 273 272 907 209 273 908 209 273 909 273 272 910 274 274 911 209 273 912 274 274 913 275 275 914 206 96 915 207 276 916 230 224 917 230 224 918 207 276 919 208 277 920 230 224 921 208 277 922 275 275 923 275 275 924 208 277 925 209 273 926 219 258 927 220 278 928 305 259 929 305 259 930 220 278 931 304 279 932 304 279 933 220 278 934 221 280 935 304 279 936 221 280 937 222 281 938 304 279 939 222 281 940 303 282 941 303 282 942 222 281 943 223 283 944 303 282 945 223 283 946 302 284 947 302 284 948 223 283 949 224 285 950 302 284 951 224 285 952 301 286 953 301 286 954 224 285 955 225 287 956 301 286 957 225 287 958 226 288 959 301 286 960 226 288 961 300 232 962 300 232 963 226 288 964 227 230 965 229 96 966 230 224 967 285 96 968 285 96 969 230 224 970 284 289 971 284 289 972 230 224 973 283 290 974 283 290 975 230 224 976 282 96 977 282 96 978 230 224 979 281 96 980 281 96 981 230 224 982 280 291 983 280 291 984 230 224 985 277 292 986 280 291 987 277 292 988 278 293 989 232 294 990 233 295 991 231 219 992 231 219 993 233 295 994 234 296 995 231 219 996 234 296 997 235 297 998 235 297 999 236 298 1000 231 219 1001 231 219 1002 236 298 1003 237 299 1004 231 219 1005 237 299 1006 238 300 1007 238 300 1008 239 301 1009 231 219 1010 231 219 1011 239 301 1012 240 302 1013 231 219 1014 240 302 1015 241 217 1016 275 275 1017 276 96 1018 230 224 1019 230 224 1020 276 96 1021 277 292 1022 278 293 1023 279 303 1024 280 291 1025 314 304 1026 104 305 1027 313 306 1028 313 306 1029 104 305 1030 103 307 1031 313 306 1032 103 307 1033 312 308 1034 312 308 1035 103 307 1036 102 309 1037 312 308 1038 102 309 1039 311 310 1040 311 310 1041 102 309 1042 101 311 1043 311 310 1044 101 311 1045 100 312 1046 100 312 1047 310 313 1048 311 310 1049 50 314 1050 74 315 1051 100 312 1052 100 312 1053 74 315 1054 73 316 1055 100 312 1056 73 316 1057 72 317 1058 72 317 1059 71 318 1060 100 312 1061 100 312 1062 71 318 1063 70 319 1064 100 312 1065 70 319 1066 363 320 1067 363 320 1068 70 319 1069 69 321 1070 363 320 1071 69 321 1072 362 322 1073 362 322 1074 69 321 1075 68 323 1076 362 322 1077 68 323 1078 361 324 1079 361 324 1080 68 323 1081 67 325 1082 361 324 1083 67 325 1084 360 326 1085 360 326 1086 67 325 1087 66 327 1088 360 326 1089 66 327 1090 359 328 1091 359 328 1092 66 327 1093 65 329 1094 359 328 1095 65 329 1096 358 330 1097 358 330 1098 65 329 1099 64 331 1100 358 330 1101 64 331 1102 357 332 1103 357 332 1104 64 331 1105 63 333 1106 357 332 1107 63 333 1108 356 334 1109 356 334 1110 63 333 1111 62 335 1112 356 334 1113 62 335 1114 355 336 1115 355 336 1116 62 335 1117 61 337 1118 355 336 1119 61 337 1120 354 338 1121 354 338 1122 61 337 1123 60 339 1124 354 338 1125 60 339 1126 353 340 1127 353 340 1128 60 339 1129 59 341 1130 353 340 1131 59 341 1132 99 342 1133 99 342 1134 59 341 1135 58 343 1136 99 342 1137 58 343 1138 57 344 1139 57 344 1140 56 345 1141 99 342 1142 99 342 1143 56 345 1144 55 346 1145 99 342 1146 55 346 1147 54 347 1148 353 340 1149 99 342 1150 352 348 1151 352 348 1152 99 342 1153 315 349 1154 352 348 1155 315 349 1156 328 350 1157 328 350 1158 315 349 1159 327 351 1160 327 351 1161 315 349 1162 326 352 1163 326 352 1164 315 349 1165 325 353 1166 325 353 1167 315 349 1168 324 354 1169 324 354 1170 315 349 1171 323 355 1172 323 355 1173 315 349 1174 322 356 1175 322 356 1176 315 349 1177 310 313 1178 322 356 1179 310 313 1180 321 357 1181 321 357 1182 310 313 1183 320 358 1184 320 358 1185 310 313 1186 319 359 1187 319 359 1188 310 313 1189 318 360 1190 318 360 1191 310 313 1192 317 361 1193 317 361 1194 310 313 1195 316 362 1196 316 362 1197 310 313 1198 340 363 1199 316 362 1200 340 363 1201 339 364 1202 339 364 1203 340 363 1204 341 365 1205 339 364 1206 341 365 1207 338 366 1208 338 366 1209 341 365 1210 342 367 1211 338 366 1212 342 367 1213 337 368 1214 337 368 1215 342 367 1216 343 369 1217 337 368 1218 343 369 1219 336 370 1220 336 370 1221 343 369 1222 344 371 1223 336 370 1224 344 371 1225 335 372 1226 335 372 1227 344 371 1228 345 373 1229 335 372 1230 345 373 1231 334 374 1232 334 374 1233 345 373 1234 346 375 1235 334 374 1236 346 375 1237 347 376 1238 310 313 1239 100 312 1240 340 363 1241 340 363 1242 100 312 1243 363 320 1244 328 350 1245 329 377 1246 352 348 1247 352 348 1248 329 377 1249 351 378 1250 351 378 1251 329 377 1252 330 379 1253 351 378 1254 330 379 1255 350 380 1256 350 380 1257 330 379 1258 331 381 1259 350 380 1260 331 381 1261 349 382 1262 349 382 1263 331 381 1264 332 383 1265 349 382 1266 332 383 1267 348 384 1268 348 384 1269 332 383 1270 333 385 1271 348 384 1272 333 385 1273 347 376 1274 347 376 1275 333 385 1276 334 374 1277 105 386 1278 104 305 1279 364 387 1280 364 387 1281 104 305 1282 314 304 1283 367 388 1284 108 389 1285 366 390 1286 366 390 1287 108 389 1288 107 391 1289 366 390 1290 107 391 1291 365 392 1292 365 392 1293 107 391 1294 106 393 1295 365 392 1296 106 393 1297 105 386 1298 105 386 1299 364 387 1300 365 392 1301 376 394 1302 116 395 1303 384 396 1304 384 396 1305 116 395 1306 115 397 1307 384 396 1308 115 397 1309 383 398 1310 383 398 1311 115 397 1312 114 399 1313 383 398 1314 114 399 1315 382 400 1316 382 400 1317 114 399 1318 113 401 1319 382 400 1320 113 401 1321 381 402 1322 381 402 1323 113 401 1324 112 403 1325 381 402 1326 112 403 1327 380 404 1328 380 404 1329 112 403 1330 379 405 1331 380 404 1332 379 405 1333 371 406 1334 371 406 1335 379 405 1336 370 407 1337 370 407 1338 379 405 1339 378 408 1340 370 407 1341 378 408 1342 369 409 1343 369 409 1344 378 408 1345 377 410 1346 369 409 1347 377 410 1348 368 411 1349 368 411 1350 377 410 1351 367 412 1352 367 412 1353 377 410 1354 108 413 1355 108 413 1356 377 410 1357 109 414 1358 109 414 1359 377 410 1360 110 415 1361 110 415 1362 377 410 1363 378 408 1364 110 415 1365 378 408 1366 111 416 1367 111 416 1368 378 408 1369 379 405 1370 111 416 1371 379 405 1372 112 403 1373 371 406 1374 372 417 1375 380 404 1376 380 404 1377 372 417 1378 381 402 1379 372 417 1380 373 418 1381 381 402 1382 381 402 1383 373 418 1384 382 400 1385 373 418 1386 374 419 1387 382 400 1388 382 400 1389 374 419 1390 383 398 1391 374 419 1392 375 420 1393 383 398 1394 383 398 1395 375 420 1396 384 396 1397 375 420 1398 376 394 1399 384 396 1400 22 421 1401 122 422 1402 23 423 1403 23 423 1404 122 422 1405 121 424 1406 23 423 1407 121 424 1408 24 425 1409 24 425 1410 121 424 1411 25 426 1412 25 426 1413 121 424 1414 26 427 1415 26 427 1416 121 424 1417 120 428 1418 26 427 1419 120 428 1420 416 429 1421 416 429 1422 120 428 1423 415 430 1424 416 429 1425 415 430 1426 390 431 1427 390 431 1428 415 430 1429 389 432 1430 389 432 1431 415 430 1432 414 433 1433 389 432 1434 414 433 1435 388 434 1436 388 434 1437 414 433 1438 413 435 1439 388 434 1440 413 435 1441 387 436 1442 387 436 1443 413 435 1444 412 437 1445 387 436 1446 412 437 1447 386 438 1448 386 438 1449 412 437 1450 411 439 1451 386 438 1452 411 439 1453 385 440 1454 385 440 1455 411 439 1456 376 441 1457 376 441 1458 411 439 1459 116 442 1460 116 442 1461 411 439 1462 117 443 1463 117 443 1464 411 439 1465 412 437 1466 117 443 1467 412 437 1468 118 444 1469 118 444 1470 412 437 1471 413 435 1472 118 444 1473 413 435 1474 119 445 1475 119 445 1476 413 435 1477 414 433 1478 119 445 1479 414 433 1480 415 430 1481 120 428 1482 119 445 1483 415 430 1484 391 446 1485 396 447 1486 390 431 1487 390 431 1488 396 447 1489 397 448 1490 390 431 1491 397 448 1492 416 429 1493 416 429 1494 397 448 1495 398 449 1496 416 429 1497 398 449 1498 405 450 1499 405 450 1500 398 449 1501 399 451 1502 405 450 1503 399 451 1504 404 452 1505 404 452 1506 399 451 1507 417 453 1508 404 452 1509 417 453 1510 403 454 1511 403 454 1512 417 453 1513 400 455 1514 403 454 1515 400 455 1516 402 456 1517 402 456 1518 400 455 1519 401 457 1520 392 458 1521 394 459 1522 391 446 1523 391 446 1524 394 459 1525 395 460 1526 391 446 1527 395 460 1528 396 447 1529 392 458 1530 393 461 1531 394 459 1532 399 451 1533 400 455 1534 417 453 1535 405 450 1536 406 462 1537 416 429 1538 416 429 1539 406 462 1540 26 427 1541 406 462 1542 407 463 1543 26 427 1544 26 427 1545 407 463 1546 27 464 1547 27 464 1548 407 463 1549 408 465 1550 27 464 1551 408 465 1552 28 466 1553 28 466 1554 408 465 1555 409 467 1556 28 466 1557 409 467 1558 29 468 1559 29 468 1560 409 467 1561 410 469 1562 29 468 1563 410 469 1564 30 470 1565 15 471 1566 77 472 1567 16 473 1568 16 473 1569 77 472 1570 76 474 1571 16 473 1572 76 474 1573 17 475 1574 17 475 1575 76 474 1576 75 476 1577 17 475 1578 75 476 1579 18 477 1580 18 477 1581 75 476 1582 19 478 1583 448 479 1584 410 480 1585 361 481 1586 361 481 1587 410 480 1588 409 482 1589 361 481 1590 409 482 1591 362 483 1592 362 483 1593 409 482 1594 408 484 1595 362 483 1596 408 484 1597 363 485 1598 363 485 1599 408 484 1600 407 486 1601 363 485 1602 407 486 1603 340 487 1604 340 487 1605 407 486 1606 406 488 1607 340 487 1608 406 488 1609 405 489 1610 340 487 1611 405 489 1612 341 490 1613 341 490 1614 405 489 1615 404 491 1616 341 490 1617 404 491 1618 342 492 1619 342 492 1620 404 491 1621 403 493 1622 342 492 1623 403 493 1624 343 494 1625 343 494 1626 403 493 1627 402 495 1628 343 494 1629 402 495 1630 418 496 1631 343 494 1632 418 496 1633 344 497 1634 344 497 1635 418 496 1636 419 498 1637 344 497 1638 419 498 1639 345 499 1640 345 499 1641 419 498 1642 420 500 1643 345 499 1644 420 500 1645 421 501 1646 345 499 1647 421 501 1648 346 502 1649 346 502 1650 421 501 1651 422 503 1652 346 502 1653 422 503 1654 423 504 1655 346 502 1656 423 504 1657 347 505 1658 347 505 1659 423 504 1660 424 506 1661 347 505 1662 424 506 1663 425 507 1664 347 505 1665 425 507 1666 348 508 1667 348 508 1668 425 507 1669 426 509 1670 348 508 1671 426 509 1672 427 510 1673 348 508 1674 427 510 1675 349 511 1676 349 511 1677 427 510 1678 428 512 1679 349 511 1680 428 512 1681 350 513 1682 350 513 1683 428 512 1684 429 514 1685 350 513 1686 429 514 1687 430 515 1688 350 513 1689 430 515 1690 351 516 1691 351 516 1692 430 515 1693 431 517 1694 351 516 1695 431 517 1696 432 518 1697 351 516 1698 432 518 1699 352 519 1700 352 519 1701 432 518 1702 433 520 1703 352 519 1704 433 520 1705 434 521 1706 352 519 1707 434 521 1708 353 522 1709 353 522 1710 434 521 1711 435 523 1712 353 522 1713 435 523 1714 436 524 1715 353 522 1716 436 524 1717 354 525 1718 354 525 1719 436 524 1720 437 526 1721 354 525 1722 437 526 1723 355 527 1724 355 527 1725 437 526 1726 438 528 1727 355 527 1728 438 528 1729 439 529 1730 355 527 1731 439 529 1732 356 530 1733 356 530 1734 439 529 1735 440 531 1736 356 530 1737 440 531 1738 441 532 1739 356 530 1740 441 532 1741 357 533 1742 357 533 1743 441 532 1744 442 534 1745 357 533 1746 442 534 1747 443 535 1748 357 533 1749 443 535 1750 358 536 1751 358 536 1752 443 535 1753 444 537 1754 358 536 1755 444 537 1756 445 538 1757 358 536 1758 445 538 1759 359 539 1760 359 539 1761 445 538 1762 446 540 1763 359 539 1764 446 540 1765 447 541 1766 359 539 1767 447 541 1768 360 542 1769 360 542 1770 447 541 1771 448 479 1772 360 542 1773 448 479 1774 361 481 1775 479 543 1776 401 544 1777 337 545 1778 337 545 1779 401 544 1780 400 546 1781 337 545 1782 400 546 1783 338 547 1784 338 547 1785 400 546 1786 399 548 1787 338 547 1788 399 548 1789 339 549 1790 339 549 1791 399 548 1792 398 550 1793 339 549 1794 398 550 1795 316 551 1796 316 551 1797 398 550 1798 397 552 1799 316 551 1800 397 552 1801 396 553 1802 316 551 1803 396 553 1804 317 554 1805 317 554 1806 396 553 1807 395 555 1808 317 554 1809 395 555 1810 318 556 1811 318 556 1812 395 555 1813 394 557 1814 318 556 1815 394 557 1816 319 558 1817 319 558 1818 394 557 1819 393 559 1820 319 558 1821 393 559 1822 449 560 1823 319 558 1824 449 560 1825 320 561 1826 320 561 1827 449 560 1828 450 562 1829 320 561 1830 450 562 1831 321 563 1832 321 563 1833 450 562 1834 451 564 1835 321 563 1836 451 564 1837 452 565 1838 321 563 1839 452 565 1840 322 566 1841 322 566 1842 452 565 1843 453 567 1844 322 566 1845 453 567 1846 454 568 1847 322 566 1848 454 568 1849 323 569 1850 323 569 1851 454 568 1852 455 570 1853 323 569 1854 455 570 1855 456 571 1856 323 569 1857 456 571 1858 324 572 1859 324 572 1860 456 571 1861 457 573 1862 324 572 1863 457 573 1864 458 574 1865 324 572 1866 458 574 1867 325 575 1868 325 575 1869 458 574 1870 459 576 1871 325 575 1872 459 576 1873 326 577 1874 326 577 1875 459 576 1876 460 578 1877 326 577 1878 460 578 1879 461 579 1880 326 577 1881 461 579 1882 327 580 1883 327 580 1884 461 579 1885 462 581 1886 327 580 1887 462 581 1888 463 582 1889 327 580 1890 463 582 1891 328 583 1892 328 583 1893 463 582 1894 464 584 1895 328 583 1896 464 584 1897 465 585 1898 328 583 1899 465 585 1900 329 586 1901 329 586 1902 465 585 1903 466 587 1904 329 586 1905 466 587 1906 467 588 1907 329 586 1908 467 588 1909 330 589 1910 330 589 1911 467 588 1912 468 590 1913 330 589 1914 468 590 1915 331 591 1916 331 591 1917 468 590 1918 469 592 1919 331 591 1920 469 592 1921 470 593 1922 331 591 1923 470 593 1924 332 594 1925 332 594 1926 470 593 1927 471 595 1928 332 594 1929 471 595 1930 472 596 1931 332 594 1932 472 596 1933 333 597 1934 333 597 1935 472 596 1936 473 598 1937 333 597 1938 473 598 1939 474 599 1940 333 597 1941 474 599 1942 334 600 1943 334 600 1944 474 599 1945 475 601 1946 334 600 1947 475 601 1948 476 602 1949 334 600 1950 476 602 1951 335 603 1952 335 603 1953 476 602 1954 477 604 1955 335 603 1956 477 604 1957 478 605 1958 335 603 1959 478 605 1960 336 606 1961 336 606 1962 478 605 1963 479 543 1964 336 606 1965 479 543 1966 337 545 1967 488 607 1968 83 608 1969 495 609 1970 495 609 1971 83 608 1972 82 610 1973 495 609 1974 82 610 1975 494 611 1976 494 611 1977 82 610 1978 81 612 1979 494 611 1980 81 612 1981 493 613 1982 493 613 1983 81 612 1984 80 614 1985 493 613 1986 80 614 1987 492 615 1988 492 615 1989 80 614 1990 491 616 1991 492 615 1992 491 616 1993 484 617 1994 484 617 1995 491 616 1996 483 618 1997 483 618 1998 491 616 1999 490 619 2000 483 618 2001 490 619 2002 482 620 2003 482 620 2004 490 619 2005 489 621 2006 482 620 2007 489 621 2008 481 622 2009 481 622 2010 489 621 2011 464 623 2012 481 622 2013 464 623 2014 463 624 2015 80 614 2016 79 625 2017 491 616 2018 491 616 2019 79 625 2020 490 619 2021 79 625 2022 78 626 2023 490 619 2024 490 619 2025 78 626 2026 489 621 2027 77 627 2028 47 628 2029 78 626 2030 78 626 2031 47 628 2032 46 629 2033 78 626 2034 46 629 2035 489 621 2036 489 621 2037 46 629 2038 433 630 2039 489 621 2040 433 630 2041 432 631 2042 15 632 2043 49 633 2044 77 627 2045 77 627 2046 49 633 2047 48 634 2048 77 627 2049 48 634 2050 47 628 2051 46 629 2052 45 635 2053 433 630 2054 433 630 2055 45 635 2056 434 636 2057 434 636 2058 45 635 2059 44 637 2060 434 636 2061 44 637 2062 435 638 2063 435 638 2064 44 637 2065 436 639 2066 436 639 2067 44 637 2068 43 640 2069 436 639 2070 43 640 2071 437 641 2072 437 641 2073 43 640 2074 42 642 2075 432 631 2076 431 643 2077 489 621 2078 489 621 2079 431 643 2080 466 644 2081 489 621 2082 466 644 2083 465 645 2084 466 644 2085 431 643 2086 467 646 2087 467 646 2088 431 643 2089 430 647 2090 467 646 2091 430 647 2092 468 641 2093 468 641 2094 430 647 2095 429 642 2096 465 645 2097 464 623 2098 489 621 2099 463 624 2100 462 648 2101 481 622 2102 481 622 2103 462 648 2104 480 649 2105 480 649 2106 462 648 2107 461 650 2108 480 649 2109 461 650 2110 460 651 2111 484 617 2112 485 652 2113 492 615 2114 492 615 2115 485 652 2116 493 613 2117 485 652 2118 486 653 2119 493 613 2120 493 613 2121 486 653 2122 494 611 2123 486 653 2124 487 654 2125 494 611 2126 494 611 2127 487 654 2128 495 609 2129 487 654 2130 488 607 2131 495 609 2132 20 655 2133 124 656 2134 21 657 2135 21 657 2136 124 656 2137 123 658 2138 21 657 2139 123 658 2140 22 659 2141 22 659 2142 123 658 2143 122 660 2144 460 661 2145 459 662 2146 480 663 2147 480 663 2148 459 662 2149 500 664 2150 500 664 2151 459 662 2152 458 665 2153 500 664 2154 458 665 2155 457 666 2156 500 664 2157 457 666 2158 499 667 2159 499 667 2160 457 666 2161 456 668 2162 499 667 2163 456 668 2164 455 669 2165 499 667 2166 455 669 2167 498 670 2168 498 670 2169 455 669 2170 454 671 2171 498 670 2172 454 671 2173 453 672 2174 453 672 2175 452 673 2176 498 670 2177 498 670 2178 452 673 2179 497 674 2180 497 674 2181 452 673 2182 451 675 2183 497 674 2184 451 675 2185 450 676 2186 497 674 2187 450 676 2188 496 677 2189 496 677 2190 450 676 2191 449 678 2192 496 677 2193 449 678 2194 392 679 2195 392 679 2196 449 678 2197 393 680 2198 468 681 2199 429 682 2200 469 683 2201 469 683 2202 429 682 2203 428 684 2204 469 683 2205 428 684 2206 427 685 2207 426 686 2208 471 687 2209 427 685 2210 427 685 2211 471 687 2212 470 688 2213 427 685 2214 470 688 2215 469 683 2216 426 686 2217 425 689 2218 471 687 2219 471 687 2220 425 689 2221 472 690 2222 472 690 2223 425 689 2224 473 691 2225 473 691 2226 425 689 2227 424 692 2228 473 691 2229 424 692 2230 474 693 2231 474 693 2232 424 692 2233 423 694 2234 474 693 2235 423 694 2236 422 695 2237 421 696 2238 476 697 2239 422 695 2240 422 695 2241 476 697 2242 475 698 2243 422 695 2244 475 698 2245 474 693 2246 421 696 2247 420 699 2248 476 697 2249 476 697 2250 420 699 2251 477 700 2252 477 700 2253 420 699 2254 478 701 2255 478 701 2256 420 699 2257 419 702 2258 478 701 2259 419 702 2260 418 703 2261 402 704 2262 401 705 2263 418 703 2264 418 703 2265 401 705 2266 479 706 2267 418 703 2268 479 706 2269 478 701 2270 501 707 2271 502 708 2272 504 709 2273 504 709 2274 502 708 2275 503 710 2276 505 711 2277 506 712 2278 528 713 2279 528 713 2280 506 712 2281 527 714 2282 527 714 2283 506 712 2284 507 715 2285 527 714 2286 507 715 2287 526 716 2288 526 716 2289 507 715 2290 508 717 2291 526 716 2292 508 717 2293 525 718 2294 525 718 2295 508 717 2296 509 719 2297 525 718 2298 509 719 2299 524 720 2300 524 720 2301 509 719 2302 510 721 2303 524 720 2304 510 721 2305 523 722 2306 523 722 2307 510 721 2308 511 723 2309 523 722 2310 511 723 2311 522 724 2312 522 724 2313 511 723 2314 512 725 2315 522 724 2316 512 725 2317 521 726 2318 521 726 2319 512 725 2320 513 727 2321 521 726 2322 513 727 2323 520 728 2324 520 728 2325 513 727 2326 514 729 2327 520 728 2328 514 729 2329 519 730 2330 519 730 2331 514 729 2332 515 731 2333 519 730 2334 515 731 2335 518 732 2336 518 732 2337 515 731 2338 516 733 2339 518 732 2340 516 733 2341 517 734 2342 534 735 2343 529 736 2344 533 737 2345 533 737 2346 529 736 2347 530 738 2348 533 737 2349 530 738 2350 531 739 2351 533 737 2352 531 739 2353 532 740 2354 532 740 2355 531 739 2356 505 741 2357 532 740 2358 505 741 2359 528 742 2360 542 743 2361 535 744 2362 541 745 2363 541 745 2364 535 744 2365 536 746 2366 541 745 2367 536 746 2368 540 747 2369 540 747 2370 536 746 2371 537 748 2372 540 747 2373 537 748 2374 539 749 2375 539 749 2376 537 748 2377 538 750 2378 539 749 2379 538 750 2380 529 736 2381 529 736 2382 534 735 2383 539 749 2384 502 751 2385 535 744 2386 503 752 2387 503 752 2388 535 744 2389 542 743 2390 543 753 2391 544 754 2392 546 755 2393 546 755 2394 544 754 2395 545 756 2396 547 757 2397 543 758 2398 548 759 2399 548 759 2400 543 758 2401 546 760 2402 556 761 2403 549 762 2404 555 763 2405 555 763 2406 549 762 2407 550 764 2408 555 763 2409 550 764 2410 554 765 2411 554 765 2412 550 764 2413 551 766 2414 554 765 2415 551 766 2416 553 767 2417 553 767 2418 551 766 2419 552 768 2420 553 767 2421 552 768 2422 547 757 2423 547 757 2424 548 759 2425 553 767 2426 562 769 2427 557 770 2428 561 771 2429 561 771 2430 557 770 2431 558 772 2432 561 771 2433 558 772 2434 559 773 2435 561 771 2436 559 773 2437 560 774 2438 560 774 2439 559 773 2440 549 762 2441 560 774 2442 549 762 2443 556 761 2444 563 775 2445 564 776 2446 584 777 2447 584 777 2448 564 776 2449 583 778 2450 583 778 2451 564 776 2452 565 779 2453 583 778 2454 565 779 2455 582 780 2456 582 780 2457 565 779 2458 566 781 2459 582 780 2460 566 781 2461 581 782 2462 581 782 2463 566 781 2464 567 783 2465 581 782 2466 567 783 2467 580 784 2468 580 784 2469 567 783 2470 568 785 2471 580 784 2472 568 785 2473 579 786 2474 579 786 2475 568 785 2476 569 787 2477 579 786 2478 569 787 2479 578 788 2480 578 788 2481 569 787 2482 570 789 2483 578 788 2484 570 789 2485 577 790 2486 577 790 2487 570 789 2488 571 791 2489 577 790 2490 571 791 2491 576 792 2492 576 792 2493 571 791 2494 572 793 2495 576 792 2496 572 793 2497 575 794 2498 575 794 2499 572 793 2500 573 795 2501 575 794 2502 573 795 2503 574 796 2504 574 796 2505 573 795 2506 557 797 2507 574 796 2508 557 797 2509 562 798 2510 501 799 2511 585 799 2512 502 799 2513 502 799 2514 585 799 2515 586 799 2516 502 799 2517 586 799 2518 587 799 2519 502 799 2520 587 799 2521 535 799 2522 535 799 2523 587 799 2524 588 799 2525 535 799 2526 588 799 2527 589 799 2528 589 799 2529 590 799 2530 535 799 2531 535 799 2532 590 799 2533 593 799 2534 535 799 2535 593 799 2536 594 799 2537 591 799 2538 592 799 2539 590 799 2540 590 799 2541 592 799 2542 593 799 2543 535 799 2544 594 799 2545 536 799 2546 536 799 2547 594 799 2548 595 799 2549 536 799 2550 595 799 2551 537 799 2552 537 799 2553 595 799 2554 538 799 2555 538 799 2556 595 799 2557 596 799 2558 538 799 2559 596 799 2560 529 799 2561 529 799 2562 596 799 2563 597 799 2564 529 799 2565 597 799 2566 530 799 2567 530 799 2568 597 799 2569 598 799 2570 530 799 2571 598 799 2572 531 799 2573 531 799 2574 598 799 2575 599 799 2576 531 799 2577 599 799 2578 505 799 2579 505 799 2580 599 799 2581 600 799 2582 505 799 2583 600 799 2584 506 799 2585 506 799 2586 600 799 2587 507 799 2588 507 799 2589 600 799 2590 601 799 2591 507 799 2592 601 799 2593 508 799 2594 508 799 2595 601 799 2596 509 799 2597 509 799 2598 601 799 2599 602 799 2600 509 799 2601 602 799 2602 510 799 2603 510 799 2604 602 799 2605 511 799 2606 511 799 2607 602 799 2608 512 799 2609 512 799 2610 602 799 2611 513 799 2612 513 799 2613 602 799 2614 514 799 2615 514 799 2616 602 799 2617 515 799 2618 515 799 2619 602 799 2620 603 799 2621 515 799 2622 603 799 2623 516 799 2624 516 799 2625 603 799 2626 655 799 2627 655 799 2628 603 799 2629 604 799 2630 655 799 2631 604 799 2632 654 799 2633 654 799 2634 604 799 2635 605 799 2636 654 799 2637 605 799 2638 653 799 2639 653 799 2640 605 799 2641 606 799 2642 653 799 2643 606 799 2644 652 799 2645 652 799 2646 606 799 2647 607 799 2648 652 799 2649 607 799 2650 651 799 2651 651 799 2652 607 799 2653 608 799 2654 651 799 2655 608 799 2656 650 799 2657 650 799 2658 608 799 2659 609 799 2660 650 799 2661 609 799 2662 649 799 2663 649 799 2664 609 799 2665 648 799 2666 648 799 2667 609 799 2668 610 799 2669 648 799 2670 610 799 2671 647 799 2672 647 799 2673 610 799 2674 611 799 2675 647 799 2676 611 799 2677 646 799 2678 646 799 2679 611 799 2680 612 799 2681 646 799 2682 612 799 2683 645 799 2684 645 799 2685 612 799 2686 613 799 2687 645 799 2688 613 799 2689 644 799 2690 644 799 2691 613 799 2692 614 799 2693 644 799 2694 614 799 2695 643 799 2696 643 799 2697 614 799 2698 615 799 2699 643 799 2700 615 799 2701 642 799 2702 642 799 2703 615 799 2704 616 799 2705 642 799 2706 616 799 2707 641 799 2708 641 799 2709 616 799 2710 617 799 2711 641 799 2712 617 799 2713 640 799 2714 640 799 2715 617 799 2716 618 799 2717 640 799 2718 618 799 2719 639 799 2720 639 799 2721 618 799 2722 619 799 2723 639 799 2724 619 799 2725 620 799 2726 621 799 2727 563 799 2728 620 799 2729 620 799 2730 563 799 2731 638 799 2732 620 799 2733 638 799 2734 639 799 2735 622 799 2736 570 799 2737 621 799 2738 621 799 2739 570 799 2740 569 799 2741 621 799 2742 569 799 2743 568 799 2744 570 799 2745 622 799 2746 571 799 2747 571 799 2748 622 799 2749 623 799 2750 571 799 2751 623 799 2752 572 799 2753 572 799 2754 623 799 2755 573 799 2756 573 799 2757 623 799 2758 557 799 2759 557 799 2760 623 799 2761 624 799 2762 557 799 2763 624 799 2764 558 799 2765 558 799 2766 624 799 2767 625 799 2768 558 799 2769 625 799 2770 559 799 2771 559 799 2772 625 799 2773 626 799 2774 559 799 2775 626 799 2776 549 799 2777 549 799 2778 626 799 2779 627 799 2780 549 799 2781 627 799 2782 550 799 2783 550 799 2784 627 799 2785 628 799 2786 550 799 2787 628 799 2788 551 799 2789 551 799 2790 628 799 2791 629 799 2792 551 799 2793 629 799 2794 552 799 2795 552 799 2796 629 799 2797 630 799 2798 552 799 2799 630 799 2800 547 799 2801 547 799 2802 630 799 2803 631 799 2804 547 799 2805 631 799 2806 632 799 2807 632 799 2808 633 799 2809 547 799 2810 547 799 2811 633 799 2812 634 799 2813 547 799 2814 634 799 2815 543 799 2816 543 799 2817 634 799 2818 635 799 2819 543 799 2820 635 799 2821 636 799 2822 636 799 2823 637 799 2824 543 799 2825 543 799 2826 637 799 2827 544 799 2828 568 799 2829 567 799 2830 621 799 2831 621 799 2832 567 799 2833 566 799 2834 621 799 2835 566 799 2836 565 799 2837 565 799 2838 564 799 2839 621 799 2840 621 799 2841 564 799 2842 563 799 2843 544 800 2844 637 801 2845 545 802 2846 545 802 2847 637 801 2848 233 803 2849 545 802 2850 233 803 2851 232 804 2852 233 803 2853 637 801 2854 234 805 2855 234 805 2856 637 801 2857 636 806 2858 234 805 2859 636 806 2860 235 807 2861 235 807 2862 636 806 2863 635 808 2864 235 807 2865 635 808 2866 236 809 2867 236 809 2868 635 808 2869 634 810 2870 236 809 2871 634 810 2872 237 811 2873 237 811 2874 634 810 2875 633 812 2876 237 811 2877 633 812 2878 238 813 2879 238 813 2880 633 812 2881 632 814 2882 238 813 2883 632 814 2884 239 815 2885 239 815 2886 632 814 2887 631 816 2888 631 816 2889 630 817 2890 239 815 2891 239 815 2892 630 817 2893 240 818 2894 240 818 2895 630 817 2896 656 819 2897 656 819 2898 630 817 2899 629 820 2900 656 819 2901 629 820 2902 657 821 2903 657 821 2904 629 820 2905 628 822 2906 657 821 2907 628 822 2908 658 823 2909 658 823 2910 628 822 2911 627 824 2912 658 823 2913 627 824 2914 626 825 2915 626 825 2916 244 826 2917 658 823 2918 658 823 2919 244 826 2920 243 827 2921 658 823 2922 243 827 2923 657 821 2924 657 821 2925 243 827 2926 242 828 2927 657 821 2928 242 828 2929 656 819 2930 656 819 2931 242 828 2932 241 829 2933 656 819 2934 241 829 2935 240 818 2936 244 826 2937 626 825 2938 245 830 2939 245 830 2940 626 825 2941 625 831 2942 245 830 2943 625 831 2944 246 832 2945 246 832 2946 625 831 2947 624 833 2948 246 832 2949 624 833 2950 247 834 2951 247 834 2952 624 833 2953 623 835 2954 247 834 2955 623 835 2956 248 836 2957 248 836 2958 623 835 2959 622 837 2960 248 836 2961 622 837 2962 249 838 2963 249 838 2964 622 837 2965 621 839 2966 621 839 2967 620 840 2968 249 838 2969 249 838 2970 620 840 2971 250 841 2972 250 841 2973 620 840 2974 251 842 2975 251 842 2976 620 840 2977 619 843 2978 251 842 2979 619 843 2980 252 844 2981 252 844 2982 619 843 2983 618 845 2984 252 844 2985 618 845 2986 253 846 2987 253 846 2988 618 845 2989 617 847 2990 617 847 2991 616 848 2992 253 846 2993 253 846 2994 616 848 2995 254 849 2996 254 849 2997 616 848 2998 255 850 2999 255 850 3000 616 848 3001 615 851 3002 255 850 3003 615 851 3004 256 852 3005 256 852 3006 615 851 3007 614 853 3008 256 852 3009 614 853 3010 257 854 3011 257 854 3012 614 853 3013 613 855 3014 257 854 3015 613 855 3016 258 856 3017 258 856 3018 613 855 3019 612 857 3020 612 857 3021 611 858 3022 258 856 3023 258 856 3024 611 858 3025 259 859 3026 259 859 3027 611 858 3028 260 860 3029 260 860 3030 611 858 3031 610 861 3032 260 860 3033 610 861 3034 261 862 3035 261 862 3036 610 861 3037 609 863 3038 261 862 3039 609 863 3040 262 864 3041 262 864 3042 609 863 3043 608 865 3044 262 864 3045 608 865 3046 263 866 3047 263 866 3048 608 865 3049 607 867 3050 607 867 3051 606 868 3052 263 866 3053 263 866 3054 606 868 3055 264 869 3056 264 869 3057 606 868 3058 265 870 3059 265 870 3060 606 868 3061 605 871 3062 265 870 3063 605 871 3064 266 872 3065 266 872 3066 605 871 3067 604 873 3068 266 872 3069 604 873 3070 267 874 3071 267 874 3072 604 873 3073 603 875 3074 603 875 3075 602 876 3076 267 874 3077 267 874 3078 602 876 3079 268 877 3080 268 877 3081 602 876 3082 269 878 3083 269 878 3084 602 876 3085 601 879 3086 269 878 3087 601 879 3088 270 880 3089 270 880 3090 601 879 3091 600 881 3092 270 880 3093 600 881 3094 271 882 3095 271 882 3096 600 881 3097 599 883 3098 271 882 3099 599 883 3100 272 884 3101 272 884 3102 599 883 3103 598 885 3104 272 884 3105 598 885 3106 273 886 3107 273 886 3108 598 885 3109 597 887 3110 273 886 3111 597 887 3112 659 888 3113 659 888 3114 597 887 3115 596 889 3116 659 888 3117 596 889 3118 660 890 3119 660 890 3120 596 889 3121 595 891 3122 660 890 3123 595 891 3124 661 892 3125 661 892 3126 595 891 3127 594 893 3128 661 892 3129 594 893 3130 593 894 3131 593 894 3132 277 895 3133 661 892 3134 661 892 3135 277 895 3136 276 896 3137 661 892 3138 276 896 3139 660 890 3140 660 890 3141 276 896 3142 275 897 3143 660 890 3144 275 897 3145 659 888 3146 659 888 3147 275 897 3148 274 898 3149 659 888 3150 274 898 3151 273 886 3152 277 895 3153 593 894 3154 278 899 3155 278 899 3156 593 894 3157 592 900 3158 278 899 3159 592 900 3160 279 901 3161 279 901 3162 592 900 3163 591 902 3164 279 901 3165 591 902 3166 280 903 3167 280 903 3168 591 902 3169 590 904 3170 280 905 3171 590 906 3172 281 907 3173 281 907 3174 590 906 3175 589 908 3176 281 907 3177 589 908 3178 282 909 3179 282 909 3180 589 908 3181 588 910 3182 282 909 3183 588 910 3184 283 911 3185 283 911 3186 588 910 3187 587 912 3188 283 911 3189 587 912 3190 284 913 3191 284 913 3192 587 912 3193 586 914 3194 284 913 3195 586 914 3196 285 915 3197 285 915 3198 586 914 3199 585 916 3200 285 915 3201 585 916 3202 504 917 3203 504 917 3204 585 916 3205 501 918 3206 504 917 3207 229 919 3208 285 915 3209 504 920 3210 662 921 3211 229 922 3212 229 922 3213 662 921 3214 230 923 3215 663 924 3216 545 925 3217 231 926 3218 231 926 3219 545 925 3220 232 927 3221 667 928 3222 94 929 3223 666 930 3224 666 930 3225 94 929 3226 93 931 3227 666 930 3228 93 931 3229 665 932 3230 665 932 3231 93 931 3232 92 933 3233 665 932 3234 92 933 3235 91 934 3236 91 934 3237 664 935 3238 665 932 3239 95 936 3240 94 929 3241 668 937 3242 668 937 3243 94 929 3244 667 928 3245 315 349 3246 99 342 3247 671 938 3248 671 938 3249 99 342 3250 98 939 3251 671 938 3252 98 939 3253 670 940 3254 670 940 3255 98 939 3256 97 941 3257 670 940 3258 97 941 3259 669 942 3260 669 942 3261 97 941 3262 96 943 3263 669 942 3264 96 943 3265 95 936 3266 95 936 3267 668 937 3268 669 942 3269 662 944 3270 663 945 3271 230 946 3272 230 946 3273 663 945 3274 231 947 3275 437 948 3276 42 949 3277 438 950 3278 438 950 3279 42 949 3280 41 951 3281 438 950 3282 41 951 3283 40 952 3284 39 953 3285 440 954 3286 40 952 3287 40 952 3288 440 954 3289 439 955 3290 40 952 3291 439 955 3292 438 950 3293 39 953 3294 38 956 3295 440 954 3296 440 954 3297 38 956 3298 441 957 3299 441 957 3300 38 956 3301 442 958 3302 442 958 3303 38 956 3304 37 959 3305 442 958 3306 37 959 3307 443 960 3308 443 960 3309 37 959 3310 36 961 3311 443 960 3312 36 961 3313 35 962 3314 34 963 3315 445 964 3316 35 962 3317 35 962 3318 445 964 3319 444 965 3320 35 962 3321 444 965 3322 443 960 3323 34 963 3324 33 966 3325 445 964 3326 445 964 3327 33 966 3328 446 967 3329 446 967 3330 33 966 3331 447 968 3332 447 968 3333 33 966 3334 32 969 3335 447 968 3336 32 969 3337 31 970 3338 30 971 3339 410 972 3340 31 970 3341 31 970 3342 410 972 3343 448 973 3344 31 970 3345 448 973 3346 447 968 3347 672 974 3348 673 975 3349 125 976 3350 125 976 3351 673 975 3352 126 977 3353 139 978 3354 674 979 3355 140 980 3356 140 980 3357 674 979 3358 675 981 3359 140 980 3360 675 981 3361 141 982 3362 141 982 3363 675 981 3364 676 983 3365 141 982 3366 676 983 3367 142 984 3368 142 984 3369 676 983 3370 677 985 3371 142 984 3372 677 985 3373 143 986 3374 143 986 3375 677 985 3376 678 987 3377 143 986 3378 678 987 3379 144 988 3380 144 988 3381 678 987 3382 679 989 3383 144 988 3384 679 989 3385 145 990 3386 145 990 3387 679 989 3388 680 991 3389 145 990 3390 680 991 3391 146 992 3392 146 992 3393 680 991 3394 681 993 3395 146 992 3396 681 993 3397 147 994 3398 147 994 3399 681 993 3400 682 995 3401 147 994 3402 682 995 3403 148 996 3404 148 996 3405 682 995 3406 683 997 3407 148 996 3408 683 997 3409 149 998 3410 149 998 3411 683 997 3412 684 999 3413 149 998 3414 684 999 3415 150 1000 3416 150 1000 3417 684 999 3418 685 1001 3419 150 1000 3420 685 1001 3421 672 974 3422 672 974 3423 125 976 3424 150 1000 3425 686 1002 3426 674 979 3427 138 1003 3428 138 1003 3429 674 979 3430 139 978 3431 126 977 3432 673 975 3433 127 1004 3434 127 1004 3435 673 975 3436 687 1005 3437 127 1004 3438 687 1005 3439 128 1006 3440 128 1006 3441 687 1005 3442 688 1007 3443 128 1006 3444 688 1007 3445 129 1008 3446 129 1008 3447 688 1007 3448 689 1009 3449 129 1008 3450 689 1009 3451 130 1010 3452 130 1010 3453 689 1009 3454 690 1011 3455 130 1010 3456 690 1011 3457 131 1012 3458 131 1012 3459 690 1011 3460 691 1013 3461 131 1012 3462 691 1013 3463 132 1014 3464 132 1014 3465 691 1013 3466 692 1015 3467 132 1014 3468 692 1015 3469 133 1016 3470 133 1016 3471 692 1015 3472 693 1017 3473 133 1016 3474 693 1017 3475 134 1018 3476 134 1018 3477 693 1017 3478 694 1019 3479 134 1018 3480 694 1019 3481 135 1020 3482 135 1020 3483 694 1019 3484 695 1021 3485 135 1020 3486 695 1021 3487 136 1022 3488 136 1022 3489 695 1021 3490 696 1023 3491 136 1022 3492 696 1023 3493 137 1024 3494 137 1024 3495 696 1023 3496 697 1025 3497 137 1024 3498 697 1025 3499 686 1002 3500 686 1002 3501 138 1003 3502 137 1024 3503 698 1026 3504 699 1027 3505 151 1028 3506 151 1028 3507 699 1027 3508 152 1029 3509 165 1030 3510 700 1031 3511 166 1032 3512 166 1032 3513 700 1031 3514 701 1033 3515 166 1032 3516 701 1033 3517 167 1034 3518 167 1034 3519 701 1033 3520 702 1035 3521 167 1034 3522 702 1035 3523 168 1036 3524 168 1036 3525 702 1035 3526 703 1037 3527 168 1036 3528 703 1037 3529 169 1038 3530 169 1038 3531 703 1037 3532 704 1039 3533 169 1038 3534 704 1039 3535 170 1040 3536 170 1040 3537 704 1039 3538 705 1041 3539 170 1040 3540 705 1041 3541 171 1042 3542 171 1042 3543 705 1041 3544 706 1043 3545 171 1042 3546 706 1043 3547 172 1044 3548 172 1044 3549 706 1043 3550 707 1045 3551 172 1044 3552 707 1045 3553 173 1046 3554 173 1046 3555 707 1045 3556 708 1047 3557 173 1046 3558 708 1047 3559 174 1048 3560 174 1048 3561 708 1047 3562 709 1049 3563 174 1048 3564 709 1049 3565 175 1050 3566 175 1050 3567 709 1049 3568 710 1051 3569 175 1050 3570 710 1051 3571 176 1052 3572 176 1052 3573 710 1051 3574 711 1053 3575 176 1052 3576 711 1053 3577 698 1026 3578 698 1026 3579 151 1028 3580 176 1052 3581 712 1054 3582 700 1031 3583 164 1055 3584 164 1055 3585 700 1031 3586 165 1030 3587 152 1029 3588 699 1027 3589 153 1056 3590 153 1056 3591 699 1027 3592 713 1057 3593 153 1056 3594 713 1057 3595 154 1058 3596 154 1058 3597 713 1057 3598 714 1059 3599 154 1058 3600 714 1059 3601 155 1060 3602 155 1060 3603 714 1059 3604 715 1061 3605 155 1060 3606 715 1061 3607 156 1062 3608 156 1062 3609 715 1061 3610 716 1063 3611 156 1062 3612 716 1063 3613 157 1064 3614 157 1064 3615 716 1063 3616 717 1065 3617 157 1064 3618 717 1065 3619 158 1066 3620 158 1066 3621 717 1065 3622 718 1067 3623 158 1066 3624 718 1067 3625 159 1068 3626 159 1068 3627 718 1067 3628 719 1005 3629 159 1068 3630 719 1005 3631 160 1069 3632 160 1069 3633 719 1005 3634 720 1070 3635 160 1069 3636 720 1070 3637 161 1071 3638 161 1071 3639 720 1070 3640 721 1072 3641 161 1071 3642 721 1072 3643 162 1073 3644 162 1073 3645 721 1072 3646 722 1074 3647 162 1073 3648 722 1074 3649 163 1075 3650 163 1075 3651 722 1074 3652 723 1076 3653 163 1075 3654 723 1076 3655 712 1054 3656 712 1054 3657 164 1055 3658 163 1075 3659 724 1077 3660 725 1078 3661 177 1079 3662 177 1079 3663 725 1078 3664 178 1080 3665 191 1081 3666 726 1082 3667 192 1083 3668 192 1083 3669 726 1082 3670 727 1084 3671 192 1083 3672 727 1084 3673 193 1085 3674 193 1085 3675 727 1084 3676 728 1086 3677 193 1085 3678 728 1086 3679 194 1036 3680 194 1036 3681 728 1086 3682 729 1037 3683 194 1036 3684 729 1037 3685 195 1087 3686 195 1087 3687 729 1037 3688 730 1088 3689 195 1087 3690 730 1088 3691 196 1089 3692 196 1089 3693 730 1088 3694 731 1090 3695 196 1089 3696 731 1090 3697 197 1091 3698 197 1091 3699 731 1090 3700 732 1092 3701 197 1091 3702 732 1092 3703 198 1093 3704 198 1093 3705 732 1092 3706 733 1094 3707 198 1093 3708 733 1094 3709 199 1095 3710 199 1095 3711 733 1094 3712 734 1096 3713 199 1095 3714 734 1096 3715 200 1097 3716 200 1097 3717 734 1096 3718 735 1098 3719 200 1097 3720 735 1098 3721 201 1099 3722 201 1099 3723 735 1098 3724 736 1100 3725 201 1099 3726 736 1100 3727 202 1052 3728 202 1052 3729 736 1100 3730 737 1101 3731 202 1052 3732 737 1101 3733 724 1077 3734 724 1077 3735 177 1079 3736 202 1052 3737 738 1102 3738 726 1082 3739 190 1103 3740 190 1103 3741 726 1082 3742 191 1081 3743 178 1080 3744 725 1078 3745 179 1104 3746 179 1104 3747 725 1078 3748 739 1105 3749 179 1104 3750 739 1105 3751 180 1106 3752 180 1106 3753 739 1105 3754 740 1107 3755 180 1106 3756 740 1107 3757 181 1108 3758 181 1108 3759 740 1107 3760 741 1109 3761 181 1108 3762 741 1109 3763 182 1110 3764 182 1110 3765 741 1109 3766 742 1111 3767 182 1110 3768 742 1111 3769 183 1112 3770 183 1112 3771 742 1111 3772 743 1113 3773 183 1112 3774 743 1113 3775 184 1066 3776 184 1066 3777 743 1113 3778 744 1067 3779 184 1066 3780 744 1067 3781 185 1068 3782 185 1068 3783 744 1067 3784 745 1114 3785 185 1068 3786 745 1114 3787 186 1115 3788 186 1115 3789 745 1114 3790 746 1116 3791 186 1115 3792 746 1116 3793 187 1117 3794 187 1117 3795 746 1116 3796 747 1118 3797 187 1117 3798 747 1118 3799 188 1119 3800 188 1119 3801 747 1118 3802 748 1120 3803 188 1119 3804 748 1120 3805 189 1075 3806 189 1075 3807 748 1120 3808 749 1121 3809 189 1075 3810 749 1121 3811 738 1102 3812 738 1102 3813 190 1103 3814 189 1075 3815 750 1122 3816 751 1123 3817 203 1124 3818 203 1124 3819 751 1123 3820 204 1125 3821 217 1126 3822 752 1127 3823 218 980 3824 218 980 3825 752 1127 3826 753 981 3827 218 980 3828 753 981 3829 219 1128 3830 219 1128 3831 753 981 3832 754 1129 3833 219 1128 3834 754 1129 3835 220 1130 3836 220 1130 3837 754 1129 3838 755 1131 3839 220 1130 3840 755 1131 3841 221 1132 3842 221 1132 3843 755 1131 3844 756 1133 3845 221 1132 3846 756 1133 3847 222 1134 3848 222 1134 3849 756 1133 3850 757 1135 3851 222 1134 3852 757 1135 3853 223 1136 3854 223 1136 3855 757 1135 3856 758 1137 3857 223 1136 3858 758 1137 3859 224 1138 3860 224 1138 3861 758 1137 3862 759 1139 3863 224 1138 3864 759 1139 3865 225 1140 3866 225 1140 3867 759 1139 3868 760 1141 3869 225 1140 3870 760 1141 3871 226 1142 3872 226 1142 3873 760 1141 3874 761 1143 3875 226 1142 3876 761 1143 3877 227 1144 3878 227 1144 3879 761 1143 3880 762 1145 3881 227 1144 3882 762 1145 3883 228 1146 3884 228 1146 3885 762 1145 3886 763 1146 3887 228 1146 3888 763 1146 3889 750 1122 3890 750 1122 3891 203 1124 3892 228 1146 3893 764 1147 3894 752 1127 3895 216 1148 3896 216 1148 3897 752 1127 3898 217 1126 3899 204 1125 3900 751 1123 3901 205 1149 3902 205 1149 3903 751 1123 3904 765 1150 3905 205 1149 3906 765 1150 3907 206 1151 3908 206 1151 3909 765 1150 3910 766 1152 3911 206 1151 3912 766 1152 3913 207 1153 3914 207 1153 3915 766 1152 3916 767 1154 3917 207 1153 3918 767 1154 3919 208 1155 3920 208 1155 3921 767 1154 3922 768 1156 3923 208 1155 3924 768 1156 3925 209 1157 3926 209 1157 3927 768 1156 3928 769 1158 3929 209 1157 3930 769 1158 3931 210 1159 3932 210 1159 3933 769 1158 3934 770 1160 3935 210 1159 3936 770 1160 3937 211 1161 3938 211 1161 3939 770 1160 3940 771 1162 3941 211 1161 3942 771 1162 3943 212 1163 3944 212 1163 3945 771 1162 3946 772 1164 3947 212 1163 3948 772 1164 3949 213 1165 3950 213 1165 3951 772 1164 3952 773 1166 3953 213 1165 3954 773 1166 3955 214 1167 3956 214 1167 3957 773 1166 3958 774 1168 3959 214 1167 3960 774 1168 3961 215 1169 3962 215 1169 3963 774 1168 3964 775 1170 3965 215 1169 3966 775 1170 3967 764 1147 3968 764 1147 3969 216 1148 3970 215 1169 3971 664 1171 3972 91 1172 3973 791 1173 3974 791 1173 3975 91 1172 3976 90 1174 3977 791 1173 3978 90 1174 3979 790 1175 3980 790 1175 3981 90 1174 3982 89 1176 3983 790 1175 3984 89 1176 3985 789 1177 3986 789 1177 3987 89 1176 3988 88 1178 3989 789 1177 3990 88 1178 3991 788 1179 3992 788 1179 3993 88 1178 3994 87 1180 3995 788 1179 3996 87 1180 3997 787 1181 3998 787 1181 3999 87 1180 4000 86 1182 4001 787 1181 4002 86 1182 4003 786 1183 4004 786 1183 4005 86 1182 4006 85 1184 4007 786 1183 4008 85 1184 4009 785 1185 4010 785 1185 4011 85 1184 4012 84 1186 4013 785 1185 4014 84 1186 4015 784 1187 4016 784 1187 4017 84 1186 4018 83 1188 4019 784 1187 4020 83 1188 4021 488 1189 4022 488 1189 4023 776 1190 4024 784 1187 4025 784 1187 4026 776 1190 4027 777 1191 4028 784 1187 4029 777 1191 4030 785 1185 4031 785 1185 4032 777 1191 4033 778 1192 4034 785 1185 4035 778 1192 4036 786 1183 4037 786 1183 4038 778 1192 4039 779 1193 4040 786 1183 4041 779 1193 4042 787 1181 4043 787 1181 4044 779 1193 4045 780 1194 4046 787 1181 4047 780 1194 4048 788 1179 4049 788 1179 4050 780 1194 4051 781 1195 4052 788 1179 4053 781 1195 4054 789 1177 4055 789 1177 4056 781 1195 4057 782 1196 4058 789 1177 4059 782 1196 4060 790 1175 4061 790 1175 4062 782 1196 4063 783 1197 4064 790 1175 4065 783 1197 4066 791 1173 4067 791 1173 4068 783 1197 4069 664 1171 4070 375 96 4071 364 96 4072 376 96 4073 376 96 4074 364 96 4075 314 1198 4076 376 96 4077 314 1198 4078 385 96 4079 385 96 4080 314 1198 4081 386 96 4082 386 96 4083 314 1198 4084 387 1199 4085 387 1199 4086 314 1198 4087 313 1200 4088 387 1199 4089 313 1200 4090 388 1201 4091 388 1201 4092 313 1200 4093 312 1202 4094 388 1201 4095 312 1202 4096 389 1203 4097 389 1203 4098 312 1202 4099 482 1204 4100 389 1203 4101 482 1204 4102 481 1205 4103 375 96 4104 374 1206 4105 364 96 4106 364 96 4107 374 1206 4108 365 1207 4109 365 1207 4110 374 1206 4111 373 1208 4112 365 1207 4113 373 1208 4114 372 96 4115 365 1207 4116 372 96 4117 366 96 4118 366 96 4119 372 96 4120 371 96 4121 366 96 4122 371 96 4123 370 96 4124 370 96 4125 369 96 4126 366 96 4127 366 96 4128 369 96 4129 368 96 4130 366 96 4131 368 96 4132 367 96 4133 312 1202 4134 311 96 4135 482 1204 4136 482 1204 4137 311 96 4138 483 96 4139 483 96 4140 311 96 4141 310 1209 4142 483 96 4143 310 1209 4144 484 96 4145 484 96 4146 310 1209 4147 485 1210 4148 485 1210 4149 310 1209 4150 486 1211 4151 486 1211 4152 310 1209 4153 315 1212 4154 486 1211 4155 315 1212 4156 487 1213 4157 487 1213 4158 315 1212 4159 488 1214 4160 488 1214 4161 315 1212 4162 671 1215 4163 488 1214 4164 671 1215 4165 670 96 4166 670 96 4167 669 96 4168 488 1214 4169 488 1214 4170 669 96 4171 668 1216 4172 488 1214 4173 668 1216 4174 667 1217 4175 666 1218 4176 777 96 4177 667 1217 4178 667 1217 4179 777 96 4180 776 1219 4181 667 1217 4182 776 1219 4183 488 1214 4184 777 96 4185 666 1218 4186 778 1220 4187 778 1220 4188 666 1218 4189 665 1221 4190 778 1220 4191 665 1221 4192 779 1222 4193 779 1222 4194 665 1221 4195 780 96 4196 780 96 4197 665 1221 4198 781 96 4199 781 96 4200 665 1221 4201 782 96 4202 782 96 4203 665 1221 4204 783 96 4205 783 96 4206 665 1221 4207 664 96 4208 389 1203 4209 481 1205 4210 390 1223 4211 390 1223 4212 481 1205 4213 480 1224 4214 390 1223 4215 480 1224 4216 391 1225 4217 391 1225 4218 480 1224 4219 392 1226 4220 392 1226 4221 480 1224 4222 500 96 4223 392 1226 4224 500 96 4225 499 96 4226 499 96 4227 498 96 4228 392 1226 4229 392 1226 4230 498 96 4231 496 96 4232 496 96 4233 498 96 4234 497 96 4235 584 1227 4236 792 1228 4237 563 1229 4238 563 1229 4239 792 1228 4240 638 1230 4241 792 1228 4242 793 1231 4243 638 1230 4244 638 1230 4245 793 1231 4246 639 1232 4247 639 1232 4248 793 1231 4249 640 1233 4250 640 1233 4251 793 1231 4252 794 1234 4253 640 1233 4254 794 1234 4255 641 1235 4256 641 1235 4257 794 1234 4258 795 1236 4259 795 1236 4260 796 1237 4261 641 1235 4262 641 1235 4263 796 1237 4264 642 1238 4265 796 1237 4266 797 1239 4267 642 1238 4268 642 1238 4269 797 1239 4270 643 1240 4271 643 1240 4272 797 1239 4273 644 1241 4274 644 1241 4275 797 1239 4276 798 1242 4277 644 1241 4278 798 1242 4279 645 1243 4280 645 1243 4281 798 1242 4282 799 1244 4283 645 1243 4284 799 1244 4285 646 1245 4286 646 1245 4287 799 1244 4288 800 1246 4289 800 1246 4290 801 1247 4291 646 1245 4292 646 1245 4293 801 1247 4294 647 1248 4295 801 1247 4296 802 1249 4297 647 1248 4298 647 1248 4299 802 1249 4300 648 1250 4301 648 1250 4302 802 1249 4303 649 1251 4304 649 1251 4305 802 1249 4306 803 1252 4307 649 1251 4308 803 1252 4309 650 1253 4310 650 1253 4311 803 1252 4312 804 1254 4313 650 1253 4314 804 1254 4315 651 1255 4316 651 1255 4317 804 1254 4318 805 1256 4319 805 1256 4320 806 1257 4321 651 1255 4322 651 1255 4323 806 1257 4324 652 1258 4325 806 1257 4326 807 1259 4327 652 1258 4328 652 1258 4329 807 1259 4330 653 1260 4331 653 1260 4332 807 1259 4333 654 1261 4334 654 1261 4335 807 1259 4336 808 1262 4337 654 1261 4338 808 1262 4339 655 1263 4340 655 1263 4341 808 1262 4342 809 1264 4343 516 1265 4344 655 1263 4345 517 1266 4346 517 1266 4347 655 1263 4348 809 1264 4349 309 1267 4350 833 1268 4351 286 1269 4352 286 1269 4353 833 1268 4354 810 1270 4355 286 1269 4356 810 1270 4357 287 1271 4358 287 1271 4359 810 1270 4360 811 1272 4361 287 1271 4362 811 1272 4363 288 1273 4364 288 1273 4365 811 1272 4366 812 1274 4367 288 1273 4368 812 1274 4369 289 1275 4370 289 1275 4371 812 1274 4372 813 1276 4373 289 1275 4374 813 1276 4375 290 1277 4376 290 1277 4377 813 1276 4378 814 1278 4379 290 1277 4380 814 1278 4381 291 1279 4382 291 1279 4383 814 1278 4384 815 1280 4385 291 1279 4386 815 1280 4387 292 1281 4388 292 1281 4389 815 1280 4390 816 1282 4391 292 1281 4392 816 1282 4393 293 1283 4394 293 1283 4395 816 1282 4396 817 1284 4397 293 1283 4398 817 1284 4399 294 1285 4400 294 1285 4401 817 1284 4402 818 1286 4403 294 1285 4404 818 1286 4405 295 1287 4406 295 1287 4407 818 1286 4408 819 1288 4409 295 1287 4410 819 1288 4411 296 1289 4412 296 1289 4413 819 1288 4414 820 1290 4415 296 1289 4416 820 1290 4417 297 1291 4418 297 1291 4419 820 1290 4420 821 1292 4421 297 1291 4422 821 1292 4423 298 1293 4424 298 1293 4425 821 1292 4426 822 1294 4427 298 1293 4428 822 1294 4429 299 1295 4430 299 1295 4431 822 1294 4432 823 1296 4433 299 1295 4434 823 1296 4435 300 1297 4436 300 1297 4437 823 1296 4438 824 1298 4439 300 1297 4440 824 1298 4441 301 1299 4442 301 1299 4443 824 1298 4444 825 1300 4445 301 1299 4446 825 1300 4447 302 1301 4448 302 1301 4449 825 1300 4450 826 1302 4451 302 1301 4452 826 1302 4453 303 1303 4454 303 1303 4455 826 1302 4456 827 1304 4457 303 1303 4458 827 1304 4459 304 1305 4460 304 1305 4461 827 1304 4462 828 1306 4463 304 1305 4464 828 1306 4465 305 1307 4466 305 1307 4467 828 1306 4468 829 1308 4469 305 1307 4470 829 1308 4471 306 1309 4472 306 1309 4473 829 1308 4474 830 1310 4475 306 1309 4476 830 1310 4477 307 1311 4478 307 1311 4479 830 1310 4480 831 1312 4481 307 1311 4482 831 1312 4483 308 1313 4484 308 1313 4485 831 1312 4486 832 1314 4487 308 1313 4488 832 1314 4489 309 1267 4490 309 1267 4491 832 1314 4492 833 1268 4493 672 799 4494 584 1315 4495 673 1316 4496 673 1316 4497 584 1315 4498 583 1317 4499 673 1316 4500 583 1317 4501 582 1318 4502 672 799 4503 685 1319 4504 584 1315 4505 584 1315 4506 685 1319 4507 684 1320 4508 584 1315 4509 684 1320 4510 792 1321 4511 792 1321 4512 684 1320 4513 683 1322 4514 792 1321 4515 683 1322 4516 682 1323 4517 792 1321 4518 682 1323 4519 793 1324 4520 793 1324 4521 682 1323 4522 681 1325 4523 793 1324 4524 681 1325 4525 794 1326 4526 794 1326 4527 681 1325 4528 795 1327 4529 795 1327 4530 681 1325 4531 680 1328 4532 795 1327 4533 680 1328 4534 679 1329 4535 795 1327 4536 679 1329 4537 796 1330 4538 796 1330 4539 679 1329 4540 678 1331 4541 796 1330 4542 678 1331 4543 677 1332 4544 796 1330 4545 677 1332 4546 797 1333 4547 797 1333 4548 677 1332 4549 676 1334 4550 797 1333 4551 676 1334 4552 798 1335 4553 798 1335 4554 676 1334 4555 799 1336 4556 799 1336 4557 676 1334 4558 800 1337 4559 800 1337 4560 676 1334 4561 675 1338 4562 800 1337 4563 675 1338 4564 674 1339 4565 674 1339 4566 686 1340 4567 800 1337 4568 800 1337 4569 686 1340 4570 801 1341 4571 801 1341 4572 686 1340 4573 725 1342 4574 801 1341 4575 725 1342 4576 724 1343 4577 686 1340 4578 697 1344 4579 725 1342 4580 725 1342 4581 697 1344 4582 739 1345 4583 739 1345 4584 697 1344 4585 696 1346 4586 739 1345 4587 696 1346 4588 812 1347 4589 812 1347 4590 696 1346 4591 695 1348 4592 812 1347 4593 695 1348 4594 813 1349 4595 813 1349 4596 695 1348 4597 694 1350 4598 813 1349 4599 694 1350 4600 814 1351 4601 814 1351 4602 694 1350 4603 693 1352 4604 814 1351 4605 693 1352 4606 692 1353 4607 814 1351 4608 692 1353 4609 815 799 4610 815 799 4611 692 1353 4612 691 1354 4613 815 799 4614 691 1354 4615 816 1355 4616 816 1355 4617 691 1354 4618 690 1356 4619 816 1355 4620 690 1356 4621 689 1357 4622 816 1355 4623 689 1357 4624 817 1358 4625 817 1358 4626 689 1357 4627 688 1359 4628 817 1358 4629 688 1359 4630 710 1360 4631 710 1360 4632 688 1359 4633 711 1361 4634 711 1361 4635 688 1359 4636 687 1362 4637 711 1361 4638 687 1362 4639 698 1363 4640 698 1363 4641 687 1362 4642 673 1316 4643 698 1363 4644 673 1316 4645 582 1318 4646 698 1363 4647 582 1318 4648 699 1364 4649 699 1364 4650 582 1318 4651 581 1365 4652 699 1364 4653 581 1365 4654 580 1366 4655 817 1358 4656 710 1360 4657 818 1367 4658 818 1367 4659 710 1360 4660 709 1368 4661 818 1367 4662 709 1368 4663 708 1369 4664 818 1367 4665 708 1369 4666 819 1370 4667 819 1370 4668 708 1369 4669 707 1371 4670 819 1370 4671 707 1371 4672 820 1372 4673 820 1372 4674 707 1371 4675 706 1373 4676 820 1372 4677 706 1373 4678 705 1374 4679 820 1372 4680 705 1374 4681 821 1375 4682 821 1375 4683 705 1374 4684 704 1376 4685 821 1375 4686 704 1376 4687 822 1377 4688 822 1377 4689 704 1376 4690 703 1378 4691 822 1377 4692 703 1378 4693 702 1379 4694 822 1377 4695 702 1379 4696 823 1380 4697 823 1380 4698 702 1379 4699 701 1381 4700 823 1380 4701 701 1381 4702 824 1382 4703 824 1382 4704 701 1381 4705 762 1383 4706 824 1382 4707 762 1383 4708 761 1384 4709 762 1383 4710 701 1381 4711 763 1385 4712 763 1385 4713 701 1381 4714 700 1386 4715 763 1385 4716 700 1386 4717 750 1387 4718 750 1387 4719 700 1386 4720 712 1388 4721 750 1387 4722 712 1388 4723 663 1389 4724 663 1389 4725 712 1388 4726 548 1390 4727 663 1389 4728 548 1390 4729 546 1391 4730 548 1390 4731 712 1388 4732 553 1392 4733 553 1392 4734 712 1388 4735 723 1393 4736 553 1392 4737 723 1393 4738 722 799 4739 553 1392 4740 722 799 4741 554 799 4742 554 799 4743 722 799 4744 721 1394 4745 554 799 4746 721 1394 4747 555 1395 4748 555 1395 4749 721 1394 4750 720 1396 4751 555 1395 4752 720 1396 4753 719 1397 4754 555 1395 4755 719 1397 4756 556 1398 4757 556 1398 4758 719 1397 4759 718 1399 4760 556 1398 4761 718 1399 4762 560 1400 4763 560 1400 4764 718 1399 4765 717 1401 4766 560 1400 4767 717 1401 4768 716 1402 4769 560 1400 4770 716 1402 4771 561 1403 4772 561 1403 4773 716 1402 4774 715 1404 4775 561 1403 4776 715 1404 4777 562 799 4778 562 799 4779 715 1404 4780 574 1405 4781 574 1405 4782 715 1404 4783 714 1406 4784 574 1405 4785 714 1406 4786 575 1407 4787 575 1407 4788 714 1406 4789 576 1408 4790 576 1408 4791 714 1406 4792 713 1409 4793 576 1408 4794 713 1409 4795 577 799 4796 577 799 4797 713 1409 4798 578 799 4799 578 799 4800 713 1409 4801 579 799 4802 579 799 4803 713 1409 4804 699 1364 4805 579 799 4806 699 1364 4807 580 1366 4808 737 1410 4809 803 1411 4810 724 1343 4811 724 1343 4812 803 1411 4813 802 1412 4814 724 1343 4815 802 1412 4816 801 1341 4817 736 1413 4818 805 1414 4819 737 1410 4820 737 1410 4821 805 1414 4822 804 799 4823 737 1410 4824 804 799 4825 803 1411 4826 736 1413 4827 735 1415 4828 805 1414 4829 805 1414 4830 735 1415 4831 734 1416 4832 805 1414 4833 734 1416 4834 733 1417 4835 805 1414 4836 733 1417 4837 806 1418 4838 806 1418 4839 733 1417 4840 732 1419 4841 806 1418 4842 732 1419 4843 731 1420 4844 731 1420 4845 730 1421 4846 806 1418 4847 806 1418 4848 730 1421 4849 807 799 4850 807 799 4851 730 1421 4852 808 1422 4853 808 1422 4854 730 1421 4855 729 1423 4856 808 1422 4857 729 1423 4858 809 1424 4859 809 1424 4860 729 1423 4861 728 1425 4862 809 1424 4863 728 1425 4864 727 1426 4865 809 1424 4866 727 1426 4867 517 1427 4868 517 1427 4869 727 1426 4870 726 1428 4871 517 1427 4872 726 1428 4873 738 1429 4874 749 1430 4875 753 1431 4876 738 1429 4877 738 1429 4878 753 1431 4879 752 1432 4880 738 1429 4881 752 1432 4882 517 1427 4883 517 1427 4884 752 1432 4885 518 1433 4886 518 1433 4887 752 1432 4888 764 1434 4889 518 1433 4890 764 1434 4891 519 799 4892 519 799 4893 764 1434 4894 520 1435 4895 520 1435 4896 764 1434 4897 775 1436 4898 520 1435 4899 775 1436 4900 521 1437 4901 521 1437 4902 775 1436 4903 522 1438 4904 522 1438 4905 775 1436 4906 774 1439 4907 522 1438 4908 774 1439 4909 523 799 4910 523 799 4911 774 1439 4912 524 1440 4913 524 1440 4914 774 1439 4915 773 1441 4916 524 1440 4917 773 1441 4918 525 1442 4919 525 1442 4920 773 1441 4921 526 799 4922 526 799 4923 773 1441 4924 527 1443 4925 527 1443 4926 773 1441 4927 772 1444 4928 527 1443 4929 772 1444 4930 528 799 4931 528 799 4932 772 1444 4933 532 1445 4934 532 1445 4935 772 1444 4936 771 1446 4937 532 1445 4938 771 1446 4939 533 1447 4940 533 1447 4941 771 1446 4942 770 1448 4943 533 1447 4944 770 1448 4945 534 1449 4946 534 1449 4947 770 1448 4948 769 1450 4949 534 1449 4950 769 1450 4951 539 1451 4952 539 1451 4953 769 1450 4954 768 1452 4955 539 1451 4956 768 1452 4957 540 1453 4958 540 1453 4959 768 1452 4960 767 1454 4961 540 1453 4962 767 1454 4963 766 1455 4964 753 1431 4965 749 1430 4966 754 1456 4967 754 1456 4968 749 1430 4969 748 1457 4970 754 1456 4971 748 1457 4972 829 1458 4973 829 1458 4974 748 1457 4975 830 1459 4976 830 1459 4977 748 1457 4978 747 799 4979 830 1459 4980 747 799 4981 746 1460 4982 830 1459 4983 746 1460 4984 831 1461 4985 831 1461 4986 746 1460 4987 745 1462 4988 831 1461 4989 745 1462 4990 832 1463 4991 832 1463 4992 745 1462 4993 744 1464 4994 832 1463 4995 744 1464 4996 743 1465 4997 832 1463 4998 743 1465 4999 833 1466 5000 833 1466 5001 743 1465 5002 742 1467 5003 833 1466 5004 742 1467 5005 810 1468 5006 810 1468 5007 742 1467 5008 741 1469 5009 810 1468 5010 741 1469 5011 740 1470 5012 810 1468 5013 740 1470 5014 811 1471 5015 811 1471 5016 740 1470 5017 739 1345 5018 811 1471 5019 739 1345 5020 812 1347 5021 750 1387 5022 663 1389 5023 751 799 5024 751 799 5025 663 1389 5026 662 1472 5027 751 799 5028 662 1472 5029 765 799 5030 765 799 5031 662 1472 5032 541 799 5033 765 799 5034 541 799 5035 766 1455 5036 766 1455 5037 541 799 5038 540 1453 5039 824 1382 5040 761 1384 5041 825 1473 5042 825 1473 5043 761 1384 5044 760 1474 5045 825 1473 5046 760 1474 5047 826 1475 5048 826 1475 5049 760 1474 5050 759 1476 5051 826 1475 5052 759 1476 5053 758 1477 5054 826 1475 5055 758 1477 5056 827 1478 5057 827 1478 5058 758 1477 5059 757 1479 5060 827 1478 5061 757 1479 5062 828 1480 5063 828 1480 5064 757 1479 5065 756 1481 5066 828 1480 5067 756 1481 5068 755 1482 5069 828 1480 5070 755 1482 5071 829 1458 5072 829 1458 5073 755 1482 5074 754 1456 5075 504 799 5076 503 1483 5077 662 1472 5078 662 1472 5079 503 1483 5080 542 1484 5081 662 1472 5082 542 1484 5083 541 799 5084 546 1391 5085 545 1485 5086 663 1389 5087</p>
        </triangles>
      </mesh>
    </geometry>
  </library_geometries>
  <library_visual_scenes>
    <visual_scene id="Scene" name="Scene">
      <node id="blue_leg" name="blue_leg" type="NODE">
        <matrix sid="transform">0.01 0 0 0 0 0.01 0 0 0 0 0.01 0 0 0 0 1</matrix>
        <instance_geometry url="#blue_leg-mesh" name="blue_leg">
          <bind_material>
            <technique_common>
              <instance_material symbol="Plástico_-_Translúcido_fosco__Azul__001-material" target="#Plástico_-_Translúcido_fosco__Azul__001-material">
                <bind_vertex_input semantic="UVMap" input_semantic="TEXCOORD" input_set="0"/>
              </instance_material>
            </technique_common>
          </bind_material>
        </instance_geometry>
      </node>
    </visual_scene>
  </library_visual_scenes>
  <scene>
    <instance_visual_scene url="#Scene"/>
  </scene>
</COLLADA>