<?xml version="1.0" encoding="utf-8"?>
<COLLADA xmlns="http://www.collada.org/2005/11/COLLADASchema" version="1.4.1" xmlns:xsi="http://www.w3.org/2001/XMLSchema-instance">
  <asset>
    <contributor>
      <author>Blender User</author>
      <authoring_tool>Blender 4.4.3 commit date:2025-04-29, commit time:14:09, hash:802179c51ccc</authoring_tool>
    </contributor>
    <created>2025-06-14T12:26:44</created>
    <modified>2025-06-14T12:26:44</modified>
    <unit name="meter" meter="1"/>
    <up_axis>Z_UP</up_axis>
  </asset>
  <library_effects>
    <effect id="Opaque_70_70_70__002-effect">
      <profile_COMMON>
        <technique sid="common">
          <lambert>
            <emission>
              <color sid="emission">0 0 0 1</color>
            </emission>
            <diffuse>
              <color sid="diffuse">0.27451 0.27451 0.27451 1</color>
            </diffuse>
            <index_of_refraction>
              <float sid="ior">1.5</float>
            </index_of_refraction>
          </lambert>
        </technique>
      </profile_COMMON>
    </effect>
  </library_effects>
  <library_images/>
  <library_materials>
    <material id="Opaque_70_70_70__002-material" name="Opaque(70,70,70).002">
      <instance_effect url="#Opaque_70_70_70__002-effect"/>
    </material>
  </library_materials>
  <library_geometries>
    <geometry id="gray_leg-mesh" name="gray_leg">
      <mesh>
        <source id="gray_leg-mesh-positions">
          <float_array id="gray_leg-mesh-positions-array" count="2508">-10.59889 8.160167 -0.425 -10.59889 8.160167 -0.4031 -10.58992 8.184828 -0.408104 -10.58113 8.208974 -0.415423 -10.5726 8.232413 -0.425 -10.64433 8.03534 -0.413763 -10.64433 8.03534 -0.425 -10.65461 8.007082 -0.425 -10.65123 8.016373 -0.420897 -10.6478 8.025796 -0.41715 -10.62873 8.064772 -0.405461 -10.61579 8.095733 -0.400927 -10.60586 8.127501 -0.400165 -10.60884 8.116787 -0.425 -10.62406 8.074965 -0.425 -10.66117 8.009471 -0.425 -10.68975 7.974424 -0.44796 -10.71945 7.945704 -0.476191 -10.74854 7.923165 -0.508456 -10.77697 7.905266 -0.545939 -10.79223 7.891551 -0.58132 -10.80348 7.881407 -0.619172 -10.81042 7.875123 -0.659016 -10.81278 7.872988 -0.699872 -10.81045 7.875098 -0.740738 -10.80353 7.881358 -0.780594 -10.79225 7.891536 -0.818632 -10.77697 7.905266 -0.854061 -10.73571 7.932512 -0.906405 -10.69326 7.970693 -0.948926 -10.67225 7.994804 -0.966618 -10.65261 8.022034 -0.980952 -10.63514 8.052006 -0.991387 -10.62036 8.083946 -0.997772 -10.60877 8.117035 -0.999999 -10.60058 8.151041 -0.998029 -10.59568 8.185809 -0.992059 -10.59411 8.220549 -0.98232 -10.60061 8.286931 -0.95273 -10.61689 8.345071 -0.913644 -10.6227 8.386484 -0.869489 -10.62701 8.41821 -0.817863 -10.62963 8.438247 -0.760616 -10.6305 8.445151 -0.700154 -10.62963 8.438313 -0.639673 -10.62702 8.41829 -0.582304 -10.62271 8.386537 -0.530584 -10.61689 8.345071 -0.486356 -10.60248 8.296022 -0.452503 -10.59472 8.240466 -0.425 -11.68827 8.383304 -0.425 -11.66821 8.438426 -0.406317 -11.64727 8.495969 -0.4 -11.62632 8.553513 -0.406317 -11.60626 8.608634 -0.425 -11.58345 8.671292 -0.465074 -11.56494 8.722159 -0.520944 -11.55196 8.757817 -0.588855 -11.54539 8.775868 -0.66424 -11.54567 8.775097 -0.742029 -11.55278 8.755558 -0.816992 -11.56625 8.718563 -0.884088 -11.58516 8.666601 -0.938805 -11.60825 8.603164 -0.977465 -11.63396 8.532521 -0.997468 -11.66057 8.459419 -0.997468 -11.68628 8.388774 -0.977465 -11.70937 8.325339 -0.938805 -11.72828 8.273375 -0.884088 -11.74175 8.236381 -0.816992 -11.74886 8.216841 -0.742029 -11.74914 8.216072 -0.66424 -11.74257 8.234123 -0.588855 -11.72959 8.269781 -0.520944 -11.71108 8.320648 -0.465074 -10.59863 8.276012 -0.425 -10.60605 8.310996 -0.425 -10.61689 8.345071 -0.425 -10.62868 8.43099 -0.425 -10.63592 8.492474 -0.425 -10.63956 8.569547 -0.425 -10.63054 8.639304 -0.425 -10.6192 8.690047 -0.425 -10.60176 8.759103 -0.425 -10.39349 8.974458 -0.425 -10.30702 9.072634 -0.425 -10.23408 9.163533 -0.425 -10.1288 9.330924 -0.425 -10.10003 9.413613 -0.425 -10.09493 9.456356 -0.425 -10.09581 9.477737 -0.425 -10.09949 9.498808 -0.425 -10.25428 9.526799 -0.425 -10.41153 9.523366 -0.425 -10.56495 9.488653 -0.425 -11.02687 9.334096 -0.425 -11.18648 9.259879 -0.425 -11.32555 9.15196 -0.425 -11.43707 9.015768 -0.425 -11.51544 8.858148 -0.425 -11.7951 8.089802 -0.425 -11.83638 7.918683 -0.425 -11.83849 7.742668 -0.425 -11.80133 7.570608 -0.425 -11.72676 7.411155 -0.425 -11.47226 6.995844 -0.425 -11.37705 6.870637 -0.425 -11.25879 6.766925 -0.425 -11.12222 6.688872 -0.425 -11.0932 6.716324 -0.425 -11.07054 6.749609 -0.425 -11.03991 6.825086 -0.425 -11.02131 6.912091 -0.425 -11.01063 7.017615 -0.425 -11.00727 7.141279 -0.425 -11.01038 7.278563 -0.425 -11.03151 7.578372 -0.425 -11.00048 7.642481 -0.425 -10.97655 7.688643 -0.425 -10.93862 7.747876 -0.425 -10.8863 7.804581 -0.425 -10.84122 7.847025 -0.425 -10.77697 7.905266 -0.425 -10.73344 7.934252 -0.425 -10.69457 7.969232 -0.425 -9.997018 8.521323 -0.425 -10.1238 8.793215 -0.425 -10.15045 8.835047 -0.425 -10.18702 8.868556 -0.425 -10.23102 8.89146 -0.425 -10.27944 8.902194 -0.425 -10.329 8.900032 -0.425 -10.3763 8.885116 -0.425 -10.41813 8.858467 -0.425 -10.45164 8.821897 -0.425 -10.47454 8.777901 -0.425 -10.48528 8.729477 -0.425 -10.48312 8.679924 -0.425 -10.4682 8.63262 -0.425 -10.34142 8.360728 -0.425 -10.31476 8.318896 -0.425 -10.2782 8.285387 -0.425 -10.2342 8.262483 -0.425 -10.18578 8.251749 -0.425 -10.13622 8.253911 -0.425 -10.08892 8.268826 -0.425 -10.04709 8.295476 -0.425 -10.01358 8.332045 -0.425 -9.990675 8.376042 -0.425 -9.979941 8.424466 -0.425 -9.982104 8.474019 -0.425 -9.080597 8.413518 -0.425 -9.35249 8.286733 -0.425 -9.394322 8.260084 -0.425 -9.427831 8.223514 -0.425 -9.450734 8.179518 -0.425 -9.461469 8.131094 -0.425 -9.459305 8.081542 -0.425 -9.444391 8.034237 -0.425 -9.41774 7.992405 -0.425 -9.381172 7.958895 -0.425 -9.337177 7.935993 -0.425 -9.288751 7.925257 -0.425 -9.239199 7.927421 -0.425 -9.191894 7.942336 -0.425 -8.920002 8.069122 -0.425 -8.87817 8.095771 -0.425 -8.844661 8.132341 -0.425 -8.821759 8.176337 -0.425 -8.811023 8.224761 -0.425 -8.813186 8.274313 -0.425 -8.828102 8.321618 -0.425 -8.854751 8.36345 -0.425 -8.891321 8.39696 -0.425 -8.935317 8.419861 -0.425 -8.98374 8.430598 -0.425 -9.033293 8.428434 -0.425 -10.576 7.716198 -0.425 -10.8479 7.589413 -0.425 -10.88973 7.562763 -0.425 -10.92324 7.526194 -0.425 -10.94614 7.482198 -0.425 -10.95688 7.433774 -0.425 -10.95471 7.384221 -0.425 -10.9398 7.336917 -0.425 -10.91315 7.295085 -0.425 -10.87658 7.261575 -0.425 -10.83258 7.238673 -0.425 -10.78416 7.227937 -0.425 -10.73461 7.230101 -0.425 -10.6873 7.245016 -0.425 -10.41541 7.371801 -0.425 -10.37358 7.398451 -0.425 -10.34007 7.43502 -0.425 -10.31717 7.479016 -0.425 -10.30643 7.52744 -0.425 -10.30859 7.576993 -0.425 -10.32351 7.624297 -0.425 -10.35016 7.666129 -0.425 -10.38673 7.699639 -0.425 -10.43072 7.722541 -0.425 -10.47915 7.733277 -0.425 -10.5287 7.731113 -0.425 -9.299698 7.025914 -0.425 -9.426485 7.297807 -0.425 -9.453134 7.339639 -0.425 -9.489704 7.373148 -0.425 -9.533699 7.396051 -0.425 -9.582123 7.406786 -0.425 -9.631675 7.404623 -0.425 -9.67898 7.389708 -0.425 -9.720812 7.363058 -0.425 -9.754322 7.326489 -0.425 -9.777224 7.282493 -0.425 -9.78796 7.234069 -0.425 -9.785797 7.184516 -0.425 -9.770881 7.137212 -0.425 -9.644096 6.865319 -0.425 -9.617445 6.823487 -0.425 -9.580877 6.789978 -0.425 -9.536882 6.767075 -0.425 -9.488456 6.75634 -0.425 -9.438904 6.758503 -0.425 -9.391599 6.773418 -0.425 -9.349767 6.800068 -0.425 -9.316259 6.836637 -0.425 -9.293355 6.880633 -0.425 -9.282621 6.929057 -0.425 -9.284784 6.97861 -0.425 -8.509082 6.484015 -0.425 -8.454962 6.353359 -0.425 -8.492351 6.287864 -0.425 -8.544894 6.233763 -0.425 -8.609268 6.194475 -0.425 -8.681405 6.172483 -0.425 -8.756749 6.169176 -0.425 -8.830535 6.184764 -0.425 -8.833753 6.185789 -0.425 -8.836935 6.186921 -0.425 -8.840077 6.188161 -0.425 -8.865723 6.19544 -0.425 -8.892357 6.196617 -0.425 -8.918546 6.19163 -0.425 -8.942883 6.180747 -0.425 -9.155988 6.080127 -0.425 -9.384327 6.021819 -0.425 -9.619584 6.007945 -0.425 -9.853193 6.039012 -0.425 -10.07665 6.113887 -0.425 -11.1629 6.597518 -0.425 -11.31686 6.685513 -0.425 -11.45018 6.802437 -0.425 -11.55752 6.943594 -0.425 -11.81203 7.358905 -0.425 -11.89609 7.538671 -0.425 -11.93799 7.732649 -0.425 -11.9356 7.931086 -0.425 -11.88907 8.124005 -0.425 -11.60941 8.892351 -0.425 -11.52106 9.070049 -0.425 -11.39533 9.22359 -0.425 -11.23855 9.345256 -0.425 -11.0586 9.42893 -0.425 -10.59668 9.583484 -0.425 -10.42372 9.622621 -0.425 -10.24643 9.62649 -0.425 -10.07193 9.594935 -0.425 -8.928939 9.267188 -0.425 -8.709634 9.180912 -0.425 -8.51071 9.05455 -0.425 -8.339411 8.892702 -0.425 -8.201973 8.701263 -0.425 -8.103403 8.487201 -0.425 -8.091755 8.46322 -0.425 -8.074898 8.442566 -0.425 -8.053739 8.426348 -0.425 -8.029414 8.415438 -0.425 -7.96257 8.394363 -0.425 -7.897949 8.365205 -0.425 -7.841976 8.321699 -0.425 -7.797774 8.26627 -0.425 -7.767813 8.202019 -0.425 -7.753766 8.132532 -0.425 -7.756416 8.061686 -0.425 -7.775617 7.993442 -0.425 -7.899724 7.955136 -0.425 -10.22395 7.829267 -0.425 -10.21236 7.741269 -0.425 -10.1784 7.659267 -0.425 -10.12437 7.588851 -0.425 -10.05395 7.534818 -0.425 -9.971948 7.500852 -0.425 -9.883951 7.489267 -0.425 -9.795951 7.500852 -0.425 -9.713951 7.534818 -0.425 -9.643533 7.588851 -0.425 -9.589502 7.659267 -0.425 -9.555536 7.741269 -0.425 -9.543951 7.829267 -0.425 -9.555536 7.917265 -0.425 -9.589502 7.999267 -0.425 -9.643533 8.069684 -0.425 -9.713951 8.123717 -0.425 -9.795951 8.157683 -0.425 -9.883951 8.169267 -0.425 -9.971948 8.157683 -0.425 -10.05395 8.123717 -0.425 -10.12437 8.069684 -0.425 -10.1784 7.999267 -0.425 -10.21236 7.917265 -0.425 -11.02687 9.334096 -4.125 -11.18648 9.259879 -4.125 -11.32555 9.15196 -4.125 -11.43707 9.015768 -4.125 -11.51544 8.858148 -4.125 -11.7951 8.089802 -4.125 -11.54466 8.777877 -3.5 -11.54815 8.768272 -3.422354 -11.55841 8.740108 -3.35 -11.57471 8.695308 -3.287868 -11.59596 8.636923 -3.240192 -11.62071 8.568932 -3.210222 -11.64727 8.495969 -3.2 -11.67382 8.423007 -3.210222 -11.69857 8.355015 -3.240192 -11.71982 8.29663 -3.287868 -11.73612 8.251831 -3.35 -11.74637 8.223668 -3.422354 -11.74987 8.214061 -3.5 -11.74637 8.223668 -3.577646 -11.73612 8.251831 -3.65 -11.71982 8.29663 -3.712132 -11.69857 8.355015 -3.759808 -11.67382 8.423007 -3.789778 -11.64727 8.495969 -3.8 -11.62071 8.568932 -3.789778 -11.59596 8.636923 -3.759808 -11.57471 8.695308 -3.712132 -11.55841 8.740108 -3.65 -11.54815 8.768272 -3.577646 -11.54466 8.777877 -2.1 -11.54815 8.768272 -2.022354 -11.55841 8.740108 -1.95 -11.57471 8.695308 -1.887868 -11.59596 8.636923 -1.840192 -11.62071 8.568932 -1.810222 -11.64727 8.495969 -1.8 -11.67382 8.423007 -1.810222 -11.69857 8.355015 -1.840192 -11.71982 8.29663 -1.887868 -11.73612 8.251831 -1.95 -11.74637 8.223668 -2.022354 -11.74987 8.214061 -2.1 -11.74637 8.223668 -2.177646 -11.73612 8.251831 -2.25 -11.71982 8.29663 -2.312132 -11.69857 8.355015 -2.359808 -11.67382 8.423007 -2.389778 -11.64727 8.495969 -2.4 -11.62071 8.568932 -2.389778 -11.59596 8.636923 -2.359808 -11.57471 8.695308 -2.312132 -11.55841 8.740108 -2.25 -11.54815 8.768272 -2.177646 -10.56495 9.488653 -4.125 -10.09949 9.498808 -4.125 -10.25428 9.526799 -4.125 -10.41153 9.523366 -4.125 -10.60176 8.759103 -4.125 -10.47823 8.884218 -4.125 -10.3689 9.001698 -4.125 -10.27566 9.110531 -4.125 -10.20061 9.209586 -4.125 -10.14547 9.297945 -4.125 -10.11072 9.375338 -4.125 -10.0957 9.442127 -4.125 -10.09529 9.471708 -4.125 -10.39353 8.974493 -2.275 -10.30704 9.072652 -2.275 -10.23408 9.163534 -2.275 -10.17239 9.252094 -2.275 -10.1288 9.330926 -2.275 -10.10003 9.413613 -2.275 -10.09493 9.456356 -2.275 -10.09581 9.477737 -2.275 -10.61689 8.345071 -1.886356 -10.62271 8.386537 -1.930584 -10.62702 8.41829 -1.982304 -10.62963 8.438313 -2.039673 -10.6305 8.445151 -2.100154 -10.62963 8.438247 -2.160616 -10.62701 8.41821 -2.217863 -10.6227 8.386484 -2.269489 -10.61689 8.345071 -2.313644 -10.61689 8.345071 -3.286356 -10.62271 8.386537 -3.330584 -10.62702 8.41829 -3.382304 -10.62963 8.438313 -3.439673 -10.6305 8.445151 -3.500154 -10.62963 8.438247 -3.560616 -10.62701 8.41821 -3.617863 -10.6227 8.386484 -3.669489 -10.61689 8.345071 -3.713644 -10.61689 8.345071 -4.125 -10.62617 8.411933 -4.125 -10.63168 8.454646 -4.125 -10.63741 8.50782 -4.125 -10.63956 8.569447 -4.125 -10.63308 8.626114 -4.125 -10.62378 8.670662 -4.125 -10.61544 8.705426 -4.125 -10.61921 8.690049 -2.891667 -10.62391 8.395203 -1.658333 -10.62869 8.430988 -1.658333 -10.63596 8.49247 -1.658333 -10.63956 8.569547 -1.658333 -10.63057 8.639309 -1.658333 -10.61921 8.690049 -1.658333 -10.62391 8.395203 -2.891667 -10.62869 8.430988 -2.891667 -10.63596 8.49247 -2.891667 -10.63956 8.569547 -2.891667 -10.63057 8.639309 -2.891667 -10.60061 8.286931 -1.84727 -10.59411 8.220549 -1.81768 -10.59568 8.185809 -1.807941 -10.60058 8.151041 -1.801971 -10.60877 8.117035 -1.800001 -10.62036 8.083946 -1.802228 -10.63514 8.052006 -1.808613 -10.65261 8.022034 -1.819048 -10.67225 7.994804 -1.833382 -10.69326 7.970693 -1.851074 -10.73571 7.932512 -1.893595 -10.77697 7.905266 -1.945939 -10.79223 7.891551 -1.98132 -10.80348 7.881407 -2.019172 -10.81042 7.875123 -2.059016 -10.81278 7.872988 -2.099872 -10.81045 7.875098 -2.140738 -10.80353 7.881358 -2.180594 -10.79225 7.891536 -2.218632 -10.77697 7.905266 -2.254061 -10.73571 7.932512 -2.306405 -10.69326 7.970693 -2.348926 -10.67225 7.994804 -2.366618 -10.65261 8.022034 -2.380952 -10.63514 8.052006 -2.391387 -10.62036 8.083946 -2.397772 -10.60877 8.117035 -2.399999 -10.60058 8.151041 -2.398029 -10.59568 8.185809 -2.392059 -10.59411 8.220549 -2.38232 -10.60061 8.286931 -2.35273 -10.60061 8.286931 -3.24727 -10.59411 8.220549 -3.21768 -10.59568 8.185809 -3.207941 -10.60058 8.151041 -3.201971 -10.60877 8.117035 -3.200001 -10.62036 8.083946 -3.202228 -10.63514 8.052006 -3.208613 -10.65261 8.022034 -3.219048 -10.67225 7.994804 -3.233382 -10.69326 7.970693 -3.251074 -10.73571 7.932512 -3.293595 -10.77697 7.905266 -3.345939 -10.79223 7.891551 -3.38132 -10.80348 7.881407 -3.419172 -10.81042 7.875123 -3.459016 -10.81278 7.872988 -3.499872 -10.81045 7.875098 -3.540738 -10.80353 7.881358 -3.580594 -10.79225 7.891536 -3.618632 -10.77697 7.905266 -3.654061 -10.73571 7.932512 -3.706405 -10.69326 7.970693 -3.748926 -10.67225 7.994804 -3.766618 -10.65261 8.022034 -3.780952 -10.63514 8.052006 -3.791387 -10.62036 8.083946 -3.797772 -10.60877 8.117035 -3.799999 -10.60058 8.151041 -3.798029 -10.59568 8.185809 -3.792059 -10.59411 8.220549 -3.78232 -10.60061 8.286931 -3.75273 -11.03151 7.578372 -4.125 -11.00749 7.628288 -4.125 -10.99153 7.660277 -4.125 -10.97002 7.700379 -4.125 -10.93856 7.747955 -4.125 -10.89729 7.793778 -4.125 -10.85873 7.830831 -4.125 -10.82706 7.860011 -4.125 -10.77697 7.905266 -4.125 -10.81456 7.87137 -1.658333 -10.81456 7.87137 -2.891667 -11.00049 7.642485 -1.658333 -10.97658 7.688658 -1.658333 -10.93862 7.747876 -1.658333 -10.88632 7.804604 -1.658333 -10.84123 7.847032 -1.658333 -10.84123 7.847032 -2.891667 -10.88632 7.804604 -2.891667 -10.93862 7.747876 -2.891667 -10.97658 7.688658 -2.891667 -11.00049 7.642485 -2.891667 -10.70866 7.955353 -4.125 -10.65393 8.020003 -4.125 -10.61581 8.095642 -4.125 -10.59639 8.178091 -4.125 -10.59676 8.262794 -4.125 -8.562658 6.43044 0.375 -8.454962 6.353359 0.375 -8.454962 6.353359 0.07499998 -8.562658 6.43044 0.07499998 -10.45708 6.72112 0.375 -10.35123 6.658825 0.375 -10.26949 6.610989 0.375 -10.15097 6.542374 0.375 -10.06846 6.495558 0.375 -10.00692 6.461611 0.375 -9.918644 6.415789 0.375 -9.853896 6.38649 0.375 -9.739487 6.352344 0.375 -9.662607 6.342842 0.375 -9.605978 6.339895 0.375 -9.521051 6.338685 0.375 -9.521051 6.338685 0.07499998 -9.605978 6.339895 0.07499998 -9.662607 6.342842 0.07499998 -9.739487 6.352344 0.07499998 -9.853896 6.38649 0.07499998 -9.918644 6.415789 0.07499998 -10.00692 6.461611 0.07499998 -10.06846 6.495558 0.07499998 -10.15097 6.542374 0.07499998 -10.26949 6.610989 0.07499998 -10.35123 6.658825 0.07499998 -10.45708 6.72112 0.07499998 -9.378452 6.358567 0.375 -9.24081 6.400813 0.375 -9.11161 6.464351 0.375 -9.11161 6.464351 0.07499998 -9.24081 6.400813 0.07499998 -9.378452 6.358567 0.07499998 -9.017436 6.506465 0.375 -8.916094 6.525762 0.375 -8.813034 6.521206 0.375 -8.713791 6.493041 0.375 -8.713791 6.493041 0.07499998 -8.813034 6.521206 0.07499998 -8.916094 6.525762 0.07499998 -9.017436 6.506465 0.07499998 -7.775617 7.993442 0.375 -7.899502 8.028464 0.375 -7.899502 8.028464 0.07499998 -7.775617 7.993442 0.07499998 -8.128646 8.100712 0.375 -8.128646 8.100712 0.07499998 -8.222774 8.142929 0.375 -8.304653 8.205684 0.375 -8.36988 8.285608 0.375 -8.414952 8.378402 0.375 -8.414952 8.378402 0.07499998 -8.36988 8.285608 0.07499998 -8.304653 8.205684 0.07499998 -8.222774 8.142929 0.07499998 -8.473083 8.510125 0.375 -8.551367 8.630961 0.375 -8.647826 8.737853 0.375 -8.647826 8.737853 0.07499998 -8.551367 8.630961 0.07499998 -8.473083 8.510125 0.07499998 -8.713662 8.791516 0.375 -8.758935 8.825658 0.375 -8.823937 8.867797 0.375 -8.933527 8.915181 0.375 -9.001961 8.934355 0.375 -9.09904 8.955999 0.375 -9.167999 8.969547 0.375 -9.2613 8.986721 0.375 -9.396198 9.010343 0.375 -9.489565 9.026243 0.375 -9.610689 9.046557 0.375 -9.610689 9.046557 0.07499998 -9.489565 9.026243 0.07499998 -9.396198 9.010343 0.07499998 -9.2613 8.986721 0.07499998 -9.167999 8.969547 0.07499998 -9.09904 8.955999 0.07499998 -9.001961 8.934355 0.07499998 -8.933527 8.915181 0.07499998 -8.823937 8.867797 0.07499998 -8.758935 8.825658 0.07499998 -8.713662 8.791516 0.07499998 -11.0002 6.962936 0.375 -11.08458 7.011159 0.375 -11.15764 7.075236 0.375 -11.21647 7.152593 0.375 -11.47097 7.567904 0.375 -11.51704 7.66642 0.375 -11.54 7.772725 0.375 -11.53869 7.881473 0.375 -11.51319 7.987196 0.375 -11.23353 8.755542 0.375 -11.18511 8.852925 0.375 -11.11621 8.937069 0.375 -11.03029 9.003746 0.375 -10.93168 9.049599 0.375 -10.46976 9.204155 0.375 -10.37497 9.225604 0.375 -10.27781 9.227724 0.375 -10.18218 9.210431 0.375 -7.756416 8.061686 0.375 -7.753766 8.132532 0.375 -7.767813 8.202019 0.375 -7.797774 8.26627 0.375 -7.841976 8.321699 0.375 -7.897949 8.365205 0.375 -7.96257 8.394363 0.375 -8.029414 8.415438 0.375 -8.053739 8.426348 0.375 -8.074898 8.442566 0.375 -8.091755 8.46322 0.375 -8.103403 8.487201 0.375 -8.201973 8.701263 0.375 -8.339411 8.892702 0.375 -8.51071 9.05455 0.375 -8.709634 9.180912 0.375 -8.928939 9.267188 0.375 -10.07193 9.594935 0.375 -10.24643 9.62649 0.375 -10.42372 9.622621 0.375 -10.59668 9.583484 0.375 -11.0586 9.42893 0.375 -11.23855 9.345256 0.375 -11.39533 9.22359 0.375 -11.52106 9.070049 0.375 -11.60941 8.892351 0.375 -11.88907 8.124005 0.375 -11.9356 7.931086 0.375 -11.93799 7.732649 0.375 -11.89609 7.538671 0.375 -11.81203 7.358905 0.375 -11.55752 6.943594 0.375 -11.45018 6.802437 0.375 -11.31686 6.685513 0.375 -11.1629 6.597518 0.375 -10.07665 6.113887 0.375 -9.853193 6.039012 0.375 -9.619584 6.007945 0.375 -9.384327 6.021819 0.375 -9.155988 6.080127 0.375 -8.942883 6.180747 0.375 -8.918546 6.19163 0.375 -8.892357 6.196617 0.375 -8.865723 6.19544 0.375 -8.840077 6.188161 0.375 -8.836935 6.186921 0.375 -8.833753 6.185789 0.375 -8.830535 6.184764 0.375 -8.756749 6.169176 0.375 -8.681405 6.172483 0.375 -8.609268 6.194475 0.375 -8.544894 6.233763 0.375 -8.492351 6.287864 0.375 -8.091755 8.46322 -0.02499997 -8.074898 8.442566 -0.02499997 -8.053739 8.426348 -0.02499997 -8.865723 6.19544 -0.02499997 -8.892357 6.196617 -0.02499997 -8.918546 6.19163 -0.02499997 -8.509082 6.484015 0.07499998 -7.899724 7.955136 0.07499998 -11.47226 6.995844 -4.125 -11.37705 6.870637 -4.125 -11.25879 6.766925 -4.125 -11.12222 6.688872 -4.125 -11.72676 7.411155 -4.125 -11.83638 7.918683 -4.125 -11.83849 7.742668 -4.125 -11.80133 7.570608 -4.125 -9.997018 8.521323 0.07499998 -10.1238 8.793215 0.07499998 -10.15045 8.835047 0.07499998 -10.18702 8.868556 0.07499998 -10.23102 8.89146 0.07499998 -10.27944 8.902194 0.07499998 -10.329 8.900032 0.07499998 -10.3763 8.885116 0.07499998 -10.41813 8.858467 0.07499998 -10.45164 8.821897 0.07499998 -10.47454 8.777901 0.07499998 -10.48528 8.729477 0.07499998 -10.48312 8.679924 0.07499998 -10.4682 8.63262 0.07499998 -10.34142 8.360728 0.07499998 -10.31476 8.318896 0.07499998 -10.2782 8.285387 0.07499998 -10.2342 8.262483 0.07499998 -10.18578 8.251749 0.07499998 -10.13622 8.253911 0.07499998 -10.08892 8.268826 0.07499998 -10.04709 8.295476 0.07499998 -10.01358 8.332045 0.07499998 -9.990675 8.376042 0.07499998 -9.979941 8.424466 0.07499998 -9.982104 8.474019 0.07499998 -9.080597 8.413518 0.07499998 -9.35249 8.286733 0.07499998 -9.394322 8.260084 0.07499998 -9.427831 8.223514 0.07499998 -9.450734 8.179518 0.07499998 -9.461469 8.131094 0.07499998 -9.459305 8.081542 0.07499998 -9.444391 8.034237 0.07499998 -9.41774 7.992405 0.07499998 -9.381172 7.958895 0.07499998 -9.337177 7.935993 0.07499998 -9.288751 7.925257 0.07499998 -9.239199 7.927421 0.07499998 -9.191894 7.942336 0.07499998 -8.920002 8.069122 0.07499998 -8.87817 8.095771 0.07499998 -8.844661 8.132341 0.07499998 -8.821759 8.176337 0.07499998 -8.811023 8.224761 0.07499998 -8.813186 8.274313 0.07499998 -8.828102 8.321618 0.07499998 -8.854751 8.36345 0.07499998 -8.891321 8.39696 0.07499998 -8.935317 8.419861 0.07499998 -8.98374 8.430598 0.07499998 -9.033293 8.428434 0.07499998 -10.576 7.716198 0.07499998 -10.8479 7.589413 0.07499998 -10.88973 7.562763 0.07499998 -10.92324 7.526194 0.07499998 -10.94614 7.482198 0.07499998 -10.95688 7.433774 0.07499998 -10.95471 7.384221 0.07499998 -10.9398 7.336917 0.07499998 -10.91315 7.295085 0.07499998 -10.87658 7.261575 0.07499998 -10.83258 7.238673 0.07499998 -10.78416 7.227937 0.07499998 -10.73461 7.230101 0.07499998 -10.6873 7.245016 0.07499998 -10.41541 7.371801 0.07499998 -10.37358 7.398451 0.07499998 -10.34007 7.43502 0.07499998 -10.31717 7.479016 0.07499998 -10.30643 7.52744 0.07499998 -10.30859 7.576993 0.07499998 -10.32351 7.624297 0.07499998 -10.35016 7.666129 0.07499998 -10.38673 7.699639 0.07499998 -10.43072 7.722541 0.07499998 -10.47915 7.733277 0.07499998 -10.5287 7.731113 0.07499998 -9.299698 7.025914 0.07499998 -9.426485 7.297807 0.07499998 -9.453134 7.339639 0.07499998 -9.489704 7.373148 0.07499998 -9.533699 7.396051 0.07499998 -9.582123 7.406786 0.07499998 -9.631675 7.404623 0.07499998 -9.67898 7.389708 0.07499998 -9.720812 7.363058 0.07499998 -9.754322 7.326489 0.07499998 -9.777224 7.282493 0.07499998 -9.78796 7.234069 0.07499998 -9.785797 7.184516 0.07499998 -9.770881 7.137212 0.07499998 -9.644096 6.865319 0.07499998 -9.617445 6.823487 0.07499998 -9.580877 6.789978 0.07499998 -9.536882 6.767075 0.07499998 -9.488456 6.75634 0.07499998 -9.438904 6.758503 0.07499998 -9.391599 6.773418 0.07499998 -9.349767 6.800068 0.07499998 -9.316259 6.836637 0.07499998 -9.293355 6.880633 0.07499998 -9.282621 6.929057 0.07499998 -9.284784 6.97861 0.07499998 -11.10159 6.706933 -4.125 -11.08289 6.729858 -4.125 -11.05146 6.790672 -4.125 -11.02833 6.872294 -4.125 -11.01378 6.975429 -4.125 -11.0076 7.099549 -4.125 -11.00907 7.242854 -4.125 -11.0173 7.403125 -4.125 -10.18218 9.210431 0.07499998 -10.46976 9.204155 0.07499998 -10.37497 9.225604 0.07499998 -10.27781 9.227724 0.07499998 -10.93168 9.049599 0.07499998 -11.23353 8.755542 0.07499998 -11.18511 8.852925 0.07499998 -11.11621 8.937069 0.07499998 -11.03029 9.003746 0.07499998 -11.51319 7.987196 0.07499998 -11.47097 7.567904 0.07499998 -11.51704 7.66642 0.07499998 -11.54 7.772725 0.07499998 -11.53869 7.881473 0.07499998 -11.21647 7.152593 0.07499998 -11.0002 6.962936 0.07499998 -11.08458 7.011159 0.07499998 -11.15764 7.075236 0.07499998 -10.22395 7.829267 0.07499998 -10.21236 7.741269 0.07499998 -10.1784 7.659267 0.07499998 -10.12437 7.588851 0.07499998 -10.05395 7.534818 0.07499998 -9.971948 7.500852 0.07499998 -9.883951 7.489267 0.07499998 -9.795951 7.500852 0.07499998 -9.713951 7.534818 0.07499998 -9.643533 7.588851 0.07499998 -9.589502 7.659267 0.07499998 -9.555536 7.741269 0.07499998 -9.543951 7.829267 0.07499998 -9.555536 7.917265 0.07499998 -9.589502 7.999267 0.07499998 -9.643533 8.069684 0.07499998 -9.713951 8.123717 0.07499998 -9.795951 8.157683 0.07499998 -9.883951 8.169267 0.07499998 -9.971948 8.157683 0.07499998 -10.05395 8.123717 0.07499998 -10.12437 8.069684 0.07499998 -10.1784 7.999267 0.07499998 -10.21236 7.917265 0.07499998</float_array>
          <technique_common>
            <accessor source="#gray_leg-mesh-positions-array" count="836" stride="3">
              <param name="X" type="float"/>
              <param name="Y" type="float"/>
              <param name="Z" type="float"/>
            </accessor>
          </technique_common>
        </source>
        <source id="gray_leg-mesh-normals">
          <float_array id="gray_leg-mesh-normals-array" count="4509">-0.9396905 0.3420262 0 -0.9396903 0.3420266 3.57339e-5 -0.93969 0.3420277 2.40988e-6 -0.9396868 0.3420363 -6.15881e-5 -0.9396861 0.342038 -8.09509e-5 -0.9397506 0.341861 0 -0.9397233 0.3419361 5.57471e-5 -0.9397047 0.3419871 1.31016e-4 -0.9396883 0.342032 3.43979e-5 -0.9396895 0.3420291 0 -0.8605465 0.5093719 0 -0.8605493 0.5093674 3.12552e-6 -0.9167774 0.3993987 -8.27992e-6 -0.9039118 0.427719 -1.16434e-5 -0.9397779 0.3417862 -1.25957e-5 -0.9590216 0.2833331 1.86395e-5 -0.9673132 0.253585 1.58281e-5 -0.9866337 0.1629546 -1.86265e-7 -0.9866301 0.1629759 -2.18712e-7 0.1854103 0.5094126 -0.8403106 0.1366979 0.3755661 -0.9166591 0.1366911 0.3755579 -0.9166634 0.1255536 0.3444301 -0.9303786 0.1366835 0.3755343 -0.9166742 0.2127045 0.5844056 -0.7830882 0.2277337 0.6256935 -0.7460866 0.2632241 0.7231997 -0.6385103 0.2744832 0.7539355 -0.5968589 0.2934755 0.8063112 -0.5135508 0.3176386 0.8728393 -0.3704826 0.314118 0.8630326 -0.3956066 0.3293702 0.904936 -0.2694557 0.3396128 0.9329814 -0.1192014 0.3388128 0.9308807 -0.1366282 0.3419759 0.9397088 -2.92669e-4 0.33867 0.930417 0.140096 0.3388518 0.9309873 0.1358024 0.329448 0.90515 0.2686403 0.314944 0.8652932 0.3899722 0.3141434 0.8631006 0.3954382 0.2934705 0.8063057 0.5135623 0.2700687 0.7419741 0.6136265 0.2482001 0.6819218 0.6880258 0.2070232 0.568767 0.7960186 0.1907945 0.524202 0.8299456 0.1567391 0.4306373 0.8888108 0.130133 0.35729 0.9248834 0.1198974 0.329415 0.9365418 0.08099287 0.222527 0.9715565 0.04432201 0.1218438 0.9915592 0.04100954 0.1128075 0.9927703 0.001017749 0.002795994 0.9999956 -0.04434603 -0.1218357 0.9915592 -0.03860551 -0.106068 0.9936093 -0.07777667 -0.2136932 0.9737998 -0.1300384 -0.3573228 0.9248841 -0.1156005 -0.3176095 0.9411486 -0.1842027 -0.5060918 0.8425797 -0.20702 -0.5687686 0.7960183 -0.2401079 -0.65969 0.7121499 -0.2700598 -0.7419776 0.6136262 -0.282204 -0.7753475 0.5649754 -0.314904 -0.8653072 0.3899729 -0.3145192 -0.864136 0.3928698 -0.3349664 -0.9203066 0.2020726 -0.338649 -0.9304246 0.1400958 -0.3420271 -0.9396899 5.13325e-4 -0.3395167 -0.9330161 -0.1192042 -0.335078 -0.9204767 -0.2011106 -0.3176846 -0.8728225 -0.3704828 -0.3146001 -0.8643588 -0.3923146 -0.282263 -0.775512 -0.5647202 -0.2744119 -0.7539679 -0.5968506 -0.2401103 -0.6597033 -0.7121367 -0.212715 -0.5844024 -0.7830876 -0.1932129 -0.5308475 -0.8251484 -0.1366897 -0.3755581 -0.9166635 -0.1366847 -0.3755388 -0.9166722 -0.1083093 -0.2974309 -0.94858 -0.1366828 -0.3755555 -0.9166657 -0.06977492 -0.1918262 -0.9789454 -0.07892876 -0.2171593 -0.97294 -0.04903191 -0.1347158 -0.9896704 -4.20166e-6 1.66564e-6 -1 -0.01133048 -0.0311287 -0.9994512 0.02660465 0.07310277 -0.9969695 0.06982487 0.1918101 -0.978945 0.06479203 0.1780154 -0.9818924 0.1024034 0.2813504 -0.9541255 0.1140752 0.3130998 -0.9428443 0.9396907 -0.3420256 -5.3218e-5 0.9396913 -0.3420237 8.31027e-6 0.9396908 -0.3420255 -4.54286e-5 0.9396917 -0.3420228 4.04024e-5 0.9396911 -0.3420245 7.70412e-5 0 0 -1 0 0 -1 1.28873e-7 0 -1 -4.39025e-7 0 -1 -3.50811e-7 0 -1 0 0 -1 0 0 -1 1.87995e-7 0 -1 0 0 -1 -1.70614e-7 0 -1 2.66008e-7 0 -1 -1.6316e-7 0 -1 2.97239e-7 0 -1 2.10707e-7 0 -1 0 0 -1 2.46706e-6 0 -1 0 0 -1 0 0 -1 0 0 -1 -1.20207e-7 0 -1 -3.66147e-7 0 -1 0 0 -1 -2.92496e-7 0 -1 -1.41442e-7 0 -1 0 0 -1 3.54776e-7 0 -1 1.47175e-7 0 -1 -2.40235e-7 0 -1 0 0 -1 0 0 -1 -2.34907e-6 0 -1 -5.2482e-7 0 -1 0 0 -1 0 0 -1 0 0 -1 0 0 -1 5.94568e-7 0 -1 5.90865e-7 0 -1 0 0 -1 2.14208e-7 0 -1 0 0 -1 0 0 -1 0 0 -1 0 0 -1 0 0 -1 0 0 -1 0 0 -1 0 0 -1 0 0 -1 0 0 -1 0 0 -1 -2.12975e-7 0 -1 0 0 -1 -1.41721e-7 0 -1 -2.12971e-7 0 -1 0 0 -1 -1.10035e-6 0 -1 2.28605e-7 0 -1 0 0 -1 -1.27737e-7 0 -1 -2.83448e-7 0 -1 -3.02476e-7 0 -1 3.46646e-7 0 -1 4.25944e-7 0 -1 -2.91805e-7 0 -1 0 0 -1 0 0 -1 1.56349e-7 0 -1 -1.61403e-7 0 -1 -1.60264e-7 0 -1 0 0 -1 0 0 -1 -2.38028e-7 0 -1 0 0 -1 -1.458e-6 0 -1 0 0 -1 0 0 -1 0 0 -1 0 0 -1 -1.96586e-7 0 -1 0 0 -1 -7.71157e-7 0 -1 0 0 -1 -2.16913e-7 0 -1 1.58097e-7 0 -1 -3.83005e-6 0 -1 -8.44845e-7 0 -1 0 0 -1 -7.09602e-7 0 -1 1.93535e-7 0 -1 -3.84633e-7 0 -1 0 0 -1 -1.23965e-7 0 -1 1.77887e-7 0 -1 1.20205e-7 0 -1 0 0 -1 0 0 -1 -1.3409e-7 0 -1 0 0 -1 1.92496e-7 0 -1 0 0 -1 0 0 -1 0 0 -1 2.38102e-7 0 -1 1.40567e-7 0 -1 0 0 -1 0 0 -1 0 0 -1 -2.40084e-7 0 -1 -1.96045e-7 0 -1 0 0 -1 -3.71264e-7 0 -1 2.51871e-7 0 -1 0 0 -1 0 0 -1 0 0 -1 -2.30855e-7 0 -1 2.97175e-7 0 -1 1.87023e-7 0 -1 0 0 -1 2.1179e-7 0 -1 -3.463e-7 0 -1 0 0 -1 6.49823e-7 0 -1 0 0 -1 -2.21658e-7 0 -1 -8.95711e-7 0 -1 -4.64329e-7 0 -1 0 0 -1 0 0 -1 2.21732e-7 0 -1 1.46549e-7 0 -1 4.10929e-7 0 -1 -5.50801e-7 0 -1 0 0 -1 0 0 -1 0 0 -1 0 0 -1 0 0 -1 0 0 -1 0 0 -1 0 0 -1 -1.90466e-7 0 -1 2.57825e-7 0 -1 -1.22729e-7 0 -1 5.8716e-7 0 -1 0 0 -1 0 0 -1 0 0 -1 -2.29073e-7 0 -1 -2.03027e-7 0 -1 1.59194e-7 0 -1 -2.19993e-7 0 -1 0 0 -1 2.92817e-7 0 -1 2.753e-7 0 -1 -1.68839e-7 0 -1 0 0 -1 0 0 -1 -2.2618e-7 0 -1 0 0 -1 0 0 -1 0 0 -1 0 0 -1 1.8673e-7 0 -1 1.67085e-7 0 -1 -1.87023e-7 0 -1 0 0 -1 -2.11791e-7 0 -1 3.46299e-7 0 -1 0 0 -1 -6.49839e-7 0 -1 0 0 -1 0 0 -1 0 0 -1 -4.77398e-7 0 -1 0 0 -1 5.40731e-7 0 -1 -2.7923e-7 0 -1 0 0 -1 -1.3894e-7 0 -1 0 0 -1 -4.45683e-7 0 -1 0 0 -1 0 0 -1 0 0 -1 3.11393e-7 0 -1 0 0 -1 8.39658e-7 0 -1 0 0 -1 3.84053e-7 0 -1 -1.66409e-7 0 -1 0 0 -1 3.64968e-7 0 -1 2.62838e-7 0 -1 -5.22446e-7 0 -1 -1.81443e-7 0 -1 -2.26968e-6 0 -1 1.66884e-4 0 -1 -1.01618e-4 0 -1 -1.0496e-6 0 -1 -2.57235e-7 0 -1 0 0 -1 -1.70048e-7 0 -1 -2.1754e-7 0 -1 8.14888e-7 0 -1 -5.2781e-7 0 -1 -4.35482e-7 0 -1 7.45856e-7 0 -1 -4.75062e-7 0 -1 4.81677e-7 0 -1 -0.9396883 0.3420321 1.93409e-7 -0.9396949 0.3420141 3.51542e-7 -0.8398596 0.5428037 0 -0.8398531 0.5428139 0 -0.6977922 0.7163003 0 -0.6977909 0.7163016 0 -0.5206349 0.8537794 0 -0.5206369 0.8537782 0 -0.3172977 0.9483261 0 -0.3173025 0.9483245 2.20264e-5 -0.9396927 0.3420201 0 -0.9396929 0.3420197 0 -0.9396933 0.3420181 0 -0.9396919 0.3420224 3.62229e-6 -0.9397073 0.3419802 9.39573e-7 -0.9396978 0.3420062 -4.99014e-7 -0.939682 0.3420493 0 -0.9397376 0.3418969 -5.35587e-7 -0.9396819 0.3420497 -4.56465e-7 -0.9396929 0.3420195 -2.68933e-7 -0.9396782 0.3420597 -5.71167e-7 -0.9397048 0.3419868 0 -0.9396952 0.3420132 0 -0.9396939 0.3420165 1.42915e-7 -0.9396895 0.3420288 5.6746e-7 -0.9396896 0.3420286 1.6509e-7 -0.9396963 0.3420102 6.78997e-7 -0.9396855 0.3420397 -5.52107e-7 -0.939701 0.3419973 5.63848e-7 -0.939684 0.3420441 1.82562e-7 -0.9396995 0.3420014 0 -0.9396886 0.3420314 2.23852e-7 -0.9397103 0.3419715 4.36564e-7 -0.9396871 0.3420355 3.99315e-7 -0.9397004 0.3419989 4.58297e-7 -0.9396381 0.3421701 8.01692e-7 -0.9396858 0.3420392 0 -0.939692 0.342022 -3.22302e-7 -0.939691 0.3420247 -1.3788e-6 -0.9397041 0.3419886 -5.41662e-6 -0.939696 0.3420112 0 -0.9396926 0.3420204 -9.24683e-7 -0.9396921 0.3420215 -1.57792e-5 -0.9396915 0.3420233 -1.90481e-5 -0.9396988 0.3420032 0 -0.9396854 0.3420404 0 -0.9396719 0.342077 0 -0.9396935 0.3420179 0 -0.9396923 0.3420212 0 -0.9396943 0.3420156 1.83165e-6 -0.9396924 0.3420207 1.27716e-6 -0.939693 0.3420192 0 -0.9397011 0.3419968 0 -0.9396927 0.34202 0 -0.9396924 0.342021 0 -0.939691 0.3420248 1.04859e-6 -0.9396977 0.3420065 5.26424e-7 -0.9397041 0.3419886 0 -0.9396942 0.3420161 0 -0.9396923 0.3420209 0 -0.9396683 0.3420869 0 -0.9397135 0.3419628 0 -0.939681 0.3420521 0 -0.939702 0.3419947 0 -0.9396829 0.342047 0 -0.9397023 0.3419938 0 -0.939691 0.3420248 0 -0.9396947 0.3420144 0 -0.9396944 0.3420152 0 -0.9396885 0.3420315 0 -0.9396989 0.3420028 0 -0.939691 0.3420246 0 -0.9396845 0.3420427 0 -0.939699 0.3420026 0 -0.9397114 0.3419686 0 -0.9397023 0.3419935 0 -0.9396762 0.3420652 0 -0.9396967 0.3420093 0 -0.9396993 0.3420021 0 -0.9396913 0.3420239 0 -0.9396932 0.3420185 0 -0.9396925 0.3420205 0 -0.3172841 0.9483305 0 -0.3173071 0.9483229 0 -0.1218701 0.9925462 0 -0.1218686 0.9925463 0 0.0784589 0.9969174 0 0.07845759 0.9969176 0 0.2756197 0.9612669 -4.80777e-6 0.2756219 0.9612662 4.78508e-6 0.9699398 0.2433452 -5.64248e-6 0.9699441 0.2433281 -3.46868e-6 0.9946321 0.1034747 1.97117e-7 0.9946339 0.1034575 0 0.999831 -0.0183869 0 0.9785506 -0.2060069 0 0.9785526 -0.2059969 8.22038e-7 0.9998306 -0.01840996 1.6292e-6 0.9977486 0.06706649 -2.49315e-6 0.9062609 -0.4227192 -1.8354e-6 0.90626 -0.4227211 -1.75496e-7 0.945829 -0.3246654 0 0.8791625 -0.4765223 5.66302e-7 0.846259 -0.5327718 -6.98623e-7 0.8207681 -0.5712617 -6.7401e-6 0.7978638 -0.6028378 -4.9347e-7 0.7765414 -0.6300665 2.28407e-7 0.7638858 -0.6453515 7.82315e-7 0.7445211 -0.667599 1.8024e-7 0.7382786 -0.6744959 1.72861e-6 0.7210406 -0.6928929 -2.74609e-7 0.703067 -0.7111237 1.41386e-6 0.7030865 -0.7111044 5.74795e-7 0.7978773 -0.6028199 1.18336e-6 0.7639229 -0.6453077 -8.21402e-6 0.7382621 -0.6745141 -2.32774e-7 0.9960722 -0.08854568 2.3772e-7 0.9720991 -0.234571 -7.68254e-6 0.9721075 -0.2345357 3.0201e-7 0.9677346 -0.2519716 -7.18969e-6 0.9721114 -0.23452 -9.27335e-7 0.9677322 -0.251981 -4.19182e-7 0.9707255 -0.240192 -3.35636e-5 0.9745312 -0.2242523 0 0.9806497 -0.1957712 -2.4293e-6 0.984227 -0.1769109 9.27212e-7 0.999323 -0.0367912 1.60119e-6 0.9993323 -0.03653961 0 0.9962533 0.08648329 -1.24677e-4 0.9949194 0.1006743 -5.0565e-7 0.9921869 0.1247603 0 0.991672 0.1287893 2.31143e-7 0.991949 0.1266387 -9.35965e-6 0.9913046 0.1315879 6.30622e-7 0.9907724 0.1355366 -4.09641e-6 0.9906072 0.1367384 3.89235e-7 0.990035 0.1408215 -6.44359e-7 0.99003 0.1408568 0 0.990594 0.1368346 6.94767e-7 0.9912961 0.1316516 0 0.991912 0.1269277 -1.97662e-6 0.9921849 0.1247766 -5.3097e-7 0.9949232 0.1006377 7.19214e-7 0.9993215 -0.03683179 0 0.980642 -0.1958093 -6.90322e-6 0.9806459 -0.1957901 -1.74237e-5 0.9993225 -0.03680354 1.71504e-7 0.9949187 0.100682 5.28526e-7 0.9921833 0.1247899 -2.16882e-7 0.9916759 0.1287598 -3.54461e-6 0.9919272 0.1268086 -1.60627e-6 0.9912999 0.1316231 -3.38099e-7 0.9906095 0.1367219 -1.24639e-5 0.9900297 0.1408589 1.30112e-6 0.9900414 0.1407772 0 0.9916756 0.1287616 -5.32938e-5 0.991932 0.1267717 1.69723e-6 0.9912986 0.1316328 -1.89699e-7 0.9907732 0.135531 -1.42472e-5 0.9906003 0.1367891 0 0.9900337 0.1408313 3.48768e-7 0.990026 0.1408852 1.42481e-6 0.9906126 0.136699 1.27946e-6 0.9913126 0.1315275 2.17051e-6 0.991932 0.126772 -2.16884e-6 0.9925953 0.1214683 -9.31694e-7 0.991913 0.1269199 -3.33227e-6 0.9913002 0.1316211 1.66375e-6 0.991106 0.1330747 -8.56692e-5 0.9905977 0.1368075 4.09433e-7 0.9900355 0.1408182 1.55186e-6 0.9900435 0.1407625 0 0.8137888 -0.581161 8.99099e-6 0.7210978 -0.6928333 -1.93194e-5 0.7345858 -0.6785159 0 0.6520766 -0.7581532 0 0.6132169 -0.7899146 6.29108e-6 0.5713384 -0.8207147 -8.98726e-7 0.4924188 -0.8703585 8.72168e-7 0.4924475 -0.8703423 4.79445e-6 -0.1841975 -0.5060787 0.8425886 -0.2401056 -0.6596918 0.7121489 -0.2418534 -0.6644607 0.7071061 -0.2822067 -0.7753596 0.5649576 -0.296183 -0.8138027 0.500001 -0.3145177 -0.8641194 0.3929077 -0.3303601 -0.9076758 0.2588184 -0.3349664 -0.9203088 0.2020626 -0.3420048 -0.9396983 0 -0.3420193 -0.9396929 5.31362e-4 -0.3350352 -0.9204908 -0.201117 -0.3303925 -0.9076629 -0.258822 -0.3145998 -0.8643524 -0.3923289 -0.2961862 -0.8138016 -0.5000007 -0.2822624 -0.7755138 -0.5647179 -0.241812 -0.6644713 -0.7071103 -0.240103 -0.6596778 -0.7121627 -0.184198 -0.5060769 -0.8425897 -0.1709286 -0.4698873 -0.8660193 -0.1156072 -0.3176253 -0.9411425 -0.08849626 -0.2432199 -0.9659258 -0.07777011 -0.213674 -0.9738045 -0.03860592 -0.106072 -0.9936088 -5.37746e-6 2.05927e-6 -1 0.00106275 0.002806544 -0.9999955 0.0413466 0.1128733 -0.9927488 0.08852481 0.2432087 -0.9659259 0.08098548 0.2225054 -0.971562 0.1198875 0.3293873 -0.9365527 0.1710625 0.4698306 -0.8660237 0.1567366 0.4306303 -0.8888145 0.1907927 0.5242026 -0.8299456 0.2418456 0.6644628 -0.7071068 0.2481956 0.681912 -0.688037 0.2934752 0.8063135 -0.5135473 0.2962263 0.8137806 -0.5000112 0.3141199 0.8630378 -0.395594 0.3303634 0.9076744 -0.2588191 0.3293718 0.9049406 -0.2694379 0.3388114 0.9308789 -0.136644 0.3420403 0.9396854 1.67753e-7 0.3420202 0.9396925 -4.28682e-4 0.3388509 0.9309858 0.1358151 0.3303638 0.9076743 0.2588191 0.3294481 0.9051499 0.2686403 0.3141458 0.8631067 0.3954229 0.2962334 0.8137785 0.5000104 0.2934734 0.806304 0.5135633 0.2482048 0.6819329 0.688013 0.2418815 0.6644556 0.7071013 0.1907822 0.524164 0.8299725 0.1710175 0.4698441 0.8660252 0.1567361 0.4306291 0.8888152 0.1198878 0.3293867 0.9365529 0.08852583 0.2432084 0.965926 0.08098542 0.2225069 0.9715617 0.04107218 0.1126934 0.9927806 -3.08035e-6 1.05763e-6 1 0.001026332 0.002818405 0.9999956 -0.03860592 -0.1060716 0.9936088 -0.08849495 -0.2432203 0.9659258 -0.07778698 -0.2137188 0.9737934 -0.1156079 -0.3176275 0.9411417 -0.1709701 -0.4698663 0.8660225 -0.1841977 -0.5060796 0.8425881 -0.2401056 -0.6596912 0.7121495 -0.2418528 -0.6644608 0.7071062 -0.2822071 -0.7753606 0.5649558 -0.2961816 -0.8138031 0.500001 -0.3145195 -0.8641382 0.392865 -0.3304013 -0.9076595 0.2588231 -0.3349667 -0.9203087 0.2020629 -0.3420028 -0.9396989 0 -0.342019 -0.9396929 5.3162e-4 -0.3350349 -0.9204909 -0.2011172 -0.3303058 -0.9076973 -0.2588123 -0.3145991 -0.8643522 -0.3923297 -0.2961853 -0.8138021 -0.5000007 -0.2822626 -0.775514 -0.5647175 -0.2418119 -0.6644712 -0.7071104 -0.2401027 -0.6596775 -0.7121631 -0.184198 -0.5060773 -0.8425894 -0.1709297 -0.4698868 -0.8660194 -0.1156068 -0.3176239 -0.9411431 -0.08849829 -0.2432191 -0.9659258 -0.07778525 -0.2137156 -0.9737943 -0.0386067 -0.1060735 -0.9936087 -8.35117e-6 3.08047e-6 -1 0.001027047 0.002820491 -0.9999955 0.04107582 0.1126952 -0.9927802 0.08852392 0.2432091 -0.9659259 0.08098489 0.2225039 -0.9715624 0.119888 0.3293859 -0.9365532 0.171061 0.469831 -0.8660236 0.1567369 0.4306312 -0.888814 0.1907933 0.524205 -0.8299441 0.2418437 0.6644629 -0.7071072 0.2481953 0.6819117 -0.6880375 0.2934778 0.8063122 -0.513548 0.2961521 0.813826 -0.4999814 0.3141197 0.863038 -0.3955937 0.3303624 0.9076747 -0.2588192 0.3293718 0.9049409 -0.2694372 0.3388115 0.9308787 -0.1366444 0.3419948 0.9397019 0 0.3420196 0.9396927 -4.29154e-4 0.3388507 0.9309859 0.1358148 0.3303624 0.9076747 0.2588191 0.3294481 0.90515 0.2686401 0.3141456 0.8631069 0.3954227 0.2962338 0.8137783 0.5000105 0.2934814 0.8063256 0.5135249 0.2482052 0.6819317 0.6880141 0.2418808 0.6644557 0.7071014 0.1907934 0.5242049 0.829944 0.171061 0.4698309 0.8660237 0.1567367 0.4306313 0.8888141 0.1198878 0.329386 0.9365532 0.08856749 0.2431936 0.9659259 0.08098477 0.222504 0.9715624 0.04107582 0.1126951 0.9927802 -7.13393e-6 2.58978e-6 1 0.001027286 0.002820491 0.9999955 -0.03860676 -0.1060734 0.9936087 -0.08854013 -0.2432025 0.9659261 -0.07778519 -0.2137156 0.9737942 -0.1156066 -0.3176241 0.941143 -0.1709298 -0.4698867 0.8660194 0.6769066 -0.7360689 -1.98657e-6 0.670373 -0.7420243 -6.92671e-7 0.6678958 -0.7442548 -4.9395e-6 0.6691589 -0.7431194 3.66609e-6 0.6679702 -0.7441881 0 0.6974555 -0.7166281 -1.76572e-5 0.6769142 -0.7360619 -4.29405e-7 0.6719362 -0.7406091 1.00035e-5 0.6715793 -0.7409327 0 0.671252 -0.7412292 2.70926e-6 0.6706547 -0.7417698 9.58567e-6 0.669255 -0.7430329 4.71887e-6 0.6679118 -0.7442404 -8.86413e-6 0.6679536 -0.744203 0 0.6974563 -0.7166274 2.21313e-6 0.7892009 -0.6141352 -2.53005e-5 0.789183 -0.6141582 -3.72944e-7 0.8770642 -0.4803732 -6.74112e-6 0.7892044 -0.6141307 -2.29763e-6 0.8770774 -0.4803491 -2.05949e-4 0.8676723 -0.4971368 8.84324e-5 0.8906802 -0.4546306 5.23301e-7 0.8954405 -0.4451814 -5.7702e-7 0.8981423 -0.4397051 -9.78203e-6 0.8954303 -0.4452018 -1.52482e-7 0.9033019 -0.4290057 -1.6862e-7 0.8954424 -0.4451774 0 0.8770717 -0.4803596 -1.97345e-6 0.9032936 -0.4290231 0 0.7890022 -0.6143906 0 0.7076097 -0.7066035 3.04186e-7 0.6974448 -0.7166385 -1.84126e-4 0.6822718 -0.7310987 3.94655e-7 0.6768937 -0.7360809 -3.55651e-5 0.6740174 -0.7387155 8.43639e-5 0.6715714 -0.7409399 -1.5329e-7 0.6712827 -0.7412015 2.70324e-6 0.6705505 -0.7418639 2.69011e-5 0.6678708 -0.7442773 3.64074e-7 0.6692337 -0.7430521 8.62208e-6 0.6677928 -0.7443473 0 0.6719892 -0.740561 1.81872e-5 0.6711711 -0.7413025 -5.48892e-6 0.6703419 -0.7420525 9.64312e-7 0.6692466 -0.7430405 -1.19541e-5 0.6679944 -0.7441664 -2.03282e-5 0.6692639 -0.7430248 6.29653e-6 0.6707085 -0.7417212 1.17104e-5 0.6712628 -0.7412195 4.60237e-6 0.6716117 -0.7409033 0 0.6712924 -0.7411926 -7.44211e-6 0.6703143 -0.7420774 2.37742e-6 0.6691927 -0.743089 -4.69064e-6 0.6712394 -0.7412406 0 0.9366853 0.3501723 -2.36699e-6 0.9667723 0.2556394 -7.04778e-7 0.9366818 0.3501819 -4.40235e-6 0.9768054 0.2141293 -2.2687e-5 0.9873501 0.1585553 4.72739e-6 0.9982042 0.0599032 -4.7069e-6 0.9366853 0.3501723 -6.02379e-6 0.9819993 0.1888852 4.68455e-7 0.9366831 0.3501783 7.79051e-7 0.9925459 0.1218721 -2.86479e-5 0.9999893 0.004640758 -2.04332e-6 0.9935719 -0.1132032 -1.42958e-7 0.995777 -0.09180557 0 0.9821129 -0.1882931 -7.75629e-6 0.9396931 -0.3420189 -2.04383e-5 0.9592372 -0.2826023 -5.22132e-5 0.9272057 -0.3745527 -1.23936e-6 0.8862256 -0.4632539 -9.46247e-6 0.833886 -0.5519367 1.00494e-5 0.8375769 -0.5463196 -2.33296e-7 0.7830777 -0.6219241 -3.8119e-6 0.6819975 -0.7313545 -1.94139e-5 0.7248564 -0.6888999 1.22748e-6 0.6069297 -0.7947555 4.91738e-7 0.4924401 -0.8703464 1.86176e-6 0.4924284 -0.8703529 -7.97585e-6 0.9366793 0.3501884 5.87632e-6 0.9366764 0.3501963 -5.92321e-6 0.9819993 0.1888849 -7.71135e-7 0.9819987 0.1888883 -3.80911e-7 0.9999892 0.004652321 -1.85333e-6 0.9957786 -0.09178793 -4.10888e-7 0.9957785 -0.09178984 0 0.9999893 0.004627466 -4.52623e-7 0.9821091 -0.1883128 -1.26805e-7 0.9821189 -0.1882622 2.83937e-7 0.9591367 -0.2829433 0 0.9591401 -0.2829315 0 0.9272061 -0.3745516 0 0.8862411 -0.4632245 -3.88944e-7 0.8862372 -0.4632319 1.88476e-7 0.9271905 -0.3745903 0 0.8375794 -0.5463157 3.70666e-7 0.837576 -0.5463209 -6.17932e-7 0.7830764 -0.6219255 0 0.7248429 -0.6889142 0 0.7248682 -0.6888877 -1.05612e-6 0.7830882 -0.6219106 7.9954e-7 0.6069227 -0.7947609 1.20793e-6 0.6069381 -0.7947492 1.9744e-7 0.4924486 -0.8703417 6.64219e-6 0.4924275 -0.8703535 1.9109e-6 0.5820156 0.8131777 0 0.5820141 0.8131787 0 0.5820114 0.8131806 0 0.5820099 0.8131817 0 0.5081291 0.8612809 0 0.5061449 0.8624485 0 0.5081376 0.861276 0 0.5061521 0.8624444 0 0.5037887 0.863827 0 0.5037898 0.8638263 0 0.4972568 0.8676036 0 0.4972551 0.8676044 0 0.4882801 0.872687 0 0.4882763 0.8726891 0 0.4764109 0.8792228 0 0.4764013 0.8792281 0 0.4390683 0.8984537 0 0.4390685 0.8984536 1.03733e-6 0.3782003 0.9257237 0 0.3782083 0.9257206 2.63264e-7 0.1802528 0.9836204 -9.6799e-6 0.1802192 0.9836265 0 0.07505929 0.9971791 0 0.07505792 0.9971792 0 0.03278195 0.9994626 -1.47011e-7 0.03311562 0.9994515 0 5.83287e-6 1 0 5.61494e-6 1 0 -0.05887532 0.9982654 0 -0.05887424 0.9982655 0 -0.2164409 0.9762958 0 -0.2164393 0.9762961 0 -0.3685282 0.9296166 0 -0.3685265 0.9296173 0 -0.5112812 0.8594136 0 -0.5112639 0.8594238 0 -0.2996587 0.9540466 0 -0.2996704 0.9540429 0 -0.07192683 0.9974099 0 -0.0719338 0.9974094 0 0.1596676 0.9871709 0 0.1596695 0.9871706 0 0.3826743 0.9238834 0 0.3826571 0.9238905 0 0.3826797 0.9238811 0 0.3826844 0.9238792 0 -0.2720303 -0.9622887 0 -0.2720312 -0.9622885 0 -0.2720327 -0.962288 0 -0.2720335 -0.9622878 0 -0.3007024 -0.953718 0 -0.3007419 -0.9537056 0 -0.3007045 -0.9537174 0 -0.3007324 -0.9537086 0 -0.5122274 -0.8588499 0 -0.5122252 -0.8588511 0 -0.6962231 -0.7178255 0 -0.6962248 -0.7178239 0 -0.842804 -0.5382207 0 -0.8428007 -0.5382258 0 -0.9440819 -0.3297113 0 -0.9440805 -0.3297152 5.62098e-5 -0.8798556 -0.4752411 0 -0.8798587 -0.4752354 0 -0.7933538 -0.6087609 0 -0.7933498 -0.6087662 0 -0.6867694 -0.7268754 0 -0.6868 -0.7268465 0 -0.6427837 -0.7660479 0 -0.6174499 -0.7866103 0 -0.6427762 -0.766054 0 -0.6173283 -0.7867057 0 -0.5834504 -0.8121488 0 -0.5834761 -0.8121303 5.92157e-6 -0.4941717 -0.8693643 0 -0.4941738 -0.8693632 0 -0.3053162 -0.9522511 -1.16379e-5 -0.3053197 -0.95225 0 -0.2411637 -0.9704845 0 -0.241171 -0.9704827 0 -0.200208 -0.9797534 1.95528e-7 -0.2002103 -0.979753 0 -0.1869111 -0.9823768 0 -0.1869113 -0.9823769 0 -0.1767606 -0.9842539 0 -0.1767615 -0.9842538 0 -0.1695188 -0.985527 0 -0.1694241 -0.9855433 0 -0.1666398 -0.9860179 0 -0.1666395 -0.9860179 0 -0.1645054 -0.9863762 0 -0.1644598 -0.9863838 0 0 0 1 0.3007013 0.9537184 0 0.3007172 0.9537134 0 0.5161057 0.856525 0 0.516103 0.8565266 0 0.7026867 0.7114995 0 0.7026888 0.7114974 0 0.8500232 0.5267453 0 0.8500273 0.5267387 0 0.9498953 0.3125684 0 0.9498934 0.3125742 0 0.9967178 0.08095461 0 0.9967186 0.08094489 0 0.9878843 -0.1551923 0 0.9878826 -0.1552032 0 0.9238878 -0.3826636 5.66626e-6 0.9238899 -0.3826585 -5.67001e-6 0.9238865 -0.3826668 5.66213e-5 0.3007315 0.9537089 0 0.3007318 0.9537088 0 0.9440757 0.3297289 0 0.9440821 0.3297108 0 0.8427979 0.5382303 0 0.8428124 0.5382074 0 0.6962195 0.717829 0 0.6962341 0.7178148 0 0.5122245 0.8588516 0 0.5122578 0.8588318 0 0.5122363 0.8588446 0 0.696205 0.7178431 0 0.842804 0.5382206 0 0.2756293 0.961264 0 0.2756422 0.9612604 -1.8303e-5 0.4532135 0.891402 0 0.4532092 0.8914043 0 0.6142877 0.7890822 0 0.6142832 0.7890857 0 0.7529894 0.6580327 0 0.7529853 0.6580374 0 0.8642733 0.5030226 0 0.8642721 0.5030248 0 0.275641 0.9612607 0 0.2756025 0.9612717 1.72986e-5 -0.3173075 0.9483228 0 -0.3172697 0.9483354 0 -0.1218692 0.9925463 0 -0.1218721 0.9925459 0 0.07845842 0.9969175 0 0.0784555 0.9969177 0 -0.3173321 0.9483146 0 -0.317312 0.9483212 0 -0.9396845 0.3420429 0 -0.9396815 0.3420509 0 -0.8398578 0.5428066 0 -0.8398531 0.5428138 0 -0.6977902 0.7163022 0 -0.6977905 0.716302 0 -0.5206359 0.8537788 0 -0.5206396 0.8537766 0 -0.9397018 0.341995 0 -0.9397033 0.3419908 2.15091e-5 -0.8526535 -0.5224769 0 -0.8526458 -0.5224896 -1.93757e-5 -0.9476295 -0.3193719 0 -0.9476296 -0.3193716 0 -0.9949684 -0.1001896 0 -0.994969 -0.1001839 0 -0.9922785 0.1240308 0 -0.9922771 0.1240415 0 -0.8526398 -0.5224992 0 -0.8526228 -0.5225269 0 -0.4067309 -0.9135481 0 -0.4067674 -0.9135318 1.9195e-6 -0.5807022 -0.8141161 0 -0.5807028 -0.8141157 0 -0.7313587 -0.681993 0 -0.731353 -0.6819992 0 -0.4067426 -0.9135429 0 -0.4067311 -0.913548 0 0.5112611 -0.8594254 0 0.5112875 -0.8594098 0 0.3387331 -0.9408826 0 0.3387353 -0.9408817 0 0.153844 -0.9880952 0 0.1538479 -0.9880946 0 -0.03664702 -0.9993283 0 -0.03664171 -0.9993285 0 -0.2258051 -0.9741726 0 -0.2257998 -0.9741737 0 -0.3826863 -0.9238784 0 -0.382659 -0.9238898 0 -0.159672 -0.9871701 0 -0.1596716 -0.9871702 0 0.07193988 -0.9974091 0 0.07193684 -0.9974092 0 0.2996578 -0.9540467 0 0.2996712 -0.9540426 0 0.2996779 -0.9540405 0 0.07194286 -0.9974088 0 -0.1596726 -0.9871701 0 -0.2872819 -0.9578462 8.14512e-7 -0.2872929 -0.9578428 -8.15222e-7 -0.3193385 -0.9476407 0 -0.3194452 -0.9476048 0 -0.3511613 -0.936315 0 -0.3512166 -0.9362943 0 0.9238643 -0.3827203 -6.0024e-6 0.7992427 -0.6010085 0 0.9238646 -0.3827199 -6.02686e-6 0.7992539 -0.6009936 0 0.9238687 -0.3827098 6.03088e-6 0.6241137 -0.7813336 0 0.624098 -0.7813462 0 0.4095349 -0.9122945 0 0.4095284 -0.9122975 0 0.1690735 -0.9856035 0 0.1690743 -0.9856034 0 -0.08207255 -0.9966264 0 -0.08207541 -0.9966261 0 -0.3279902 -0.9446812 6.0024e-6 -0.3279932 -0.9446801 -6.03086e-6 0.9238755 0.3826932 0 0.9238763 0.3826912 0 0.9238795 0.3826837 0 0.9238802 0.3826817 0 0.2949273 -0.9555198 0 0.294927 -0.9555198 0 0.2949255 -0.9555203 0 0.2949252 -0.9555203 0 -0.4067632 -0.9135336 4.80776e-6 -0.4067572 -0.9135363 -4.78508e-6 -0.5807039 -0.814115 0 -0.5807027 -0.8141158 0 -0.731354 -0.681998 0 -0.7313541 -0.6819979 0 -0.8526424 -0.5224952 0 -0.852636 -0.5225054 2.40387e-5 -0.8526378 -0.5225026 0 -0.8526561 -0.5224726 0 -0.947629 -0.3193736 0 -0.9476295 -0.3193718 0 -0.9949682 -0.1001906 0 -0.9949685 -0.1001887 0 -0.9922783 0.1240318 0 0.9238797 -0.3826833 0 0.9238797 -0.3826832 0 0.9238796 -0.3826832 0 0.9238798 -0.3826832 0 0.9366793 0.3501884 5.83598e-6 0.9366841 0.3501753 -5.98654e-6 0.9819985 0.1888887 -8.00006e-7 0.9820001 0.1888808 -4.02331e-7 0.9999892 0.004664897 -1.71177e-6 0.9957786 -0.09178799 -4.09375e-7 0.9957773 -0.0918014 0 0.9999893 0.004626333 -3.29688e-7 0.9821183 -0.1882649 -1.48837e-7 0.9821189 -0.1882622 2.67464e-7 0.9591426 -0.2829231 0 0.9591401 -0.2829316 0 0.9272062 -0.3745512 0 0.8862363 -0.4632338 -3.74042e-7 0.886241 -0.4632245 2.05589e-7 0.927202 -0.3745617 0 0.8375796 -0.5463156 3.70666e-7 0.8375843 -0.5463082 -5.9139e-7 0.7830843 -0.6219156 0 0.7248429 -0.6889142 -1.37836e-7 0.7248643 -0.6888917 -1.13808e-6 0.7830812 -0.6219197 7.97212e-7 0.6069186 -0.7947641 1.20979e-6 0.6069379 -0.7947493 2.02097e-7 0.4924479 -0.870342 6.61984e-6 0.4924209 -0.8703572 1.87815e-6 -0.9063209 -0.4225902 -5.66758e-7 -0.9062955 -0.4226447 0 -0.906313 -0.4226071 0 -0.9063042 -0.422626 2.25691e-5 -0.7660444 -0.6427877 0 -0.7660436 -0.6427888 0 -0.5735818 -0.8191484 0 -0.5735737 -0.819154 0 -0.3420231 -0.9396916 0 -0.342014 -0.9396949 0 -0.08715522 -0.9961948 0 -0.08715373 -0.996195 0 0.1736465 -0.9848082 0 0.1736479 -0.9848078 0 0.4226188 -0.9063075 0 0.4226202 -0.9063069 0 0.6427822 -0.766049 0 0.6427936 -0.7660394 0 0.8191474 -0.5735832 0 0.819165 -0.573558 0 0.9396869 -0.3420362 0 0.9396988 -0.3420032 0 0.9961933 -0.0871728 0 0.996195 -0.08715373 0 0.984808 0.1736472 0 0.984808 0.1736472 0 0.9063215 0.4225889 -5.6676e-7 0.9063253 0.4225808 0 0.9063096 0.4226143 0 0.9063041 0.4226263 2.2569e-5 0.7660439 0.6427885 0 0.7660408 0.6427919 0 0.5735824 0.8191479 0 0.5735912 0.8191418 0 0.3420237 0.9396914 0 0.3420186 0.9396932 0 0.08715498 0.9961948 0 0.08714956 0.9961953 0 -0.1736374 0.9848097 0 -0.1736336 0.9848104 0 -0.4226176 0.9063082 0 -0.422614 0.9063098 0 -0.6427943 0.7660388 0 -0.6427955 0.7660378 0 -0.8191538 0.573574 0 -0.8191547 0.5735728 0 -0.9396944 0.3420153 0 -0.9396949 0.3420139 0 -0.9961948 0.08715522 0 -0.996195 0.08715373 0 -0.9848109 -0.1736303 0 -0.984808 -0.1736472 0 0.422589 -0.9063216 -5.66761e-7 0.422643 -0.9062964 0 0.4226232 -0.9063055 0 0.422626 -0.9063042 2.25691e-5 0.6427931 -0.7660399 0 0.6427842 -0.7660475 0 0.8191642 -0.5735591 0 0.8191484 -0.5735819 0 0.9396983 -0.3420045 0 0.9396874 -0.3420346 0 0.9961963 -0.08713734 0 0.9961934 -0.08717125 0 0.9848049 0.1736642 0 0.9848108 0.173631 0 0.9063013 0.4226325 0 0.9063143 0.4226045 0 0.7660452 0.6427868 0 0.7660462 0.6427855 0 0.5735842 0.8191466 0 0.5735729 0.8191546 0 0.342021 0.9396923 0 0.3420196 0.9396929 0 0.08715474 0.9961948 0 0.08715403 0.9961948 0 -0.1736526 0.984807 0 -0.1736465 0.9848082 0 -0.4225808 0.9063252 -2.88257e-5 -0.4226193 0.9063074 0 -0.4226437 0.906296 0 -0.422626 0.9063042 2.50635e-5 -0.6427931 0.7660399 0 -0.6427842 0.7660475 0 -0.8191642 0.5735591 0 -0.8191484 0.5735819 0 -0.9396983 0.3420045 0 -0.9396874 0.3420346 0 -0.9961947 0.08715647 0 -0.9961932 0.08717238 0 -0.9848081 -0.1736465 0 -0.9848078 -0.1736479 0 -0.9063075 -0.4226188 0 -0.9063069 -0.4226202 0 -0.766049 -0.6427822 0 -0.766048 -0.6427834 0 -0.5735663 -0.8191591 0 -0.5735719 -0.8191553 0 -0.3420175 -0.9396936 0 -0.3420239 -0.9396914 0 -0.0871644 -0.996194 0 -0.08716285 -0.9961941 0 0.1736567 -0.9848063 0 0.1736567 -0.9848062 0 0.4225852 -0.9063232 0 0.4226468 -0.9062945 0 0.4226187 -0.9063076 0 0.4226292 -0.9063028 0 0.6427829 -0.7660484 0 0.6427841 -0.7660475 0 0.8191449 -0.5735866 0 0.819155 -0.5735723 0 0.9396871 -0.3420351 0 0.9396992 -0.3420023 0 0.9961933 -0.08717173 0 0.9961966 -0.08713477 0 0.984811 0.1736296 0 0.9848047 0.1736657 0 0.9063149 0.4226033 0 0.9063006 0.422634 0 0.7660461 0.6427857 0 0.7660431 0.6427893 0 0.573575 0.8191531 0 0.5735836 0.8191471 0 0.08715558 0.9961947 0 0.08715331 0.9961949 0 -0.1736469 0.984808 0 -0.173653 0.984807 0 -0.4225836 0.906324 -2.56423e-5 -0.4226137 0.90631 0 -0.4226464 0.9062947 0 -0.4226304 0.9063022 2.50635e-5 -0.6427829 0.7660484 0 -0.6427841 0.7660475 0 -0.8191547 0.5735727 0 -0.8191556 0.5735714 0 -0.9396927 0.3420202 0 -0.9396932 0.3420187 0 -0.996195 0.08715379 0 -0.9961935 0.08717018 0 -0.9848049 -0.1736642 0 -0.7660467 -0.642785 0 -0.7660457 -0.6427862 0 -0.5735743 -0.8191537 0 -0.5735661 -0.8191593 0 -0.3420245 -0.9396911 0 -0.3420151 -0.9396945 0 -0.08715975 -0.9961944 0 -0.0871582 -0.9961945 0 0.1736521 -0.9848071 0 0.1736522 -0.984807 0 -0.9063091 -0.4226152 2.50519e-6 -0.9062961 -0.4226436 0 -0.9063247 -0.422582 0 -0.9063031 -0.4226283 -2.50432e-6 -0.7660421 -0.6427904 0 -0.7660411 -0.6427916 0 -0.5735754 -0.8191528 0 -0.5735742 -0.8191537 0 -0.3420202 -0.9396926 0 -0.3420224 -0.9396918 0 -0.08715605 -0.9961947 0 -0.08715766 -0.9961946 0 0.173642 -0.9848089 0 0.173639 -0.9848094 0 0.422618 -0.9063079 0 0.4226145 -0.9063096 0 0.6427938 -0.7660393 0 0.6427848 -0.766047 0 0.8191624 -0.5735619 0 0.8191465 -0.5735845 0 0.9396987 -0.3420035 0 0.9396877 -0.3420337 0 0.9961947 -0.0871554 0 0.9961934 -0.08717137 0 0.9063216 0.4225885 -5.6676e-7 0.9063254 0.4225805 0 0.906296 0.4226437 0 0.9062975 0.4226407 2.2569e-5 0.7660407 0.6427921 0 0.7660418 0.642791 0 0.5735853 0.8191459 0 0.5735742 0.8191537 0 0.3420202 0.9396926 0 0.3420188 0.9396932 0 0.08715498 0.9961948 0 0.0871542 0.9961949 0 -0.173637 0.9848098 0 -0.1736431 0.9848086 0 -0.4226135 0.9063101 0 -0.4226198 0.9063071 0 -0.6427938 0.7660393 0 -0.6427949 0.7660384 0 -0.8191531 0.573575 0 -0.8191539 0.5735738 0 -0.9396932 0.3420186 0 -0.9396938 0.3420171 0 -0.9961949 0.0871542 0 -0.996195 0.08715265 0 -0.9848082 -0.1736461 0 -0.9848112 -0.1736292 0 0.9956845 0.09280294 5.7752e-7 0.9956848 0.09279966 8.34931e-7 0.997738 0.06722337 -4.22062e-6 0.9991219 0.0418995 5.84638e-7 0.9994609 0.03283351 -6.5421e-7 0.9999999 5.69135e-4 9.20452e-7 0.9998639 -0.01650094 -5.46512e-7 0.9981948 -0.06006169 5.89876e-7 0.995949 -0.08992069 0 0.9887576 -0.1495282 1.4808e-6 0.979783 -0.2000632 8.56875e-7 0.9599235 -0.2802625 -3.81318e-7 0.9332298 -0.3592802 -1.10854e-6 0.8720993 -0.4893289 3.24828e-7 0.8199617 -0.5724185 1.06881e-6 0.7684741 -0.639881 -8.07515e-7 0.7211949 -0.6927323 -1.2546e-6 0.5865986 -0.8098778 -4.74165e-6 0.5866002 -0.8098768 3.08405e-5 -3.59662e-7 0 -1 -3.07159e-6 0 -1 8.85766e-7 0 -1 2.46904e-7 0 -1 8.95994e-7 0 -1 -4.77305e-6 0 -1 1.67201e-6 0 -1 -2.04127e-6 0 -1 2.17909e-7 0 -1 1.48063e-6 0 -1 4.08008e-6 0 -1 0 0 -1 -6.91415e-7 0 -1 -2.11382e-6 0 -1 3.56808e-6 0 -1 -1.75828e-5 0 -1 1.80525e-5 0 -1 -2.01434e-5 0 -1 1.31988e-5 0 -1 0 0 -1 -3.2826e-6 0 -1 0 0 -1 1.19828e-6 0 -1 1.51382e-5 0 -1 1.98768e-6 0 -1 1.24197e-7 0 -1 -4.72714e-6 0 -1 -5.7012e-7 0 -1 5.66721e-7 0 -1 5.97252e-7 0 -1 7.93128e-7 0 -1 3.04668e-7 0 -1 3.12002e-6 0 -1 9.33907e-7 0 -1 -0.2756379 -0.9612616 0 -0.275614 -0.9612685 0 -0.2756378 -0.9612617 0 -0.2756157 -0.961268 0 0.317303 -0.9483243 0 0.1218708 -0.992546 0 0.3172922 -0.9483278 -1.92182e-5 0.1218708 -0.992546 0 -0.07846337 -0.9969171 0 -0.07845705 -0.9969176 0 0.3173197 -0.9483187 -2.14952e-6 0.3173098 -0.948322 0 0.9396813 -0.3420513 0 0.8398526 -0.5428146 0 0.939695 -0.3420138 0 0.8398605 -0.5428023 0 0.6977927 -0.7162998 0 0.6977938 -0.7162988 0 0.5206348 -0.8537796 0 0.5206378 -0.8537777 0 0.9397017 -0.3419953 2.15125e-5 0.9396922 -0.3420214 0 0.852651 0.5224811 0 0.9476273 0.3193783 0 0.8526384 0.5225015 2.15053e-6 0.9476326 0.3193628 0 0.9949692 0.1001811 0 0.9949675 0.1001981 0 0.9922772 -0.12404 0 0.9922786 -0.1240286 0 0.8526305 0.5225144 -1.92005e-6 0.852634 0.5225087 0 0.4067565 0.9135367 0 0.5806992 0.8141183 0 0.4067539 0.9135378 0 0.5807054 0.8141138 0 0.7313536 0.6819985 0 0.7313506 0.6820017 0 0.406737 0.9135453 0 0.4067373 0.9135452 0 0.9659264 -0.2588168 0 0.9659236 -0.2588279 0 1 1.04343e-5 0 1 -1.04247e-5 0 0.9659236 0.2588279 0 0.9659264 0.2588168 0 0.8660275 0.4999966 0 0.8660246 0.5000014 0 0.7071111 0.7071025 0 0.7071072 0.7071064 0 0.500001 0.8660249 0 0.5000026 0.8660239 0 0.2588162 0.9659266 0 0.2588181 0.9659262 0 4.30574e-7 1 0 2.41121e-6 1 0 -0.2588208 0.9659255 0 -0.2588188 0.965926 0 -0.5000005 0.8660252 0 -0.4999989 0.8660262 0 -0.7071086 0.7071051 0 -0.7071073 0.7071064 0 -0.8660284 0.4999949 0 -0.8660275 0.4999966 0 -0.9659264 0.2588168 0 -0.9659259 0.2588188 0 -1 -9.9032e-7 0 -1 9.90319e-7 0 -0.9659259 -0.2588188 0 -0.9659264 -0.2588168 0 -0.8660275 -0.4999966 0 -0.8660284 -0.4999948 0 -0.7071087 -0.7071049 0 -0.7071101 -0.7071036 0 -0.5000007 -0.866025 0 -0.5000024 -0.8660241 0 -0.2588137 -0.9659273 0 -0.2588156 -0.9659268 0 2.39686e-6 -1 0 4.06652e-7 -1 0 0.258813 -0.9659276 0 0.258811 -0.965928 0 0.5000045 -0.8660228 0 0.5000028 -0.8660238 0 0.7071086 -0.7071049 0 0.7071127 -0.707101 0 0.8660246 -0.5000014 0 0.8660275 -0.4999966 0 0 0 1 0 0 1 0 0 1 0 0 1 0 0 1 0 0 1 0 0 1 0 0 1 0 0 1 0 0 1 0 0 1 0 0 1 2.17966e-7 0 1 0 0 1 0 0 1 0 0 1 0 0 1 0 0 1 0 0 1 0 0 1 0 0 1 0 0 1 0 0 1 0 0 1 0 0 1 0 0 1 0 0 1 0 0 1 0 0 1 0 0 1 0 0 1 0 0 1 0 0 1 0 0 1 0 0 1 0 0 1 0 0 1 0 0 1 0 0 1 0 0 1 0 0 1 0 0 1 0 0 1 0 0 1 0 0 1 0 0 1 0 0 1 0 0 1 0 0 1 0 0 1 0 0 1 0 0 1 0 0 1 0 0 1 0 0 1 0 0 1 0 0 1 0 0 1 0 0 1 0 0 1 0 0 1 0 0 1 0 0 1 0 0 1 0 0 1 0 0 1 0 0 1 0 0 1 0 0 1 0 0 1 0 0 1 0 0 1 0 0 1 0 0 1 0 0 1 0 0 1 0 0 1 0 0 1 0 0 1 0 0 1 0 0 1 0 0 1 0 0 1 0 0 1 0 0 1 0 0 1 0 0 1 0 0 1 0 0 1 0 0 1 -2.55021e-7 0 1 0 0 1 0 0 1 0 0 1 0 0 1 0 0 1 0 0 1 0 0 1 0 0 1 0 0 1 0 0 1 0 0 1 0 0 1 0 0 1 0 0 1 0 0 1 0 0 1 0 0 1 0 0 1 0 0 1 0 0 1 0 0 1 0 0 1 0 0 1 0 0 1 0 0 1 0 0 1 0 0 1 0 0 1 0 0 1 0 0 1 0 0 1 0 0 1 0 0 1 0 0 1 0 0 1 0 0 1 0 0 1 0 0 1 0 0 1 0 0 1 0 0 1 0 0 1 0 0 1 0 0 1 0 0 1 0 0 1 0 0 1 0 0 1 0 0 1 0 0 1 0 0 1 0 0 1 0 0 1 0 0 1 0 0 1 0 0 1 0 0 1 0 0 1 0 0 1 0 0 1 0 0 1 0 0 1 0 0 1 0 0 1 0 0 1 0 0 1 0 0 1 0 0 1 0 0 1 0 0 1 0 0 1 0 0 1 0 0 1 0 0 1 0 0 1 0 0 1 0 0 1 0 0 1 0 0 1 0 0 1 0 0 1 0 0 1 0 0 1 0 0 1</float_array>
          <technique_common>
            <accessor source="#gray_leg-mesh-normals-array" count="1503" stride="3">
              <param name="X" type="float"/>
              <param name="Y" type="float"/>
              <param name="Z" type="float"/>
            </accessor>
          </technique_common>
        </source>
        <source id="gray_leg-mesh-map-0">
          <float_array id="gray_leg-mesh-map-0-array" count="10200">-0.342409 0.1281 -0.316165 0.133104 -0.342409 0.15 -0.342409 0.15 -0.316165 0.133104 -0.29047 0.1404229 -0.342409 0.15 -0.29047 0.1404229 -0.265527 0.15 -0.475248 0.138763 -0.475248 0.15 -0.485403 0.14215 -0.485403 0.14215 -0.475248 0.15 -0.495431 0.145897 -0.495431 0.145897 -0.475248 0.15 -0.505319 0.15 0.15 -0.939427 0.138763 -0.939427 0.15 -0.983961 0.15 -0.983961 0.138763 -0.939427 0.130461 -0.972751 0.15 -0.983961 0.130461 -0.972751 0.125927 -1.00632 0.15 -0.983961 0.125927 -1.00632 0.15 -1.028496 0.15 -1.028496 0.125927 -1.00632 0.125165 -1.039618 0.15 -1.028496 0.125165 -1.039618 0.15 -1.07303 0.15 -1.07303 0.125165 -1.039618 0.1281 -1.07303 1.078152 -0.299353 0 -0.347898 1.093015 -0.347898 1.093015 -0.347898 0 -0.347898 1.1 -0.358603 1.093015 -0.347898 1.1 -0.358603 1.1 -0.347898 0 -0.347898 1.078152 -0.299353 0 -0.269885 0 -0.269885 1.078152 -0.299353 1.060061 -0.252643 0 -0.269885 1.060061 -0.252643 1.040432 -0.207764 0 -0.269885 1.040432 -0.207764 0 -0.191872 0 -0.191872 1.040432 -0.207764 1.019842 -0.16179 0 -0.191872 1.019842 -0.16179 0 -0.1138589 0 -0.1138589 1.019842 -0.16179 1.010195 -0.122016 0 -0.1138589 1.010195 -0.122016 1.003095 -0.08183896 0 -0.1138589 1.003095 -0.08183896 0 -0.03584599 0 -0.03584599 1.003095 -0.08183896 0.998716 -0.04111295 0 -0.03584599 0.998716 -0.04111295 0.997231 -1.28e-4 0 -0.03584599 0.997231 -1.28e-4 0 0.04216694 0 0.04216694 0.997231 -1.28e-4 0.998698 0.04086399 0 0.04216694 0.998698 0.04086399 1.00306 0.08159697 0 0.04216694 1.00306 0.08159697 0 0.12018 0 0.12018 1.00306 0.08159697 1.010184 0.121964 0 0.12018 1.010184 0.121964 1.019842 0.16179 0 0.12018 1.019842 0.16179 0 0.198193 0 0.198193 1.019842 0.16179 1.049296 0.2276279 0 0.198193 1.049296 0.2276279 0 0.276206 0 0.276206 1.049296 0.2276279 1.076131 0.293708 0 0.276206 1.076131 0.293708 1.087621 0.328425 0 0.276206 1.087621 0.328425 0 0.354219 0 0.354219 1.087621 0.328425 1.096765 0.363791 0 0.354219 1.096765 0.363791 1.10293 0.399516 0 0.354219 1.10293 0.399516 0 0.432232 0 0.432232 1.10293 0.399516 1.10589 0.435189 0 0.432232 1.10589 0.435189 1.10547 0.470345 0 0.432232 1.10547 0.470345 0 0.510245 0 0.510245 1.10547 0.470345 1.101538 0.505179 0 0.510245 1.101538 0.505179 1.094245 0.540066 0 0.510245 1.094245 0.540066 0 0.588258 0 0.588258 1.094245 0.540066 1.083845 0.574677 0 0.588258 1.083845 0.574677 1.055028 0.641862 0 0.588258 1.055028 0.641862 0 0.666271 0 0.666271 1.055028 0.641862 1.019842 0.704713 0 0.666271 1.019842 0.704713 0 0.744284 0 0.744284 1.019842 0.704713 1.000218 0.762363 0 0.744284 1.000218 0.762363 0 0.822297 0 0.822297 1.000218 0.762363 0.985321 0.821351 0 0.822297 0.985321 0.821351 0.976011 0.881441 0 0.822297 0.976011 0.881441 0 0.90031 0 0.90031 0.976011 0.881441 0.972827 0.942324 0 0.90031 0.972827 0.942324 0 0.978323 0 0.978323 0.972827 0.942324 0.975981 1.003219 0 -0.906632 0.975981 -0.881736 0 -0.828619 0 -0.828619 0.975981 -0.881736 0.985284 -0.821532 0 -0.828619 0.985284 -0.821532 1.000191 -0.762449 0 -0.828619 1.000191 -0.762449 0 -0.750606 0 -0.750606 1.000191 -0.762449 1.019842 -0.704713 0 -0.750606 1.019842 -0.704713 0 -0.672593 0 -0.672593 1.019842 -0.704713 1.050158 -0.651341 0 -0.672593 1.050158 -0.651341 0 -0.59458 0 -0.59458 1.050158 -0.651341 1.076454 -0.59458 0 -0.59458 1.076454 -0.59458 1.1 -0.567854 1.1 -0.567854 1.076454 -0.59458 1.1 -0.59458 0 -0.59458 1.1 -0.567854 0 -0.53291 0 -0.53291 1.1 -0.567854 1.1 -0.541128 0 -0.53291 1.1 -0.541128 1.1 -0.514402 0 -0.53291 1.1 -0.514402 0 -0.471239 0 -0.471239 1.1 -0.514402 1.104628 -0.481177 0 -0.471239 1.104628 -0.481177 1.106155 -0.447899 0 -0.471239 1.106155 -0.447899 0 -0.409568 0 -0.409568 1.106155 -0.447899 1.104592 -0.414056 0 -0.409568 1.104592 -0.414056 1.1 -0.380015 0 -0.409568 1.1 -0.380015 0 -0.347898 0 -0.347898 1.1 -0.380015 1.1 -0.369309 0 -0.347898 1.1 -0.369309 1.1 -0.358603 0.505319 0.15 0.265527 0.15 0.44666 0.131317 0.44666 0.131317 0.265527 0.15 0.324186 0.131317 0.44666 0.131317 0.324186 0.131317 0.385423 0.125 4.521217 1.376665 4.089256 1.258591 4.531502 1.348408 4.531502 1.348408 4.089256 1.258591 4.356039 1.074603 4.531502 1.348408 4.356039 1.074603 4.405592 1.072439 4.521217 1.376665 4.500955 1.416291 4.089256 1.258591 4.089256 1.258591 4.500955 1.416291 4.05529 1.340593 4.05529 1.340593 4.500955 1.416291 4.485733 1.458113 4.05529 1.340593 4.485733 1.458113 4.475783 1.501493 4.05529 1.340593 4.475783 1.501493 4.155088 1.626712 4.155088 1.626712 4.475783 1.501493 4.449488 1.573738 4.155088 1.626712 4.449488 1.573738 4.191657 1.660221 4.191657 1.660221 4.449488 1.573738 4.218307 1.702053 4.218307 1.702053 4.449488 1.573738 4.475525 1.617337 4.218307 1.702053 4.475525 1.617337 4.48294 1.65232 4.449488 1.573738 4.471614 1.581791 4.475525 1.617337 4.48294 1.65232 4.493786 1.686397 4.218307 1.702053 4.218307 1.702053 4.493786 1.686397 4.505571 1.772315 4.218307 1.702053 4.505571 1.772315 4.512816 1.833799 4.218307 1.702053 4.512816 1.833799 4.345093 1.973946 4.345093 1.973946 4.512816 1.833799 4.51645 1.910873 4.345093 1.973946 4.51645 1.910873 4.507432 1.980629 4.345093 1.973946 4.507432 1.980629 4.360008 2.02125 4.360008 2.02125 4.507432 1.980629 4.49609 2.031372 4.360008 2.02125 4.49609 2.031372 4.362171 2.070803 4.362171 2.070803 4.49609 2.031372 4.478653 2.100429 4.362171 2.070803 4.478653 2.100429 4.351436 2.119227 4.351436 2.119227 4.478653 2.100429 4.328533 2.163223 4.328533 2.163223 4.478653 2.100429 4.270382 2.315784 4.328533 2.163223 4.270382 2.315784 4.295024 2.199791 4.295024 2.199791 4.270382 2.315784 4.253192 2.226441 4.253192 2.226441 4.270382 2.315784 4.205887 2.241356 4.205887 2.241356 4.270382 2.315784 4.156334 2.24352 4.156334 2.24352 4.270382 2.315784 4.183913 2.41396 4.156334 2.24352 4.183913 2.41396 4.10791 2.232785 4.10791 2.232785 4.183913 2.41396 4.110974 2.504858 4.10791 2.232785 4.110974 2.504858 4.063915 2.209882 4.063915 2.209882 4.110974 2.504858 4.027346 2.176373 4.027346 2.176373 4.110974 2.504858 4.005689 2.672249 4.027346 2.176373 4.005689 2.672249 4.000696 2.13454 4.000696 2.13454 4.005689 2.672249 2.805831 2.608513 4.000696 2.13454 2.805831 2.608513 2.957489 1.754844 2.957489 1.754844 2.805831 2.608513 2.910184 1.769759 2.910184 1.769759 2.805831 2.608513 2.860632 1.771923 2.860632 1.771923 2.805831 2.608513 2.586526 2.522237 2.860632 1.771923 2.586526 2.522237 2.387602 2.395875 4.005689 2.672249 3.976919 2.754938 2.805831 2.608513 2.805831 2.608513 3.976919 2.754938 3.971823 2.797681 2.805831 2.608513 3.971823 2.797681 3.94882 2.93626 3.94882 2.93626 3.971823 2.797681 3.972698 2.819062 3.94882 2.93626 3.972698 2.819062 3.976383 2.840134 3.976383 2.840134 4.131168 2.868124 3.94882 2.93626 3.94882 2.93626 4.131168 2.868124 4.123322 2.967815 4.123322 2.967815 4.131168 2.868124 4.300613 2.963947 4.300613 2.963947 4.131168 2.868124 4.288426 2.864692 4.300613 2.963947 4.288426 2.864692 4.473573 2.92481 4.473573 2.92481 4.288426 2.864692 4.441843 2.829978 4.473573 2.92481 4.441843 2.829978 4.93549 2.770255 4.93549 2.770255 4.441843 2.829978 4.90376 2.675422 4.93549 2.770255 4.90376 2.675422 5.115439 2.686582 5.115439 2.686582 4.90376 2.675422 5.063376 2.601204 5.115439 2.686582 5.063376 2.601204 5.27222 2.564916 5.27222 2.564916 5.063376 2.601204 5.202441 2.493285 5.27222 2.564916 5.202441 2.493285 5.397949 2.411373 5.397949 2.411373 5.202441 2.493285 5.313963 2.357093 5.397949 2.411373 5.313963 2.357093 5.486303 2.233676 5.486303 2.233676 5.313963 2.357093 5.392334 2.199474 5.486303 2.233676 5.392334 2.199474 5.48315 1.94996 5.48315 1.94996 5.565163 1.72463 5.486303 2.233676 5.486303 2.233676 5.565163 1.72463 5.765959 1.46533 5.765959 1.46533 5.565163 1.72463 5.671989 1.431128 5.765959 1.46533 5.671989 1.431128 5.812497 1.272412 5.812497 1.272412 5.671989 1.431128 5.713269 1.260009 5.812497 1.272412 5.713269 1.260009 5.814878 1.073975 5.814878 1.073975 5.713269 1.260009 5.715381 1.083994 5.814878 1.073975 5.715381 1.083994 5.67822 0.911934 5.814878 1.073975 5.67822 0.911934 5.772983 0.879997 5.772983 0.879997 5.67822 0.911934 5.603653 0.75248 5.772983 0.879997 5.603653 0.75248 5.688917 0.700231 5.688917 0.700231 5.603653 0.75248 5.349151 0.33717 5.688917 0.700231 5.349151 0.33717 5.434415 0.28492 5.434415 0.28492 5.349151 0.33717 5.253941 0.211962 5.434415 0.28492 5.253941 0.211962 5.327076 0.143763 5.327076 0.143763 5.253941 0.211962 5.13568 0.10825 5.327076 0.143763 5.13568 0.10825 5.19375 0.02683895 5.19375 0.02683895 5.13568 0.10825 4.999116 0.03019797 5.19375 0.02683895 4.999116 0.03019797 5.03979 -0.06115698 5.03979 -0.06115698 4.999116 0.03019797 4.970088 0.05764997 5.03979 -0.06115698 4.970088 0.05764997 3.953538 -0.544787 3.953538 -0.544787 4.970088 0.05764997 4.947431 0.09093499 3.953538 -0.544787 4.947431 0.09093499 4.916799 0.1664119 3.953538 -0.544787 4.916799 0.1664119 4.564194 0.586342 4.564194 0.586342 4.916799 0.1664119 4.898201 0.253417 4.564194 0.586342 4.898201 0.253417 4.611498 0.571427 4.611498 0.571427 4.898201 0.253417 4.887521 0.358941 4.611498 0.571427 4.887521 0.358941 4.661051 0.569263 4.661051 0.569263 4.887521 0.358941 4.884162 0.482605 4.661051 0.569263 4.884162 0.482605 4.709475 0.579998 4.709475 0.579998 4.884162 0.482605 4.753471 0.602901 4.753471 0.602901 4.884162 0.482605 4.887272 0.619889 4.753471 0.602901 4.887272 0.619889 4.79004 0.63641 4.79004 0.63641 4.887272 0.619889 4.81669 0.678243 4.81669 0.678243 4.887272 0.619889 4.831605 0.725547 4.831605 0.725547 4.887272 0.619889 4.833768 0.7751 4.833768 0.7751 4.887272 0.619889 4.908404 0.919697 4.833768 0.7751 4.908404 0.919697 4.823033 0.823524 4.823033 0.823524 4.908404 0.919697 4.80013 0.86752 4.80013 0.86752 4.908404 0.919697 4.766621 0.904089 4.766621 0.904089 4.908404 0.919697 4.877373 0.983807 4.766621 0.904089 4.877373 0.983807 4.724789 0.930739 4.724789 0.930739 4.877373 0.983807 4.853444 1.029968 4.724789 0.930739 4.853444 1.029968 4.815514 1.089201 4.815514 1.089201 4.763188 1.145907 4.724789 0.930739 4.724789 0.930739 4.763188 1.145907 4.452897 1.057524 4.452897 1.057524 4.763188 1.145907 4.718117 1.188351 4.452897 1.057524 4.718117 1.188351 4.653862 1.246592 4.653862 1.246592 4.610336 1.275578 4.452897 1.057524 4.452897 1.057524 4.610336 1.275578 4.405592 1.072439 4.405592 1.072439 4.610336 1.275578 4.571465 1.310558 4.405592 1.072439 4.571465 1.310558 4.531502 1.348408 4.531502 1.348408 4.571465 1.310558 4.538065 1.350797 4.000696 2.13454 2.957489 1.754844 3.87391 1.862648 3.87391 1.862648 2.957489 1.754844 3.229381 1.628059 3.87391 1.862648 3.229381 1.628059 3.858995 1.815344 3.858995 1.815344 3.229381 1.628059 3.271213 1.601409 3.858995 1.815344 3.271213 1.601409 3.856832 1.765791 3.856832 1.765791 3.271213 1.601409 3.304722 1.56484 3.856832 1.765791 3.304722 1.56484 3.672843 1.499008 3.672843 1.499008 3.304722 1.56484 3.590841 1.465042 3.590841 1.465042 3.304722 1.56484 3.327625 1.520844 3.590841 1.465042 3.327625 1.520844 3.338361 1.47242 4.155088 1.626712 4.111092 1.603809 4.05529 1.340593 4.05529 1.340593 4.111092 1.603809 4.001258 1.411009 4.001258 1.411009 4.111092 1.603809 4.062668 1.593074 4.001258 1.411009 4.062668 1.593074 4.013115 1.595237 4.001258 1.411009 4.013115 1.595237 3.930841 1.465042 3.930841 1.465042 4.013115 1.595237 3.965811 1.610152 3.930841 1.465042 3.965811 1.610152 3.84884 1.499008 3.84884 1.499008 3.965811 1.610152 3.923979 1.636802 3.84884 1.499008 3.923979 1.636802 3.760841 1.510593 3.760841 1.510593 3.923979 1.636802 3.89047 1.673371 3.760841 1.510593 3.89047 1.673371 3.867567 1.717367 3.760841 1.510593 3.867567 1.717367 3.672843 1.499008 3.672843 1.499008 3.867567 1.717367 3.856832 1.765791 3.590841 1.465042 3.338361 1.47242 3.520425 1.411009 3.520425 1.411009 3.338361 1.47242 3.336197 1.422867 3.520425 1.411009 3.336197 1.422867 3.466393 1.340593 3.466393 1.340593 3.336197 1.422867 3.321282 1.375563 3.466393 1.340593 3.321282 1.375563 3.432427 1.258591 3.432427 1.258591 3.321282 1.375563 3.294632 1.333731 3.432427 1.258591 3.294632 1.333731 3.258063 1.300221 3.432427 1.258591 3.258063 1.300221 3.420841 1.170593 3.420841 1.170593 3.258063 1.300221 3.214067 1.277319 3.420841 1.170593 3.214067 1.277319 3.432427 1.082594 3.432427 1.082594 3.214067 1.277319 3.165643 1.266583 3.432427 1.082594 3.165643 1.266583 3.11609 1.268747 3.068786 1.283662 3.330026 0.680965 3.11609 1.268747 3.11609 1.268747 3.330026 0.680965 3.366594 0.714474 3.11609 1.268747 3.366594 0.714474 3.432427 1.082594 3.432427 1.082594 3.366594 0.714474 3.466393 1.000593 3.466393 1.000593 3.366594 0.714474 3.41059 0.737377 3.466393 1.000593 3.41059 0.737377 3.520425 0.930177 3.520425 0.930177 3.41059 0.737377 3.459014 0.748112 3.520425 0.930177 3.459014 0.748112 3.508567 0.745949 3.330026 0.680965 3.068786 1.283662 3.303375 0.639133 3.303375 0.639133 3.068786 1.283662 2.796894 1.410447 3.303375 0.639133 2.796894 1.410447 3.17659 0.36724 3.17659 0.36724 2.796894 1.410447 1.776615 1.296461 3.17659 0.36724 1.776615 1.296461 2.385973 -0.174659 2.796894 1.410447 2.755062 1.437097 1.776615 1.296461 1.776615 1.296461 2.755062 1.437097 2.721552 1.473666 1.776615 1.296461 2.721552 1.473666 2.69865 1.517662 1.776615 1.296461 2.69865 1.517662 1.93063 1.767674 1.93063 1.767674 2.69865 1.517662 2.687914 1.566086 1.93063 1.767674 2.687914 1.566086 1.95179 1.783892 1.95179 1.783892 2.687914 1.566086 1.968646 1.804546 1.968646 1.804546 2.687914 1.566086 2.690078 1.615639 1.968646 1.804546 2.690078 1.615639 1.980294 1.828527 1.980294 1.828527 2.690078 1.615639 2.704993 1.662943 1.980294 1.828527 2.704993 1.662943 2.078865 2.042587 2.078865 2.042587 2.704993 1.662943 2.731643 1.704775 2.078865 2.042587 2.731643 1.704775 2.768212 1.738285 2.078865 2.042587 2.768212 1.738285 2.216302 2.234027 2.216302 2.234027 2.768212 1.738285 2.812207 1.761187 2.216302 2.234027 2.812207 1.761187 2.387602 2.395875 2.387602 2.395875 2.812207 1.761187 2.860632 1.771923 4.292302 0.713127 3.647772 0.478538 4.564194 0.586342 4.564194 0.586342 3.647772 0.478538 3.520987 0.206645 4.564194 0.586342 3.520987 0.206645 3.953538 -0.544787 3.953538 -0.544787 3.520987 0.206645 3.494337 0.164813 3.953538 -0.544787 3.494337 0.164813 3.457768 0.131304 3.647772 0.478538 4.292302 0.713127 3.662687 0.525842 3.662687 0.525842 4.292302 0.713127 4.250469 0.739777 3.662687 0.525842 4.250469 0.739777 3.664851 0.575395 3.664851 0.575395 4.250469 0.739777 4.21696 0.776346 3.664851 0.575395 4.21696 0.776346 3.84884 0.842178 3.84884 0.842178 4.21696 0.776346 3.930841 0.876144 3.930841 0.876144 4.21696 0.776346 4.194057 0.820342 3.930841 0.876144 4.194057 0.820342 4.183322 0.868766 3.930841 0.876144 4.183322 0.868766 4.001258 0.930177 4.001258 0.930177 4.183322 0.868766 4.185486 0.918319 4.001258 0.930177 4.185486 0.918319 4.05529 1.000593 4.05529 1.000593 4.185486 0.918319 4.200401 0.965623 4.05529 1.000593 4.200401 0.965623 4.089256 1.082594 4.089256 1.082594 4.200401 0.965623 4.227051 1.007455 4.089256 1.082594 4.227051 1.007455 4.26362 1.040964 4.089256 1.082594 4.26362 1.040964 4.100841 1.170593 4.100841 1.170593 4.26362 1.040964 4.307615 1.063867 4.100841 1.170593 4.307615 1.063867 4.089256 1.258591 4.089256 1.258591 4.307615 1.063867 4.356039 1.074603 3.520425 0.930177 3.508567 0.745949 3.590841 0.876144 3.590841 0.876144 3.508567 0.745949 3.555871 0.731034 3.590841 0.876144 3.555871 0.731034 3.672843 0.842178 3.672843 0.842178 3.555871 0.731034 3.597704 0.704384 3.672843 0.842178 3.597704 0.704384 3.760841 0.830593 3.760841 0.830593 3.597704 0.704384 3.631213 0.667815 3.760841 0.830593 3.631213 0.667815 3.654116 0.623819 3.760841 0.830593 3.654116 0.623819 3.84884 0.842178 3.84884 0.842178 3.654116 0.623819 3.664851 0.575395 3.953538 -0.544787 3.457768 0.131304 3.730084 -0.619662 3.730084 -0.619662 3.457768 0.131304 3.413772 0.108401 3.730084 -0.619662 3.413772 0.108401 3.496475 -0.650729 3.496475 -0.650729 3.413772 0.108401 3.365348 0.09766596 3.496475 -0.650729 3.365348 0.09766596 3.261218 -0.636856 3.261218 -0.636856 3.365348 0.09766596 3.315795 0.09982895 3.261218 -0.636856 3.315795 0.09982895 3.03288 -0.578547 3.03288 -0.578547 3.315795 0.09982895 3.268491 0.114744 3.03288 -0.578547 3.268491 0.114744 2.819775 -0.477927 2.819775 -0.477927 3.268491 0.114744 3.226659 0.141394 2.819775 -0.477927 3.226659 0.141394 2.795438 -0.467044 2.795438 -0.467044 3.226659 0.141394 2.769248 -0.462057 2.769248 -0.462057 3.226659 0.141394 3.19315 0.177963 2.769248 -0.462057 3.19315 0.177963 2.385973 -0.174659 2.385973 -0.174659 3.19315 0.177963 3.170247 0.2219589 2.385973 -0.174659 3.170247 0.2219589 3.159511 0.270383 3.159511 0.270383 3.161675 0.319936 2.385973 -0.174659 2.385973 -0.174659 3.161675 0.319936 3.17659 0.36724 2.331854 -0.305315 2.369243 -0.37081 2.385973 -0.174659 2.385973 -0.174659 2.369243 -0.37081 2.421785 -0.424911 2.385973 -0.174659 2.421785 -0.424911 2.486158 -0.464199 2.486158 -0.464199 2.558296 -0.486191 2.385973 -0.174659 2.385973 -0.174659 2.558296 -0.486191 2.633639 -0.489498 2.385973 -0.174659 2.633639 -0.489498 2.707427 -0.47391 2.710645 -0.472885 2.713826 -0.471753 2.707427 -0.47391 2.707427 -0.47391 2.713826 -0.471753 2.716968 -0.470513 2.707427 -0.47391 2.716968 -0.470513 2.385973 -0.174659 2.385973 -0.174659 2.716968 -0.470513 2.742615 -0.463235 2.385973 -0.174659 2.742615 -0.463235 2.769248 -0.462057 1.93063 1.767674 1.906305 1.756764 1.776615 1.296461 1.776615 1.296461 1.906305 1.756764 1.839461 1.735688 1.776615 1.296461 1.839461 1.735688 1.774841 1.706531 1.774841 1.706531 1.718867 1.663023 1.776615 1.296461 1.776615 1.296461 1.718867 1.663023 1.674666 1.607596 1.776615 1.296461 1.674666 1.607596 1.644705 1.543345 1.644705 1.543345 1.630657 1.473857 1.776615 1.296461 1.776615 1.296461 1.630657 1.473857 1.633308 1.403012 1.776615 1.296461 1.633308 1.403012 1.652509 1.334768 -4.2 0 -0.5 0 -4.2 0.176398 -4.2 0.176398 -0.5 0 -0.5 0.176398 -4.2 0.176398 -0.5 0.176398 -4.2 0.352796 -4.2 0.352796 -0.5 0.176398 -0.5 0.352796 -4.2 0.352796 -0.5 0.352796 -4.2 0.529195 -4.2 0.529195 -0.5 0.352796 -0.5 0.529195 -4.2 0.529195 -0.5 0.529195 -0.5 0.705593 -0.5 0.705593 -4.2 0.705593 -4.2 0.529195 0.55213 0.5 0.817657 0.5 0.618807 0.540074 0.618807 0.540074 0.817657 0.5 0.672939 0.595944 0.672939 0.595944 0.817657 0.5 0.710886 0.663855 0.710886 0.663855 0.817657 0.5 0.730095 0.73924 0.730095 0.73924 0.817657 0.5 0.729275 0.817029 0.729275 0.817029 0.817657 0.5 0.722012 2.097354 0.729275 0.817029 0.722012 2.097354 0.708482 0.891992 0.708482 0.891992 0.722012 2.097354 0.692042 2.025 0.708482 0.891992 0.692042 2.025 0.669113 0.959088 0.669113 0.959088 0.692042 2.025 0.644366 1.962868 0.669113 0.959088 0.644366 1.962868 0.613816 1.013805 0.613816 1.013805 0.644366 1.962868 0.582234 1.915192 0.613816 1.013805 0.582234 1.915192 0.546309 1.052465 0.546309 1.052465 0.582234 1.915192 0.50988 1.885222 0.546309 1.052465 0.50988 1.885222 0.471131 1.072468 0.471131 1.072468 0.50988 1.885222 0.432234 1.875 0.471131 1.072468 0.432234 1.875 0.393337 1.072468 0.393337 1.072468 0.432234 1.875 0.354588 1.885222 0.393337 1.072468 0.354588 1.885222 0.31816 1.052465 0.31816 1.052465 0.354588 1.885222 0.282234 1.915192 0.31816 1.052465 0.282234 1.915192 0.250652 1.013805 0.250652 1.013805 0.282234 1.915192 0.220102 1.962868 0.250652 1.013805 0.220102 1.962868 0.1953549 0.959088 0.1953549 0.959088 0.220102 1.962868 0.172426 2.025 0.1953549 0.959088 0.172426 2.025 0.155986 0.891992 0.155986 0.891992 0.172426 2.025 0.1424559 2.097354 0.155986 0.891992 0.1424559 2.097354 0.135193 0.817029 0.135193 0.817029 0.1424559 2.097354 0 0.5 0.135193 0.817029 0 0.5 0.134373 0.73924 0.134373 0.73924 0 0.5 0.153582 0.663855 0.153582 0.663855 0 0.5 0.191529 0.595944 0.191529 0.595944 0 0.5 0.245661 0.540074 0.245661 0.540074 0 0.5 0.312338 0.5 0.722012 2.097354 0.817657 0.5 0.732234 2.175 0.732234 2.175 0.817657 0.5 0.817657 4.2 0.732234 2.175 0.817657 4.2 0.732234 3.575 0.732234 3.575 0.817657 4.2 0.722012 3.652646 0.722012 3.652646 0.817657 4.2 0.692042 3.725 0.692042 3.725 0.817657 4.2 0.644366 3.787132 0.644366 3.787132 0.817657 4.2 0.582234 3.834808 0.582234 3.834808 0.817657 4.2 0.50988 3.864778 0.50988 3.864778 0.817657 4.2 0.432234 3.875 0.432234 3.875 0.817657 4.2 0 4.2 0.432234 3.875 0 4.2 0.354588 3.864778 0.354588 3.864778 0 4.2 0.282234 3.834808 0.282234 3.834808 0 4.2 0.220102 3.787132 0.220102 3.787132 0 4.2 0.172426 3.725 0.172426 3.725 0 4.2 0.1424559 3.652646 0.1424559 3.652646 0 4.2 0.132234 3.575 0.132234 3.575 0 4.2 0.132234 2.175 0.132234 3.575 0.132234 2.175 0.1424559 3.497354 0.1424559 3.497354 0.132234 2.175 0.1424559 2.252646 0.1424559 3.497354 0.1424559 2.252646 0.172426 3.425 0.172426 3.425 0.1424559 2.252646 0.172426 2.325 0.172426 3.425 0.172426 2.325 0.220102 3.362868 0.220102 3.362868 0.172426 2.325 0.220102 2.387132 0.220102 3.362868 0.220102 2.387132 0.282234 3.315192 0.282234 3.315192 0.220102 2.387132 0.282234 2.434808 0.282234 3.315192 0.282234 2.434808 0.354588 3.285222 0.354588 3.285222 0.282234 2.434808 0.354588 2.464778 0.354588 3.285222 0.354588 2.464778 0.432234 3.275 0.432234 3.275 0.354588 2.464778 0.432234 2.475 0.432234 3.275 0.432234 2.475 0.50988 2.464778 0 4.2 0 0.5 0.132234 2.175 0.132234 2.175 0 0.5 0.1424559 2.097354 0.732234 3.575 0.722012 3.497354 0.732234 2.175 0.732234 2.175 0.722012 3.497354 0.722012 2.252646 0.722012 2.252646 0.722012 3.497354 0.692042 3.425 0.722012 2.252646 0.692042 3.425 0.692042 2.325 0.692042 2.325 0.692042 3.425 0.644366 3.362868 0.692042 2.325 0.644366 3.362868 0.644366 2.387132 0.644366 2.387132 0.644366 3.362868 0.582234 3.315192 0.644366 2.387132 0.582234 3.315192 0.582234 2.434808 0.582234 2.434808 0.582234 3.315192 0.50988 3.285222 0.582234 2.434808 0.50988 3.285222 0.50988 2.464778 0.50988 2.464778 0.50988 3.285222 0.432234 3.275 0 0.5 0.487088 0.5 0 4.2 0 4.2 0.487088 0.5 0.487088 4.2 -4.2 0 -0.5 0 -4.2 0.15756 -4.2 0.15756 -0.5 0 -0.5 0.15756 -4.2 0.15756 -0.5 0.15756 -4.2 0.315119 -4.2 0.315119 -0.5 0.15756 -0.5 0.315119 -4.2 0.315119 -0.5 0.315119 -0.5 0.472679 -0.5 0.472679 -4.2 0.472679 -4.2 0.315119 0 4 0 0.3 0.04488098 2.15 0.04488098 2.15 0 0.3 0.04488098 0.3 0.04488098 2.15 0.04488098 0.3 0.087426 0.3 0.16531 0.3 0.16531 2.15 0.087426 0.3 0.087426 0.3 0.16531 2.15 0.087426 2.15 0.087426 0.3 0.087426 2.15 0.04488098 2.15 0.04488098 2.15 0.087426 2.15 0.05715996 4 0.04488098 2.15 0.05715996 4 0 4 0.16531 0.3 0.296182 0.3 0.16531 2.15 0.16531 2.15 0.296182 0.3 0.296182 2.15 0.16531 2.15 0.296182 2.15 0.2286379 4 0.2286379 4 0.296182 2.15 0.342957 4 0.342957 4 0.296182 2.15 0.404047 2.15 0.342957 4 0.404047 2.15 0.457277 4 0.457277 4 0.404047 2.15 0.511913 2.15 0.457277 4 0.511913 2.15 0.571596 4 0.571596 4 0.511913 2.15 0.612503 2.15 0.571596 4 0.612503 2.15 0.685915 4 0.685915 4 0.612503 2.15 0.71311 2.15 0.685915 4 0.71311 2.15 0.800234 4 0.800234 4 0.71311 2.15 0.914553 0.3 0.800234 4 0.914553 0.3 0.914553 4 0.296182 2.15 0.296182 0.3 0.404047 2.15 0.404047 2.15 0.296182 0.3 0.511913 0.3 0.404047 2.15 0.511913 0.3 0.511913 2.15 0.511913 2.15 0.511913 0.3 0.612503 0.3 0.511913 2.15 0.612503 0.3 0.612503 2.15 0.612503 2.15 0.612503 0.3 0.71311 0.3 0.612503 2.15 0.71311 0.3 0.71311 2.15 0.71311 2.15 0.71311 0.3 0.914553 0.3 0.2286379 4 0.114319 4 0.16531 2.15 0.16531 2.15 0.114319 4 0.087426 2.15 0.114319 4 0.05715996 4 0.087426 2.15 0.01808696 0.3 0.01808696 1.533333 0 0.3 0 0.3 0.01808696 1.533333 0.01808696 2.766667 0 0.3 0.01808696 2.766667 0 4 0 4 0.01808696 2.766667 0.01294797 4 0.01294797 4 0.01808696 2.766667 0.02589499 4 0.02589499 4 0.01808696 2.766667 0.04273396 2.766667 0.02589499 4 0.04273396 2.766667 0.05179095 4 0.05179095 4 0.04273396 2.766667 0.103481 2.766667 0.05179095 4 0.103481 2.766667 0.103581 4 0.103581 4 0.103481 2.766667 0.155372 4 0.155372 4 0.103481 2.766667 0.16436 2.766667 0.155372 4 0.16436 2.766667 0.184601 3.375154 0.184601 3.375154 0.16436 2.766667 0.189052 2.766667 0.184601 3.375154 0.189052 2.766667 0.186823 3.314673 0.186823 3.314673 0.189052 2.766667 0.192587 3.257304 0.192587 3.257304 0.189052 2.766667 0.198107 2.766667 0.192587 3.257304 0.198107 2.766667 0.199926 3.205584 0.199926 3.205584 0.198107 2.766667 0.207162 3.161356 0.207162 3.161356 0.198107 2.766667 0.207162 2.188644 0.207162 2.188644 0.198107 2.766667 0.199937 2.144489 0.199937 2.144489 0.198107 2.766667 0.1926079 2.092863 0.1926079 2.092863 0.198107 2.766667 0.189052 2.766667 0.1926079 2.092863 0.189052 2.766667 0.186843 2.035616 0.186843 2.035616 0.189052 2.766667 0.184601 1.975154 0.184601 1.975154 0.189052 2.766667 0.16436 2.766667 0.184601 1.975154 0.16436 2.766667 0.16436 1.533333 0.16436 1.533333 0.16436 2.766667 0.103481 2.766667 0.16436 1.533333 0.103481 2.766667 0.103481 1.533333 0.103481 1.533333 0.103481 2.766667 0.04273396 2.766667 0.103481 1.533333 0.04273396 2.766667 0.04273396 1.533333 0.04273396 1.533333 0.04273396 2.766667 0.01808696 2.766667 0.04273396 1.533333 0.01808696 2.766667 0.01808696 1.533333 0.01808696 0.3 0.04273396 0.3 0.01808696 1.533333 0.01808696 1.533333 0.04273396 0.3 0.04273396 1.533333 0.04273396 0.3 0.103481 0.3 0.04273396 1.533333 0.04273396 1.533333 0.103481 0.3 0.103481 1.533333 0.103481 0.3 0.16436 0.3 0.103481 1.533333 0.103481 1.533333 0.16436 0.3 0.16436 1.533333 0.16436 1.533333 0.16436 0.3 0.184601 0.575154 0.184601 0.575154 0.16436 0.3 0.189052 0.3 0.184601 0.575154 0.189052 0.3 0.186823 0.514673 0.186823 0.514673 0.189052 0.3 0.192587 0.457304 0.192587 0.457304 0.189052 0.3 0.199926 0.405584 0.199926 0.405584 0.189052 0.3 0.207162 0.3 0.199926 0.405584 0.207162 0.3 0.207162 0.361356 0.16436 1.533333 0.184601 0.575154 0.189052 1.533333 0.189052 1.533333 0.184601 0.575154 0.186843 0.635616 0.189052 1.533333 0.186843 0.635616 0.1926079 0.692863 0.189052 1.533333 0.1926079 0.692863 0.198107 1.533333 0.198107 1.533333 0.1926079 0.692863 0.199937 0.744489 0.198107 1.533333 0.199937 0.744489 0.207162 0.788644 0.207162 0.788644 0.207162 1.761356 0.198107 1.533333 0.198107 1.533333 0.207162 1.761356 0.199926 1.805584 0.198107 1.533333 0.199926 1.805584 0.192587 1.857304 0.198107 1.533333 0.192587 1.857304 0.189052 1.533333 0.189052 1.533333 0.192587 1.857304 0.186823 1.914673 0.189052 1.533333 0.186823 1.914673 0.184601 1.975154 0.155372 4 0.184601 3.375154 0.181267 4 0.181267 4 0.184601 3.375154 0.186843 3.435616 0.181267 4 0.186843 3.435616 0.1926079 3.492863 0.181267 4 0.1926079 3.492863 0.1942149 4 0.1942149 4 0.1926079 3.492863 0.199937 3.544489 0.1942149 4 0.199937 3.544489 0.207162 4 0.207162 4 0.199937 3.544489 0.207162 3.588644 0.184601 1.975154 0.16436 1.533333 0.189052 1.533333 -0.3 -0.908546 -0.3 -0.856207 -0.32296 -0.863296 -0.32296 -0.863296 -0.3 -0.856207 -0.351191 -0.821951 -0.351191 -0.821951 -0.3 -0.856207 -0.3 -0.803867 -0.351191 -0.821951 -0.3 -0.803867 -0.383456 -0.785132 -0.383456 -0.785132 -0.3 -0.803867 -0.3 -0.751527 -0.383456 -0.785132 -0.3 -0.751527 -0.420939 -0.751527 1.055028 0.641862 1.019842 0.704713 0 0.706858 0 0.706858 1.019842 0.704713 1.000218 0.762363 0 0.706858 1.000218 0.762363 0 0.785398 0 0.785398 1.000218 0.762363 0.985321 0.821351 0 0.785398 0.985321 0.821351 0 0.863938 0 0.863938 0.985321 0.821351 0.976011 0.881441 0 0.863938 0.976011 0.881441 0 0.942478 0 0.942478 0.976011 0.881441 0.972827 0.942324 0 -0.942478 0.972827 -0.942632 0.975981 -0.881736 0 -0.942478 0.975981 -0.881736 0 -0.863938 0 -0.863938 0.975981 -0.881736 0.985284 -0.821532 0 -0.863938 0.985284 -0.821532 0 -0.785398 0 -0.785398 0.985284 -0.821532 1.000191 -0.762449 0 -0.785398 1.000191 -0.762449 0 -0.706858 0 -0.706858 1.000191 -0.762449 1.019842 -0.704713 0 -0.706858 1.019842 -0.704713 1.055028 -0.641862 0 -0.706858 1.055028 -0.641862 0 -0.628319 0 -0.628319 1.055028 -0.641862 1.083845 -0.574677 0 -0.628319 1.083845 -0.574677 0 -0.549779 0 -0.549779 1.083845 -0.574677 1.094245 -0.540066 0 -0.549779 1.094245 -0.540066 1.101538 -0.505179 0 -0.549779 1.101538 -0.505179 0 -0.471239 0 -0.471239 1.101538 -0.505179 1.10547 -0.470345 0 -0.471239 1.10547 -0.470345 1.10589 -0.435189 0 -0.471239 1.10589 -0.435189 0 -0.392699 0 -0.392699 1.10589 -0.435189 1.10293 -0.399516 0 -0.392699 1.10293 -0.399516 1.096765 -0.363791 0 -0.392699 1.096765 -0.363791 0 -0.314159 0 -0.314159 1.096765 -0.363791 1.087621 -0.328425 0 -0.314159 1.087621 -0.328425 1.076131 -0.293708 0 -0.314159 1.076131 -0.293708 0 -0.235619 0 -0.235619 1.076131 -0.293708 1.049296 -0.2276279 0 -0.235619 1.049296 -0.2276279 1.019842 -0.16179 0 -0.235619 1.019842 -0.16179 0 -0.1570799 0 -0.1570799 1.019842 -0.16179 1.010195 -0.122016 0 -0.1570799 1.010195 -0.122016 0 -0.07853996 0 -0.07853996 1.010195 -0.122016 1.003095 -0.08183896 0 -0.07853996 1.003095 -0.08183896 0.998716 -0.04111295 0 -0.07853996 0.998716 -0.04111295 0 0 0 0 0.998716 -0.04111295 0.997231 -1.28e-4 0 0 0.997231 -1.28e-4 0.998698 0.04086399 0 0 0.998698 0.04086399 0 0.07853996 0 0.07853996 0.998698 0.04086399 1.00306 0.08159697 0 0.07853996 1.00306 0.08159697 1.010184 0.121964 0 0.07853996 1.010184 0.121964 0 0.1570799 0 0.1570799 1.010184 0.121964 1.019842 0.16179 0 0.1570799 1.019842 0.16179 1.049296 0.2276279 0 0.1570799 1.049296 0.2276279 0 0.235619 0 0.235619 1.049296 0.2276279 1.076131 0.293708 0 0.235619 1.076131 0.293708 0 0.314159 0 0.314159 1.076131 0.293708 1.087621 0.328425 0 0.314159 1.087621 0.328425 1.096765 0.363791 0 0.314159 1.096765 0.363791 0 0.392699 0 0.392699 1.096765 0.363791 1.10293 0.399516 0 0.392699 1.10293 0.399516 1.10589 0.435189 0 0.392699 1.10589 0.435189 0 0.471239 0 0.471239 1.10589 0.435189 1.10547 0.470345 0 0.471239 1.10547 0.470345 1.101538 0.505179 0 0.471239 1.101538 0.505179 0 0.549779 0 0.549779 1.101538 0.505179 1.094245 0.540066 0 0.549779 1.094245 0.540066 1.083845 0.574677 0 0.549779 1.083845 0.574677 0 0.628319 0 0.628319 1.083845 0.574677 1.055028 0.641862 0 0.628319 1.055028 0.641862 0 0.706858 1.055028 0.641862 1.019842 0.704713 0 0.706858 0 0.706858 1.019842 0.704713 1.000218 0.762363 0 0.706858 1.000218 0.762363 0 0.785398 0 0.785398 1.000218 0.762363 0.985321 0.821351 0 0.785398 0.985321 0.821351 0 0.863938 0 0.863938 0.985321 0.821351 0.976011 0.881441 0 0.863938 0.976011 0.881441 0 0.942478 0 0.942478 0.976011 0.881441 0.972827 0.942324 0 -0.942478 0.972827 -0.942632 0.975981 -0.881736 0 -0.942478 0.975981 -0.881736 0 -0.863938 0 -0.863938 0.975981 -0.881736 0.985284 -0.821532 0 -0.863938 0.985284 -0.821532 0 -0.785398 0 -0.785398 0.985284 -0.821532 1.000191 -0.762449 0 -0.785398 1.000191 -0.762449 0 -0.706858 0 -0.706858 1.000191 -0.762449 1.019842 -0.704713 0 -0.706858 1.019842 -0.704713 1.055028 -0.641862 0 -0.706858 1.055028 -0.641862 0 -0.628319 0 -0.628319 1.055028 -0.641862 1.083845 -0.574677 0 -0.628319 1.083845 -0.574677 0 -0.549779 0 -0.549779 1.083845 -0.574677 1.094245 -0.540066 0 -0.549779 1.094245 -0.540066 1.101538 -0.505179 0 -0.549779 1.101538 -0.505179 0 -0.471239 0 -0.471239 1.101538 -0.505179 1.10547 -0.470345 0 -0.471239 1.10547 -0.470345 1.10589 -0.435189 0 -0.471239 1.10589 -0.435189 0 -0.392699 0 -0.392699 1.10589 -0.435189 1.10293 -0.399516 0 -0.392699 1.10293 -0.399516 1.096765 -0.363791 0 -0.392699 1.096765 -0.363791 0 -0.314159 0 -0.314159 1.096765 -0.363791 1.087621 -0.328425 0 -0.314159 1.087621 -0.328425 1.076131 -0.293708 0 -0.314159 1.076131 -0.293708 0 -0.235619 0 -0.235619 1.076131 -0.293708 1.049296 -0.2276279 0 -0.235619 1.049296 -0.2276279 1.019842 -0.16179 0 -0.235619 1.019842 -0.16179 0 -0.1570799 0 -0.1570799 1.019842 -0.16179 1.010195 -0.122016 0 -0.1570799 1.010195 -0.122016 0 -0.07853996 0 -0.07853996 1.010195 -0.122016 1.003095 -0.08183896 0 -0.07853996 1.003095 -0.08183896 0.998716 -0.04111295 0 -0.07853996 0.998716 -0.04111295 0 0 0 0 0.998716 -0.04111295 0.997231 -1.28e-4 0 0 0.997231 -1.28e-4 0.998698 0.04086399 0 0 0.998698 0.04086399 0 0.07853996 0 0.07853996 0.998698 0.04086399 1.00306 0.08159697 0 0.07853996 1.00306 0.08159697 1.010184 0.121964 0 0.07853996 1.010184 0.121964 0 0.1570799 0 0.1570799 1.010184 0.121964 1.019842 0.16179 0 0.1570799 1.019842 0.16179 1.049296 0.2276279 0 0.1570799 1.049296 0.2276279 0 0.235619 0 0.235619 1.049296 0.2276279 1.076131 0.293708 0 0.235619 1.076131 0.293708 0 0.314159 0 0.314159 1.076131 0.293708 1.087621 0.328425 0 0.314159 1.087621 0.328425 1.096765 0.363791 0 0.314159 1.096765 0.363791 0 0.392699 0 0.392699 1.096765 0.363791 1.10293 0.399516 0 0.392699 1.10293 0.399516 1.10589 0.435189 0 0.392699 1.10589 0.435189 0 0.471239 0 0.471239 1.10589 0.435189 1.10547 0.470345 0 0.471239 1.10547 0.470345 1.101538 0.505179 0 0.471239 1.101538 0.505179 0 0.549779 0 0.549779 1.101538 0.505179 1.094245 0.540066 0 0.549779 1.094245 0.540066 1.083845 0.574677 0 0.549779 1.083845 0.574677 0 0.628319 0 0.628319 1.083845 0.574677 1.055028 0.641862 0 0.628319 1.055028 0.641862 0 0.706858 -0.189038 0.3 -0.201129 0.494172 -0.207147 0.3 -0.207147 0.3 -0.201129 0.494172 -0.203874 0.45632 -0.207147 0.3 -0.203874 0.45632 -0.207147 0.420939 -0.164348 0.3 -0.189038 1.533333 -0.189038 0.3 -0.189038 0.3 -0.189038 1.533333 -0.198092 1.533333 -0.189038 0.3 -0.198092 1.533333 -0.198606 0.574872 -0.198606 0.574872 -0.198092 1.533333 -0.199261 0.615738 -0.199261 0.615738 -0.198092 1.533333 -0.201115 0.655594 -0.201115 0.655594 -0.198092 1.533333 -0.2038699 0.693632 -0.2038699 0.693632 -0.198092 1.533333 -0.207147 1.820939 -0.2038699 0.693632 -0.207147 1.820939 -0.207147 0.729061 -0.189038 1.533333 -0.164348 0.3 -0.164348 1.533333 -0.164348 1.533333 -0.164348 0.3 -0.103473 0.3 -0.164348 1.533333 -0.103473 0.3 -0.103473 1.533333 -0.103473 1.533333 -0.103473 0.3 -0.04273098 1.533333 -0.103473 1.533333 -0.04273098 1.533333 -0.103473 2.766667 -0.103473 2.766667 -0.04273098 1.533333 -0.04273098 2.766667 -0.103473 2.766667 -0.04273098 2.766667 -0.05178695 4 -0.05178695 4 -0.04273098 2.766667 -0.02589297 4 -0.02589297 4 -0.04273098 2.766667 -0.018085 2.766667 -0.02589297 4 -0.018085 2.766667 -0.01294696 4 -0.01294696 4 -0.018085 2.766667 -0.018085 1.533333 -0.01294696 4 -0.018085 1.533333 0 0.3 0 0.3 -0.018085 1.533333 -0.018085 0.3 -0.018085 0.3 -0.018085 1.533333 -0.04273098 0.3 -0.04273098 0.3 -0.018085 1.533333 -0.04273098 1.533333 -0.04273098 0.3 -0.04273098 1.533333 -0.103473 0.3 0 0.3 0 4 -0.01294696 4 -0.05178695 4 -0.103573 4 -0.103473 2.766667 -0.103473 2.766667 -0.103573 4 -0.15536 4 -0.103473 2.766667 -0.15536 4 -0.164348 2.766667 -0.164348 2.766667 -0.15536 4 -0.181253 4 -0.164348 2.766667 -0.181253 4 -0.189038 2.766667 -0.189038 2.766667 -0.181253 4 -0.1942 4 -0.189038 2.766667 -0.1942 4 -0.198606 3.374872 -0.198606 3.374872 -0.1942 4 -0.199261 3.415738 -0.199261 3.415738 -0.1942 4 -0.201115 3.455594 -0.201115 3.455594 -0.1942 4 -0.207147 4 -0.201115 3.455594 -0.207147 4 -0.2038699 3.493632 -0.2038699 3.493632 -0.207147 4 -0.207147 3.529061 -0.189038 2.766667 -0.198606 3.374872 -0.198092 2.766667 -0.198092 2.766667 -0.198606 3.374872 -0.1992689 3.334016 -0.198092 2.766667 -0.1992689 3.334016 -0.201129 3.294172 -0.201129 3.294172 -0.203874 3.25632 -0.198092 2.766667 -0.198092 2.766667 -0.203874 3.25632 -0.207147 3.220939 -0.198092 2.766667 -0.207147 3.220939 -0.2038699 2.093632 -0.2038699 2.093632 -0.207147 3.220939 -0.207147 2.129061 -0.2038699 2.093632 -0.201115 2.055594 -0.198092 2.766667 -0.198092 2.766667 -0.201115 2.055594 -0.199261 2.015738 -0.198092 2.766667 -0.199261 2.015738 -0.198606 1.974872 -0.198092 2.766667 -0.198606 1.974872 -0.198092 1.533333 -0.198092 1.533333 -0.198606 1.974872 -0.1992689 1.934016 -0.198092 1.533333 -0.1992689 1.934016 -0.201129 1.894172 -0.201129 1.894172 -0.203874 1.85632 -0.198092 1.533333 -0.198092 1.533333 -0.203874 1.85632 -0.207147 1.820939 -0.198606 0.574872 -0.1992689 0.534016 -0.189038 0.3 -0.189038 0.3 -0.1992689 0.534016 -0.201129 0.494172 -0.04273098 2.766667 -0.04273098 1.533333 -0.018085 1.533333 -0.018085 2.766667 -0.04273098 2.766667 -0.018085 1.533333 -0.103473 2.766667 -0.164348 2.766667 -0.103473 1.533333 -0.103473 1.533333 -0.164348 2.766667 -0.164348 1.533333 -0.198092 2.766667 -0.198092 1.533333 -0.189038 1.533333 -0.164348 2.766667 -0.189038 2.766667 -0.164348 1.533333 -0.164348 1.533333 -0.189038 2.766667 -0.189038 1.533333 -0.189038 2.766667 -0.198092 2.766667 -0.189038 1.533333 -0.3 1.003084 -0.3 1.038859 -0.361356 1.003084 -0.361356 1.003084 -0.3 1.038859 -0.327503 1.054254 -0.327503 1.054254 -0.3 1.038859 -0.3 1.074635 -0.327503 1.054254 -0.3 1.074635 -0.3 1.11041 -3.588644 1.003084 -3.62773 1.063537 -4 1.003084 -4 1.003084 -3.62773 1.063537 -4 1.087985 -4 1.087985 -3.62773 1.063537 -3.65732 1.130339 -4 1.087985 -3.65732 1.130339 -4 1.172885 -4 1.172885 -3.65732 1.130339 -3.667059 1.165135 -4 1.172885 -3.667059 1.165135 -3.673029 1.200265 -4 1.172885 -3.673029 1.200265 -4 1.257786 -4 1.257786 -3.673029 1.200265 -3.674999 1.23526 -4 1.257786 -3.674999 1.23526 -3.672772 1.27034 -3.672772 1.27034 -3.666387 1.305553 -4 1.257786 -4 1.257786 -3.666387 1.305553 -4 1.342686 -4 1.342686 -3.666387 1.305553 -3.655952 1.340262 -4 1.342686 -3.655952 1.340262 -3.641618 1.373851 -4 1.342686 -3.641618 1.373851 -4 1.427587 -4 1.427587 -3.641618 1.373851 -3.623926 1.405842 -4 1.427587 -3.623926 1.405842 -3.581405 1.463003 -3.529061 1.512487 -4 1.512487 -3.581405 1.463003 -3.581405 1.463003 -4 1.512487 -4 1.427587 -3.161356 1.003084 -2.188644 1.003084 -3.12227 1.063537 -3.12227 1.063537 -2.188644 1.003084 -2.22773 1.063537 -3.12227 1.063537 -2.22773 1.063537 -2.25732 1.130339 -2.267059 1.165135 -3.082941 1.165135 -2.25732 1.130339 -2.25732 1.130339 -3.082941 1.165135 -3.09268 1.130339 -2.25732 1.130339 -3.09268 1.130339 -3.12227 1.063537 -2.267059 1.165135 -2.273029 1.200265 -3.082941 1.165135 -3.082941 1.165135 -2.273029 1.200265 -3.076971 1.200265 -3.076971 1.200265 -2.273029 1.200265 -3.075001 1.23526 -3.075001 1.23526 -2.273029 1.200265 -2.274999 1.23526 -3.075001 1.23526 -2.274999 1.23526 -2.272772 1.27034 -2.266387 1.305553 -3.083613 1.305553 -2.272772 1.27034 -2.272772 1.27034 -3.083613 1.305553 -3.077228 1.27034 -2.272772 1.27034 -3.077228 1.27034 -3.075001 1.23526 -3.083613 1.305553 -2.266387 1.305553 -3.094048 1.340262 -3.094048 1.340262 -2.266387 1.305553 -2.255952 1.340262 -3.094048 1.340262 -2.255952 1.340262 -2.241618 1.373851 -2.223926 1.405842 -3.126074 1.405842 -2.241618 1.373851 -2.241618 1.373851 -3.126074 1.405842 -3.108382 1.373851 -2.241618 1.373851 -3.108382 1.373851 -3.094048 1.340262 -2.223926 1.405842 -2.181405 1.463003 -3.126074 1.405842 -3.126074 1.405842 -2.181405 1.463003 -3.168595 1.463003 -3.168595 1.463003 -2.181405 1.463003 -3.220939 1.512487 -3.220939 1.512487 -2.181405 1.463003 -2.129061 1.512487 -0.132438 0 0 0 -0.132438 0.3 -0.132438 0.3 0 0 0 0.3 -0.505605 0 -0.489805 0 -0.505605 0.3 -0.505605 0.3 -0.489805 0 -0.489805 0.3 -0.489805 0.3 -0.489805 0 -0.474005 0 -0.489805 0.3 -0.474005 0 -0.474005 0.3 -0.474005 0.3 -0.474005 0 -0.442404 0 -0.474005 0.3 -0.442404 0 -0.442404 0.3 -0.442404 0.3 -0.442404 0 -0.410804 0 -0.442404 0.3 -0.410804 0 -0.410804 0.3 -0.410804 0.3 -0.410804 0 -0.379204 0 -0.410804 0.3 -0.379204 0 -0.379204 0.3 -0.379204 0.3 -0.379204 0 -0.316003 0 -0.379204 0.3 -0.316003 0 -0.316003 0.3 -0.316003 0.3 -0.316003 0 -0.252803 0 -0.316003 0.3 -0.252803 0 -0.252803 0.3 -0.252803 0.3 -0.252803 0 -0.126401 0 -0.252803 0.3 -0.126401 0 -0.126401 0.3 -0.126401 0.3 -0.126401 0 -0.06320101 0 -0.126401 0.3 -0.06320101 0 -0.06320101 0.3 -0.06320101 0.3 -0.06320101 0 -0.03159999 0 -0.06320101 0.3 -0.03159999 0 -0.03159999 0.3 -0.03159999 0.3 -0.03159999 0 0 0 -0.03159999 0.3 0 0 0 0.3 0.3 -0.432393 0 -0.432393 0.3 -0.576524 0.3 -0.576524 0 -0.432393 0 -0.576524 0.3 -0.576524 0 -0.576524 0 -0.720655 0.3 -0.576524 0 -0.720655 0.3 -0.720655 0.3 -0.720655 0 -0.720655 0 -0.864786 0.3 -0.720655 0 -0.864786 0.3 -0.864786 -0.3 -0.413576 0 -0.413576 -0.3 -0.310182 -0.3 -0.310182 0 -0.413576 0 -0.310182 -0.3 -0.310182 0 -0.310182 -0.3 -0.206788 -0.3 -0.206788 0 -0.310182 0 -0.206788 -0.3 -0.206788 0 -0.206788 -0.3 -0.103394 -0.3 -0.103394 0 -0.206788 0 -0.103394 -0.3 -0.103394 0 -0.103394 0 0 0 0 -0.3 0 -0.3 -0.103394 -0.163585 0 0 0 -0.163585 0.3 -0.163585 0.3 0 0 0 0.3 -0.1287389 0 0 0 -0.1287389 0.3 -0.1287389 0.3 0 0 0 0.3 -0.240265 0 0 0 -0.240265 0.3 -0.240265 0.3 0 0 0 0.3 -0.3 -0.413576 0 -0.413576 -0.3 -0.310182 -0.3 -0.310182 0 -0.413576 0 -0.310182 -0.3 -0.310182 0 -0.310182 -0.3 -0.206788 -0.3 -0.206788 0 -0.310182 0 -0.206788 -0.3 -0.206788 0 -0.206788 -0.3 -0.103394 -0.3 -0.103394 0 -0.206788 0 -0.103394 -0.3 -0.103394 0 -0.103394 0 0 0 0 -0.3 0 -0.3 -0.103394 0.3 0 0 0 0.3 -0.144131 0.3 -0.144131 0 0 0 -0.144131 0.3 -0.144131 0 -0.144131 0 -0.288262 0.3 -0.144131 0 -0.288262 0.3 -0.288262 0.3 -0.288262 0 -0.288262 0 -0.432393 0.3 -0.288262 0 -0.432393 0.3 -0.432393 0 0 0.031596 0 0 0.3 0 0.3 0.031596 0 0.031596 0.3 0.031596 0.3 0.031596 0 0.063192 0 0.031596 0.3 0.063192 0 0.063192 0.3 0.063192 0.3 0.063192 0 0.126384 0 0.063192 0.3 0.126384 0 0.126384 0.3 0.126384 0.3 0.126384 0 0.252768 0 0.126384 0.3 0.252768 0 0.252768 0.3 0.252768 0.3 0.252768 0 0.315959 0 0.252768 0.3 0.315959 0 0.315959 0.3 0.315959 0.3 0.315959 0 0.379151 0 0.315959 0.3 0.379151 0 0.379151 0.3 0.379151 0.3 0.379151 0 0.410747 0 0.379151 0.3 0.410747 0 0.410747 0.3 0.410747 0.3 0.410747 0 0.442343 0 0.410747 0.3 0.442343 0 0.442343 0.3 0.442343 0.3 0.442343 0 0.473939 0 0.442343 0.3 0.473939 0 0.473939 0.3 0.473939 0.3 0.473939 0 0.489737 0 0.473939 0.3 0.489737 0 0.489737 0.3 0.489737 0.3 0.489737 0 0.505535 0 0.489737 0.3 0.505535 0 0.505535 0.3 -2.331854 -0.305315 -2.439549 -0.2282339 -2.369243 -0.37081 -2.369243 -0.37081 -2.439549 -0.2282339 -2.421785 -0.424911 -2.421785 -0.424911 -2.439549 -0.2282339 -2.486158 -0.464199 -2.486158 -0.464199 -2.439549 -0.2282339 -2.590682 -0.165633 -2.486158 -0.464199 -2.590682 -0.165633 -2.558296 -0.486191 -2.558296 -0.486191 -2.590682 -0.165633 -2.633639 -0.489498 -2.633639 -0.489498 -2.590682 -0.165633 -2.707427 -0.47391 -2.707427 -0.47391 -2.590682 -0.165633 -2.716968 -0.470513 -2.707427 -0.47391 -2.716968 -0.470513 -2.713826 -0.471753 -2.716968 -0.470513 -2.590682 -0.165633 -2.742615 -0.463235 -2.742615 -0.463235 -2.590682 -0.165633 -2.689925 -0.137468 -2.742615 -0.463235 -2.689925 -0.137468 -2.769248 -0.462057 -2.769248 -0.462057 -2.689925 -0.137468 -2.792986 -0.132912 -2.769248 -0.462057 -2.792986 -0.132912 -2.894326 -0.152209 -2.769248 -0.462057 -2.894326 -0.152209 -2.795438 -0.467044 -2.795438 -0.467044 -2.894326 -0.152209 -2.988501 -0.194323 -2.795438 -0.467044 -2.988501 -0.194323 -2.819775 -0.477927 -2.819775 -0.477927 -2.988501 -0.194323 -3.117701 -0.257862 -2.819775 -0.477927 -3.117701 -0.257862 -3.03288 -0.578547 -3.03288 -0.578547 -3.117701 -0.257862 -3.255342 -0.300107 -3.03288 -0.578547 -3.255342 -0.300107 -3.261218 -0.636856 -3.261218 -0.636856 -3.255342 -0.300107 -3.397942 -0.319989 -3.261218 -0.636856 -3.397942 -0.319989 -3.496475 -0.650729 -3.496475 -0.650729 -3.397942 -0.319989 -3.482869 -0.318779 -3.496475 -0.650729 -3.482869 -0.318779 -3.539498 -0.315832 -3.496475 -0.650729 -3.539498 -0.315832 -3.730084 -0.619662 -3.730084 -0.619662 -3.539498 -0.315832 -3.616378 -0.306331 -3.730084 -0.619662 -3.616378 -0.306331 -3.730787 -0.272185 -3.730084 -0.619662 -3.730787 -0.272185 -3.953538 -0.544787 -3.953538 -0.544787 -3.730787 -0.272185 -3.795536 -0.2428849 -3.953538 -0.544787 -3.795536 -0.2428849 -3.883815 -0.197063 -3.883815 -0.197063 -3.945348 -0.163116 -3.953538 -0.544787 -3.953538 -0.544787 -3.945348 -0.163116 -4.02786 -0.116301 -3.953538 -0.544787 -4.02786 -0.116301 -4.146382 -0.04768496 -4.146382 -0.04768496 -4.228126 1.51e-4 -3.953538 -0.544787 -3.953538 -0.544787 -4.228126 1.51e-4 -5.03979 -0.06115698 -5.03979 -0.06115698 -4.228126 1.51e-4 -4.333969 0.06244599 -5.03979 -0.06115698 -4.333969 0.06244599 -4.877095 0.304262 -5.03979 -0.06115698 -4.877095 0.304262 -5.19375 0.02683895 -5.19375 0.02683895 -4.877095 0.304262 -4.961469 0.352485 -5.19375 0.02683895 -4.961469 0.352485 -5.327076 0.143763 -5.327076 0.143763 -4.961469 0.352485 -5.034535 0.416562 -5.327076 0.143763 -5.034535 0.416562 -5.434415 0.28492 -5.434415 0.28492 -5.034535 0.416562 -5.093359 0.493919 -5.434415 0.28492 -5.093359 0.493919 -5.688917 0.700231 -5.688917 0.700231 -5.093359 0.493919 -5.347861 0.90923 -5.688917 0.700231 -5.347861 0.90923 -5.772983 0.879997 -5.772983 0.879997 -5.347861 0.90923 -5.393931 1.007746 -5.772983 0.879997 -5.393931 1.007746 -5.814878 1.073975 -5.814878 1.073975 -5.393931 1.007746 -5.416891 1.114051 -5.814878 1.073975 -5.416891 1.114051 -5.415586 1.222799 -5.814878 1.073975 -5.415586 1.222799 -5.812497 1.272412 -5.812497 1.272412 -5.415586 1.222799 -5.390082 1.328522 -5.812497 1.272412 -5.390082 1.328522 -5.765959 1.46533 -5.765959 1.46533 -5.390082 1.328522 -5.110426 2.096868 -5.765959 1.46533 -5.110426 2.096868 -5.486303 2.233676 -5.486303 2.233676 -5.110426 2.096868 -5.062006 2.19425 -5.486303 2.233676 -5.062006 2.19425 -5.397949 2.411373 -5.397949 2.411373 -5.062006 2.19425 -4.993104 2.278395 -5.397949 2.411373 -4.993104 2.278395 -5.27222 2.564916 -5.27222 2.564916 -4.993104 2.278395 -4.907185 2.345071 -5.27222 2.564916 -4.907185 2.345071 -5.115439 2.686582 -5.115439 2.686582 -4.907185 2.345071 -4.808568 2.390925 -5.115439 2.686582 -4.808568 2.390925 -4.93549 2.770255 -4.93549 2.770255 -4.808568 2.390925 -4.346651 2.545481 -4.93549 2.770255 -4.346651 2.545481 -4.473573 2.92481 -4.473573 2.92481 -4.346651 2.545481 -4.251865 2.566928 -4.473573 2.92481 -4.251865 2.566928 -4.300613 2.963947 -4.300613 2.963947 -4.251865 2.566928 -4.154706 2.569048 -4.300613 2.963947 -4.154706 2.569048 -4.123322 2.967815 -4.123322 2.967815 -4.154706 2.569048 -3.94882 2.93626 -3.94882 2.93626 -4.154706 2.569048 -4.059074 2.551755 -3.94882 2.93626 -4.059074 2.551755 -3.48758 2.387882 -3.94882 2.93626 -3.48758 2.387882 -2.805831 2.608513 -2.805831 2.608513 -3.48758 2.387882 -3.366456 2.367568 -2.805831 2.608513 -3.366456 2.367568 -3.273089 2.351669 -3.273089 2.351669 -3.13819 2.328047 -2.805831 2.608513 -2.805831 2.608513 -3.13819 2.328047 -3.04489 2.310872 -2.805831 2.608513 -3.04489 2.310872 -2.975932 2.297324 -2.975932 2.297324 -2.878853 2.275681 -2.805831 2.608513 -2.805831 2.608513 -2.878853 2.275681 -2.810419 2.256506 -2.805831 2.608513 -2.810419 2.256506 -2.586526 2.522237 -2.586526 2.522237 -2.810419 2.256506 -2.700828 2.209123 -2.586526 2.522237 -2.700828 2.209123 -2.387602 2.395875 -2.387602 2.395875 -2.700828 2.209123 -2.635827 2.166984 -2.387602 2.395875 -2.635827 2.166984 -2.590553 2.132841 -2.590553 2.132841 -2.524717 2.079177 -2.387602 2.395875 -2.387602 2.395875 -2.524717 2.079177 -2.216302 2.234027 -2.216302 2.234027 -2.524717 2.079177 -2.428259 1.972286 -2.216302 2.234027 -2.428259 1.972286 -2.078865 2.042587 -2.078865 2.042587 -2.428259 1.972286 -2.349974 1.85145 -2.078865 2.042587 -2.349974 1.85145 -1.980294 1.828527 -1.980294 1.828527 -2.349974 1.85145 -2.291843 1.719728 -1.980294 1.828527 -2.291843 1.719728 -1.968646 1.804546 -1.968646 1.804546 -2.291843 1.719728 -2.246772 1.626933 -1.968646 1.804546 -2.246772 1.626933 -1.95179 1.783892 -1.95179 1.783892 -2.246772 1.626933 -2.181544 1.54701 -1.95179 1.783892 -2.181544 1.54701 -1.93063 1.767674 -1.93063 1.767674 -2.181544 1.54701 -2.099666 1.484254 -1.93063 1.767674 -2.099666 1.484254 -1.906305 1.756764 -1.906305 1.756764 -2.099666 1.484254 -2.005538 1.442037 -1.906305 1.756764 -2.005538 1.442037 -1.839461 1.735688 -1.839461 1.735688 -2.005538 1.442037 -1.774841 1.706531 -1.774841 1.706531 -2.005538 1.442037 -1.718867 1.663023 -1.718867 1.663023 -2.005538 1.442037 -1.674666 1.607596 -1.674666 1.607596 -2.005538 1.442037 -1.776394 1.369789 -1.674666 1.607596 -1.776394 1.369789 -1.644705 1.543345 -1.644705 1.543345 -1.776394 1.369789 -1.630657 1.473857 -1.630657 1.473857 -1.776394 1.369789 -1.633308 1.403012 -1.633308 1.403012 -1.776394 1.369789 -1.652509 1.334768 -2.713826 -0.471753 -2.710645 -0.472885 -2.707427 -0.47391 -0.8 -0.497419 0 -0.497419 -0.8 -0.426359 -0.8 -0.426359 0 -0.497419 0 -0.426359 -0.8 -0.426359 0 -0.426359 -0.8 -0.355299 -0.8 -0.355299 0 -0.426359 0 -0.355299 -0.8 -0.355299 0 -0.355299 -0.8 -0.284239 -0.8 -0.284239 0 -0.355299 0 -0.284239 -0.8 -0.284239 0 -0.284239 -0.8 -0.21318 -0.8 -0.21318 0 -0.284239 0 -0.21318 -0.8 -0.21318 0 -0.21318 -0.8 -0.14212 -0.8 -0.14212 0 -0.21318 0 -0.14212 -0.8 -0.14212 0 -0.14212 -0.8 -0.07106 -0.8 -0.07106 0 -0.14212 0 -0.07106 -0.8 -0.07106 0 -0.07106 -0.3 0 -0.3 0 0 -0.07106 0 0 -0.3 0 -0.8 0 -0.8 -0.07106 0 0 0.07008796 0 0 0.8 0 0.8 0.07008796 0 0.07008796 0.8 0.8 0 0 0 0.4 -0.02671998 0.4 -0.02671998 0 0 0 -0.02671998 0.4 -0.02671998 0 -0.02671998 0.4 -0.05343997 0.4 -0.05343997 0 -0.02671998 0 -0.05343997 0.4 -0.05343997 0 -0.05343997 0.4 -0.080159 0.4 -0.080159 0 -0.05343997 0 -0.080159 0.4 -0.080159 0 -0.080159 0 -0.106879 0 -0.106879 0.8 -0.106879 0.4 -0.080159 0.4 -0.080159 0.8 -0.106879 0.8 -0.080159 0.4 -0.080159 0.8 -0.080159 0.4 -0.05343997 0.4 -0.05343997 0.8 -0.080159 0.8 -0.05343997 0.4 -0.05343997 0.8 -0.05343997 0.4 -0.02671998 0.4 -0.02671998 0.8 -0.05343997 0.8 -0.02671998 0.4 -0.02671998 0.8 -0.02671998 0.8 0 -0.8 -1.180122 0 -1.180122 -0.8 -0.944098 -0.8 -0.944098 0 -1.180122 0 -0.944098 -0.8 -0.944098 0 -0.944098 -0.8 -0.708073 -0.8 -0.708073 0 -0.944098 0 -0.708073 -0.8 -0.708073 0 -0.708073 -0.8 -0.472049 -0.8 -0.472049 0 -0.708073 0 -0.472049 -0.8 -0.472049 0 -0.472049 -0.8 -0.236024 -0.8 -0.236024 0 -0.472049 0 -0.236024 -0.8 -0.236024 0 -0.236024 -0.8 0 -0.8 0 0 -0.236024 0 0 0 0 1.189051 0 0 0.8 0 0.8 1.189051 0 1.189051 0.8 -0.8 -0.532893 0 -0.532893 -0.8 -0.355262 -0.8 -0.355262 0 -0.532893 0 -0.355262 -0.8 -0.355262 0 -0.355262 -0.8 -0.177631 -0.8 -0.177631 0 -0.355262 0 -0.177631 -0.8 -0.177631 0 -0.177631 -0.8 0 -0.8 0 0 -0.177631 0 0 0 0 0.487088 0 0 0.8 0 0.8 0.487088 0 0.487088 0.8 -0.8 -0.795477 0 -0.795477 -0.8 -0.596608 -0.8 -0.596608 0 -0.795477 0 -0.596608 -0.8 -0.596608 0 -0.596608 -0.8 -0.397739 -0.8 -0.397739 0 -0.596608 0 -0.397739 -0.8 -0.397739 0 -0.397739 -0.8 -0.198869 -0.8 -0.198869 0 -0.397739 0 -0.198869 -0.8 -0.198869 0 -0.198869 -0.8 0 -0.8 0 0 -0.198869 0 0 0 0 0.817657 0 0 0.8 0 0.8 0.817657 0 0.817657 0.8 -0.8 -0.795477 0 -0.795477 -0.8 -0.596608 -0.8 -0.596608 0 -0.795477 0 -0.596608 -0.8 -0.596608 0 -0.596608 -0.8 -0.397739 -0.8 -0.397739 0 -0.596608 0 -0.397739 -0.8 -0.397739 0 -0.397739 -0.8 -0.198869 -0.8 -0.198869 0 -0.397739 0 -0.198869 -0.8 -0.198869 0 -0.198869 -0.8 0 -0.8 0 0 -0.198869 0 0 0 0 0.487088 0 0 0.8 0 0.8 0.487088 0 0.487088 0.8 -0.8 -0.532893 0 -0.532893 -0.8 -0.355262 -0.8 -0.355262 0 -0.532893 0 -0.355262 -0.8 -0.355262 0 -0.355262 -0.8 -0.177631 -0.8 -0.177631 0 -0.355262 0 -0.177631 -0.8 -0.177631 0 -0.177631 -0.8 0 -0.8 0 0 -0.177631 0 0 0 0 1.189051 0 0 0.8 0 0.8 1.189051 0 1.189051 0.8 -0.8 -1.180122 0 -1.180122 -0.8 -0.944098 -0.8 -0.944098 0 -1.180122 0 -0.944098 -0.8 -0.944098 0 -0.944098 -0.8 -0.708073 -0.8 -0.708073 0 -0.944098 0 -0.708073 -0.8 -0.708073 0 -0.708073 -0.8 -0.472049 -0.8 -0.472049 0 -0.708073 0 -0.472049 -0.8 -0.472049 0 -0.472049 -0.8 -0.236024 -0.8 -0.236024 0 -0.472049 0 -0.236024 -0.8 -0.236024 0 -0.236024 -0.8 0 -0.8 0 0 -0.236024 0 0 0.8 0 0 0 0.4 -0.02671998 0.4 -0.02671998 0 0 0 -0.02671998 0.4 -0.02671998 0 -0.02671998 0.4 -0.05343997 0.4 -0.05343997 0 -0.02671998 0 -0.05343997 0.4 -0.05343997 0 -0.05343997 0.4 -0.080159 0.4 -0.080159 0 -0.05343997 0 -0.080159 0.4 -0.080159 0 -0.080159 0 -0.106879 0 -0.106879 0.8 -0.106879 0.4 -0.080159 0.4 -0.080159 0.8 -0.106879 0.8 -0.080159 0.4 -0.080159 0.8 -0.080159 0.4 -0.05343997 0.4 -0.05343997 0.8 -0.080159 0.8 -0.05343997 0.4 -0.05343997 0.8 -0.05343997 0.4 -0.02671998 0.4 -0.02671998 0.8 -0.05343997 0.8 -0.02671998 0.4 -0.02671998 0.8 -0.02671998 0.8 0 -0.8 -0.01013195 0 -0.01013195 -0.8 -0.006754994 -0.8 -0.006754994 0 -0.01013195 0 -0.006754994 -0.8 -0.006754994 0 -0.006754994 -0.8 -0.00337696 -0.8 -0.00337696 0 -0.006754994 0 -0.00337696 -0.8 -0.00337696 0 -0.00337696 -0.8 0 -0.8 0 0 -0.00337696 0 0 0 -0.453694 0 -0.378079 -0.3 -0.453694 -0.3 -0.453694 0 -0.378079 -0.8 -0.378079 -0.3 -0.453694 -0.8 -0.378079 -0.8 -0.453694 -0.8 -0.378079 0 -0.378079 -0.8 -0.302463 -0.8 -0.302463 0 -0.378079 0 -0.302463 -0.8 -0.302463 0 -0.302463 -0.8 -0.2268469 -0.8 -0.2268469 0 -0.302463 0 -0.2268469 -0.8 -0.2268469 0 -0.2268469 -0.8 -0.151231 -0.8 -0.151231 0 -0.2268469 0 -0.151231 -0.8 -0.151231 0 -0.151231 -0.8 -0.075616 -0.8 -0.075616 0 -0.151231 0 -0.075616 -0.8 -0.075616 0 -0.075616 -0.8 0 -0.8 0 0 -0.075616 0 0 0 0.3 0.141421 0.3 0 0.8 0 0.8 0.141421 0.3 0.141421 0.8 0 0.3 0.129884 0.3 0 0.8 0 0.8 0.129884 0.3 0.129884 0.8 -4.2 0 -0.5 0 -4.2 0.15756 -4.2 0.15756 -0.5 0 -0.5 0.15756 -4.2 0.15756 -0.5 0.15756 -4.2 0.315119 -4.2 0.315119 -0.5 0.15756 -0.5 0.315119 -4.2 0.315119 -0.5 0.315119 -0.5 0.472679 -0.5 0.472679 -4.2 0.472679 -4.2 0.315119 0 0.5 0.487088 0.5 0 4.2 0 4.2 0.487088 0.5 0.487088 4.2 -4.2 0 -0.5 0 -4.2 0.176398 -4.2 0.176398 -0.5 0 -0.5 0.176398 -4.2 0.176398 -0.5 0.176398 -4.2 0.352796 -4.2 0.352796 -0.5 0.176398 -0.5 0.352796 -4.2 0.352796 -0.5 0.352796 -4.2 0.529195 -4.2 0.529195 -0.5 0.352796 -0.5 0.529195 -4.2 0.529195 -0.5 0.529195 -0.5 0.705593 -0.5 0.705593 -4.2 0.705593 -4.2 0.529195 1.675213 0.5 0.08288395 0.5 1.675213 0 1.675213 0 0.08288395 0.5 0.08288395 0 -1.761356 1.003084 -0.788644 1.003084 -1.72227 1.063537 -1.72227 1.063537 -0.788644 1.003084 -0.82773 1.063537 -1.72227 1.063537 -0.82773 1.063537 -0.85732 1.130339 -0.867059 1.165135 -1.682941 1.165135 -0.85732 1.130339 -0.85732 1.130339 -1.682941 1.165135 -1.69268 1.130339 -0.85732 1.130339 -1.69268 1.130339 -1.72227 1.063537 -0.867059 1.165135 -0.873029 1.200265 -1.682941 1.165135 -1.682941 1.165135 -0.873029 1.200265 -1.676971 1.200265 -1.676971 1.200265 -0.873029 1.200265 -1.675001 1.23526 -1.675001 1.23526 -0.873029 1.200265 -0.874999 1.23526 -1.675001 1.23526 -0.874999 1.23526 -0.872772 1.27034 -0.866387 1.305553 -1.683613 1.305553 -0.872772 1.27034 -0.872772 1.27034 -1.683613 1.305553 -1.677228 1.27034 -0.872772 1.27034 -1.677228 1.27034 -1.675001 1.23526 -1.683613 1.305553 -0.866387 1.305553 -1.694048 1.340262 -1.694048 1.340262 -0.866387 1.305553 -0.855952 1.340262 -1.694048 1.340262 -0.855952 1.340262 -0.841618 1.373851 -0.823926 1.405842 -1.726074 1.405842 -0.841618 1.373851 -0.841618 1.373851 -1.726074 1.405842 -1.708382 1.373851 -0.841618 1.373851 -1.708382 1.373851 -1.694048 1.340262 -0.823926 1.405842 -0.781405 1.463003 -1.726074 1.405842 -1.726074 1.405842 -0.781405 1.463003 -1.768595 1.463003 -1.768595 1.463003 -0.781405 1.463003 -1.820939 1.512487 -1.820939 1.512487 -0.781405 1.463003 -0.729061 1.512487 -0.3 0 0 0 -0.3 0.5 -0.3 0.5 0 0 0 0.5 0.5 0 0 0 0.5 -0.04974198 0.5 -0.04974198 0 0 0 -0.04974198 0.5 -0.04974198 0 -0.04974198 0.5 -0.09948396 0.5 -0.09948396 0 -0.04974198 0 -0.09948396 0.5 -0.09948396 0 -0.09948396 0.5 -0.149226 0.5 -0.149226 0 -0.09948396 0 -0.149226 0.5 -0.149226 0 -0.149226 0.5 -0.1989679 0.5 -0.1989679 0 -0.149226 0 -0.1989679 0.5 -0.1989679 0 -0.1989679 0.5 -0.248709 0.5 -0.248709 0 -0.1989679 0 -0.248709 0.5 -0.248709 0 -0.248709 0.5 -0.298451 0.5 -0.298451 0 -0.248709 0 -0.298451 0.5 -0.298451 0 -0.298451 0.5 -0.348193 0.5 -0.348193 0 -0.298451 0 -0.348193 0.5 -0.348193 0 -0.348193 0.5 -0.397935 0.5 -0.397935 0 -0.348193 0 -0.397935 0.5 -0.397935 0 -0.397935 0.5 -0.447677 0.5 -0.447677 0 -0.397935 0 -0.447677 0.5 -0.447677 0 -0.447677 0.5 -0.497419 0.5 -0.497419 0 -0.447677 0 -0.497419 0.5 -0.497419 0 -0.497419 0.5 -0.547161 0.5 -0.547161 0 -0.497419 0 -0.547161 0.5 -0.547161 0 -0.547161 0 -0.596903 0 -0.596903 0.5 -0.596903 0.5 -0.547161 -0.3 0 0 0 -0.3 0.5 -0.3 0.5 0 0 0 0.5 0.5 0 0 0 0.5 -0.04974198 0.5 -0.04974198 0 0 0 -0.04974198 0.5 -0.04974198 0 -0.04974198 0.5 -0.09948396 0.5 -0.09948396 0 -0.04974198 0 -0.09948396 0.5 -0.09948396 0 -0.09948396 0.5 -0.149226 0.5 -0.149226 0 -0.09948396 0 -0.149226 0.5 -0.149226 0 -0.149226 0.5 -0.1989679 0.5 -0.1989679 0 -0.149226 0 -0.1989679 0.5 -0.1989679 0 -0.1989679 0.5 -0.248709 0.5 -0.248709 0 -0.1989679 0 -0.248709 0.5 -0.248709 0 -0.248709 0.5 -0.298451 0.5 -0.298451 0 -0.248709 0 -0.298451 0.5 -0.298451 0 -0.298451 0.5 -0.348193 0.5 -0.348193 0 -0.298451 0 -0.348193 0.5 -0.348193 0 -0.348193 0.5 -0.397935 0.5 -0.397935 0 -0.348193 0 -0.397935 0.5 -0.397935 0 -0.397935 0.5 -0.447677 0.5 -0.447677 0 -0.397935 0 -0.447677 0.5 -0.447677 0 -0.447677 0.5 -0.497419 0.5 -0.497419 0 -0.447677 0 -0.497419 0.5 -0.497419 0 -0.497419 0.5 -0.547161 0.5 -0.547161 0 -0.497419 0 -0.547161 0.5 -0.547161 0 -0.547161 0 -0.596903 0 -0.596903 0.5 -0.596903 0.5 -0.547161 -0.3 0 0 0 -0.3 0.5 -0.3 0.5 0 0 0 0.5 0.5 0 0 0 0.5 -0.04974198 0.5 -0.04974198 0 0 0 -0.04974198 0.5 -0.04974198 0 -0.04974198 0.5 -0.09948396 0.5 -0.09948396 0 -0.04974198 0 -0.09948396 0.5 -0.09948396 0 -0.09948396 0.5 -0.149226 0.5 -0.149226 0 -0.09948396 0 -0.149226 0.5 -0.149226 0 -0.149226 0.5 -0.1989679 0.5 -0.1989679 0 -0.149226 0 -0.1989679 0.5 -0.1989679 0 -0.1989679 0.5 -0.248709 0.5 -0.248709 0 -0.1989679 0 -0.248709 0.5 -0.248709 0 -0.248709 0.5 -0.298451 0.5 -0.298451 0 -0.248709 0 -0.298451 0.5 -0.298451 0 -0.298451 0.5 -0.348193 0.5 -0.348193 0 -0.298451 0 -0.348193 0.5 -0.348193 0 -0.348193 0.5 -0.397935 0.5 -0.397935 0 -0.348193 0 -0.397935 0.5 -0.397935 0 -0.397935 0.5 -0.447677 0.5 -0.447677 0 -0.397935 0 -0.447677 0.5 -0.447677 0 -0.447677 0.5 -0.497419 0.5 -0.497419 0 -0.447677 0 -0.497419 0.5 -0.497419 0 -0.497419 0.5 -0.547161 0.5 -0.547161 0 -0.497419 0 -0.547161 0.5 -0.547161 0 -0.547161 0 -0.596903 0 -0.596903 0.5 -0.596903 0.5 -0.547161 -0.3 0 0 0 -0.3 0.5 -0.3 0.5 0 0 0 0.5 0.5 0 0 0 0.5 -0.04974198 0.5 -0.04974198 0 0 0 -0.04974198 0.5 -0.04974198 0 -0.04974198 0.5 -0.09948396 0.5 -0.09948396 0 -0.04974198 0 -0.09948396 0.5 -0.09948396 0 -0.09948396 0.5 -0.149226 0.5 -0.149226 0 -0.09948396 0 -0.149226 0.5 -0.149226 0 -0.149226 0.5 -0.1989679 0.5 -0.1989679 0 -0.149226 0 -0.1989679 0.5 -0.1989679 0 -0.1989679 0.5 -0.248709 0.5 -0.248709 0 -0.1989679 0 -0.248709 0.5 -0.248709 0 -0.248709 0.5 -0.298451 0.5 -0.298451 0 -0.248709 0 -0.298451 0.5 -0.298451 0 -0.298451 0.5 -0.348193 0.5 -0.348193 0 -0.298451 0 -0.348193 0.5 -0.348193 0 -0.348193 0.5 -0.397935 0.5 -0.397935 0 -0.348193 0 -0.397935 0.5 -0.397935 0 -0.397935 0.5 -0.447677 0.5 -0.447677 0 -0.397935 0 -0.447677 0.5 -0.447677 0 -0.447677 0.5 -0.497419 0.5 -0.497419 0 -0.447677 0 -0.497419 0.5 -0.497419 0 -0.497419 0.5 -0.547161 0.5 -0.547161 0 -0.497419 0 -0.547161 0.5 -0.547161 0 -0.547161 0 -0.596903 0 -0.596903 0.5 -0.596903 0.5 -0.547161 -0.3 0 0 0 -0.3 0.5 -0.3 0.5 0 0 0 0.5 0.5 0 0 0 0.5 -0.04974198 0.5 -0.04974198 0 0 0 -0.04974198 0.5 -0.04974198 0 -0.04974198 0.5 -0.09948396 0.5 -0.09948396 0 -0.04974198 0 -0.09948396 0.5 -0.09948396 0 -0.09948396 0.5 -0.149226 0.5 -0.149226 0 -0.09948396 0 -0.149226 0.5 -0.149226 0 -0.149226 0.5 -0.1989679 0.5 -0.1989679 0 -0.149226 0 -0.1989679 0.5 -0.1989679 0 -0.1989679 0.5 -0.248709 0.5 -0.248709 0 -0.1989679 0 -0.248709 0.5 -0.248709 0 -0.248709 0.5 -0.298451 0.5 -0.298451 0 -0.248709 0 -0.298451 0.5 -0.298451 0 -0.298451 0.5 -0.348193 0.5 -0.348193 0 -0.298451 0 -0.348193 0.5 -0.348193 0 -0.348193 0.5 -0.397935 0.5 -0.397935 0 -0.348193 0 -0.397935 0.5 -0.397935 0 -0.397935 0.5 -0.447677 0.5 -0.447677 0 -0.397935 0 -0.447677 0.5 -0.447677 0 -0.447677 0.5 -0.497419 0.5 -0.497419 0 -0.447677 0 -0.497419 0.5 -0.497419 0 -0.497419 0.5 -0.547161 0.5 -0.547161 0 -0.497419 0 -0.547161 0.5 -0.547161 0 -0.547161 0 -0.596903 0 -0.596903 0.5 -0.596903 0.5 -0.547161 -0.3 0 0 0 -0.3 0.5 -0.3 0.5 0 0 0 0.5 0.5 0 0 0 0.5 -0.04974198 0.5 -0.04974198 0 0 0 -0.04974198 0.5 -0.04974198 0 -0.04974198 0.5 -0.09948396 0.5 -0.09948396 0 -0.04974198 0 -0.09948396 0.5 -0.09948396 0 -0.09948396 0.5 -0.149226 0.5 -0.149226 0 -0.09948396 0 -0.149226 0.5 -0.149226 0 -0.149226 0.5 -0.1989679 0.5 -0.1989679 0 -0.149226 0 -0.1989679 0.5 -0.1989679 0 -0.1989679 0.5 -0.248709 0.5 -0.248709 0 -0.1989679 0 -0.248709 0.5 -0.248709 0 -0.248709 0.5 -0.298451 0.5 -0.298451 0 -0.248709 0 -0.298451 0.5 -0.298451 0 -0.298451 0.5 -0.348193 0.5 -0.348193 0 -0.298451 0 -0.348193 0.5 -0.348193 0 -0.348193 0.5 -0.397935 0.5 -0.397935 0 -0.348193 0 -0.397935 0.5 -0.397935 0 -0.397935 0.5 -0.447677 0.5 -0.447677 0 -0.397935 0 -0.447677 0.5 -0.447677 0 -0.447677 0.5 -0.497419 0.5 -0.497419 0 -0.447677 0 -0.497419 0.5 -0.497419 0 -0.497419 0.5 -0.547161 0.5 -0.547161 0 -0.497419 0 -0.547161 0.5 -0.547161 0 -0.547161 0 -0.596903 0 -0.596903 0.5 -0.596903 0.5 -0.547161 -0.3 0 0 0 -0.3 0.5 -0.3 0.5 0 0 0 0.5 0.5 0 0 0 0.5 -0.04974198 0.5 -0.04974198 0 0 0 -0.04974198 0.5 -0.04974198 0 -0.04974198 0.5 -0.09948396 0.5 -0.09948396 0 -0.04974198 0 -0.09948396 0.5 -0.09948396 0 -0.09948396 0.5 -0.149226 0.5 -0.149226 0 -0.09948396 0 -0.149226 0.5 -0.149226 0 -0.149226 0.5 -0.1989679 0.5 -0.1989679 0 -0.149226 0 -0.1989679 0.5 -0.1989679 0 -0.1989679 0.5 -0.248709 0.5 -0.248709 0 -0.1989679 0 -0.248709 0.5 -0.248709 0 -0.248709 0.5 -0.298451 0.5 -0.298451 0 -0.248709 0 -0.298451 0.5 -0.298451 0 -0.298451 0.5 -0.348193 0.5 -0.348193 0 -0.298451 0 -0.348193 0.5 -0.348193 0 -0.348193 0.5 -0.397935 0.5 -0.397935 0 -0.348193 0 -0.397935 0.5 -0.397935 0 -0.397935 0.5 -0.447677 0.5 -0.447677 0 -0.397935 0 -0.447677 0.5 -0.447677 0 -0.447677 0.5 -0.497419 0.5 -0.497419 0 -0.447677 0 -0.497419 0.5 -0.497419 0 -0.497419 0.5 -0.547161 0.5 -0.547161 0 -0.497419 0 -0.547161 0.5 -0.547161 0 -0.547161 0 -0.596903 0 -0.596903 0.5 -0.596903 0.5 -0.547161 -0.3 0 0 0 -0.3 0.5 -0.3 0.5 0 0 0 0.5 0.5 0 0 0 0.5 -0.04974198 0.5 -0.04974198 0 0 0 -0.04974198 0.5 -0.04974198 0 -0.04974198 0.5 -0.09948396 0.5 -0.09948396 0 -0.04974198 0 -0.09948396 0.5 -0.09948396 0 -0.09948396 0.5 -0.149226 0.5 -0.149226 0 -0.09948396 0 -0.149226 0.5 -0.149226 0 -0.149226 0.5 -0.1989679 0.5 -0.1989679 0 -0.149226 0 -0.1989679 0.5 -0.1989679 0 -0.1989679 0.5 -0.248709 0.5 -0.248709 0 -0.1989679 0 -0.248709 0.5 -0.248709 0 -0.248709 0.5 -0.298451 0.5 -0.298451 0 -0.248709 0 -0.298451 0.5 -0.298451 0 -0.298451 0.5 -0.348193 0.5 -0.348193 0 -0.298451 0 -0.348193 0.5 -0.348193 0 -0.348193 0.5 -0.397935 0.5 -0.397935 0 -0.348193 0 -0.397935 0.5 -0.397935 0 -0.397935 0.5 -0.447677 0.5 -0.447677 0 -0.397935 0 -0.447677 0.5 -0.447677 0 -0.447677 0.5 -0.497419 0.5 -0.497419 0 -0.447677 0 -0.497419 0.5 -0.497419 0 -0.497419 0.5 -0.547161 0.5 -0.547161 0 -0.497419 0 -0.547161 0.5 -0.547161 0 -0.547161 0 -0.596903 0 -0.596903 0.5 -0.596903 0.5 -0.547161 -0.914403 4 -0.914403 0.3 -0.800102 4 -0.800102 4 -0.914403 0.3 -0.712288 0.3 -0.800102 4 -0.712288 0.3 -0.685802 4 -0.685802 4 -0.712288 0.3 -0.606326 0.3 -0.685802 4 -0.606326 0.3 -0.571502 4 -0.571502 4 -0.606326 0.3 -0.498203 0.3 -0.571502 4 -0.498203 0.3 -0.457201 4 -0.457201 4 -0.498203 0.3 -0.389898 0.3 -0.457201 4 -0.389898 0.3 -0.342901 4 -0.342901 4 -0.389898 0.3 -0.280489 0.3 -0.342901 4 -0.280489 0.3 -0.228601 4 -0.228601 4 -0.280489 0.3 -0.1558189 0.3 -0.228601 4 -0.1558189 0.3 -0.1143 4 -0.1143 4 -0.1558189 0.3 -0.08206099 0.3 -0.1143 4 -0.08206099 0.3 -0.05714994 4 -0.05714994 4 -0.08206099 0.3 0 0.3 -0.05714994 4 0 0.3 0 4 0.251881 1.680641 0.247681 1.65354 0.406666 1.708631 0.406666 1.708631 0.247681 1.65354 0.248093 1.62396 0.406666 1.708631 0.248093 1.62396 0.263108 1.557172 0.263108 1.557172 0.297856 1.479778 0.406666 1.708631 0.406666 1.708631 0.297856 1.479778 0.353003 1.391419 0.406666 1.708631 0.353003 1.391419 0.563924 1.7052 0.563924 1.7052 0.353003 1.391419 0.42805 1.292364 0.563924 1.7052 0.42805 1.292364 0.521291 1.183531 0.563924 1.7052 0.521291 1.183531 0.717341 1.670485 0.717341 1.670485 0.521291 1.183531 0.63062 1.06605 0.717341 1.670485 0.63062 1.06605 0.754151 0.940936 0.717341 1.670485 0.754151 0.940936 1.179258 1.51593 1.179258 1.51593 0.754151 0.940936 0.767835 0.887258 1.179258 1.51593 0.767835 0.887258 0.776173 0.852495 0.776173 0.852495 0.785471 0.807947 1.179258 1.51593 1.179258 1.51593 0.785471 0.807947 1.338874 1.441712 1.338874 1.441712 0.785471 0.807947 0.791952 0.75128 1.338874 1.441712 0.791952 0.75128 1.477939 1.333793 1.477939 1.333793 0.791952 0.75128 0.789794 0.689652 1.477939 1.333793 0.789794 0.689652 1.011119 0.01266396 1.011119 0.01266396 0.789794 0.689652 0.979446 0.04184395 0.979446 0.04184395 0.789794 0.689652 0.784069 0.636478 0.979446 0.04184395 0.784069 0.636478 0.92936 0.08709996 0.92936 0.08709996 0.784069 0.636478 0.778563 0.593767 0.92936 0.08709996 0.778563 0.593767 0.769284 0.526904 0.749151 0.444627 0.768196 0.277474 0.769284 0.526904 0.769284 0.526904 0.768196 0.277474 0.806321 0.201835 0.769284 0.526904 0.806321 0.201835 0.861051 0.137186 0.749151 0.444627 0.748782 0.359924 0.768196 0.277474 0.861051 0.137186 0.92936 0.08709996 0.769284 0.526904 1.477939 1.333793 1.011119 0.01266396 1.589461 1.1976 1.589461 1.1976 1.011119 0.01266396 1.049684 -0.02438896 1.589461 1.1976 1.049684 -0.02438896 1.667832 1.039982 1.667832 1.039982 1.049684 -0.02438896 1.09095 -0.070212 1.667832 1.039982 1.09095 -0.070212 1.122411 -0.117788 1.122411 -0.117788 1.143923 -0.15789 1.667832 1.039982 1.667832 1.039982 1.143923 -0.15789 1.947488 0.271635 1.947488 0.271635 1.143923 -0.15789 1.159881 -0.189879 1.947488 0.271635 1.159881 -0.189879 1.183902 -0.239795 1.169694 -0.415042 1.624649 -0.822323 1.183902 -0.239795 1.183902 -0.239795 1.624649 -0.822323 1.879151 -0.407012 1.183902 -0.239795 1.879151 -0.407012 1.953718 -0.2475579 1.169694 -0.415042 1.161458 -0.575313 1.624649 -0.822323 1.624649 -0.822323 1.161458 -0.575313 1.529439 -0.94753 1.529439 -0.94753 1.161458 -0.575313 1.159988 -0.718618 1.529439 -0.94753 1.159988 -0.718618 1.411178 -1.051242 1.411178 -1.051242 1.159988 -0.718618 1.166169 -0.842737 1.411178 -1.051242 1.166169 -0.842737 1.18072 -0.945872 1.18072 -0.945872 1.20385 -1.027495 1.411178 -1.051242 1.411178 -1.051242 1.20385 -1.027495 1.235278 -1.088309 1.411178 -1.051242 1.235278 -1.088309 1.253977 -1.111233 1.253977 -1.111233 1.274614 -1.129295 1.411178 -1.051242 1.953718 -0.2475579 1.990879 -0.07549798 1.183902 -0.239795 1.183902 -0.239795 1.990879 -0.07549798 1.988767 0.100516 1.183902 -0.239795 1.988767 0.100516 1.947488 0.271635 0.594525 0.3 0 0.3 0.594525 0 0.594525 0 0 0.3 0 0 0 0 0 -0.097346 0.3 0 0.3 0 0 -0.097346 0.3 -0.097346 0.3 -0.097346 0 -0.097346 0.3 -0.194691 0.3 -0.194691 0 -0.097346 0 -0.194691 0.3 -0.194691 0 -0.194691 0.3 -0.292037 0.3 -0.292037 0 -0.194691 0 -0.292037 0 0 0.487088 0 0 0.3 0 0.3 0.487088 0 0.487088 0.3 0 0 0 -0.108985 0.3 0 0.3 0 0 -0.108985 0.3 -0.108985 0.3 -0.108985 0 -0.108985 0.3 -0.21797 0.3 -0.21797 0 -0.108985 0 -0.21797 0.3 -0.21797 0 -0.21797 0.3 -0.326955 0.3 -0.326955 0 -0.21797 0 -0.326955 0.3 -0.326955 0 -0.326955 0.3 -0.43594 0.3 -0.43594 0 -0.326955 0 -0.43594 0 0 0.817657 0 0 0.3 0 0.3 0.817657 0 0.817657 0.3 0 0 0 -0.108985 0.3 0 0.3 0 0 -0.108985 0.3 -0.108985 0.3 -0.108985 0 -0.108985 0.3 -0.21797 0.3 -0.21797 0 -0.108985 0 -0.21797 0.3 -0.21797 0 -0.21797 0.3 -0.326955 0.3 -0.326955 0 -0.21797 0 -0.326955 0.3 -0.326955 0 -0.326955 0.3 -0.43594 0.3 -0.43594 0 -0.326955 0 -0.43594 0 0 0.487088 0 0 0.3 0 0.3 0.487088 0 0.487088 0.3 0 0 0 -0.097346 0.3 0 0.3 0 0 -0.097346 0.3 -0.097346 0.3 -0.097346 0 -0.097346 0.3 -0.194691 0.3 -0.194691 0 -0.097346 0 -0.194691 0.3 -0.194691 0 -0.194691 0.3 -0.292037 0.3 -0.292037 0 -0.194691 0 -0.292037 0.594525 0 1.189051 0 0.594525 0.3 0.594525 0.3 1.189051 0 1.189051 0.3 0.5 -0.97913 0 -0.97913 0.5 -1.068142 0.5 -1.068142 0 -0.97913 0 -1.068142 0.5 1.068142 0 1.068142 0.5 0.97913 0.5 0.97913 0 1.068142 0 0.97913 0.5 0.97913 0 0.97913 0.5 0.890118 0.5 0.890118 0 0.97913 0 0.890118 0.5 0.890118 0 0.890118 0.5 0.801106 0.5 0.801106 0 0.890118 0 0.801106 0.5 0.801106 0 0.801106 0.5 0.712094 0.5 0.712094 0 0.801106 0 0.712094 0.5 0.712094 0 0.712094 0.5 0.623083 0.5 0.623083 0 0.712094 0 0.623083 0.5 0.623083 0 0.623083 0.5 0.534071 0.5 0.534071 0 0.623083 0 0.534071 0.5 0.534071 0 0.534071 0.5 0.445059 0.5 0.445059 0 0.534071 0 0.445059 0.5 0.445059 0 0.445059 0.5 0.356047 0.5 0.356047 0 0.445059 0 0.356047 0.5 0.356047 0 0.356047 0.5 0.267035 0.5 0.267035 0 0.356047 0 0.267035 0.5 0.267035 0 0.267035 0.5 0.1780239 0.5 0.1780239 0 0.267035 0 0.1780239 0.5 0.1780239 0 0.1780239 0.5 0.08901196 0.5 0.08901196 0 0.1780239 0 0.08901196 0.5 0.08901196 0 0.08901196 0.5 0 0.5 0 0 0.08901196 0 0 0.5 0 0 0 0.5 -0.08901196 0.5 -0.08901196 0 0 0 -0.08901196 0.5 -0.08901196 0 -0.08901196 0.5 -0.1780239 0.5 -0.1780239 0 -0.08901196 0 -0.1780239 0.5 -0.1780239 0 -0.1780239 0.5 -0.267035 0.5 -0.267035 0 -0.1780239 0 -0.267035 0.5 -0.267035 0 -0.267035 0.5 -0.356047 0.5 -0.356047 0 -0.267035 0 -0.356047 0.5 -0.356047 0 -0.356047 0.5 -0.445059 0.5 -0.445059 0 -0.356047 0 -0.445059 0.5 -0.445059 0 -0.445059 0.5 -0.534071 0.5 -0.534071 0 -0.445059 0 -0.534071 0.5 -0.534071 0 -0.534071 0.5 -0.623083 0.5 -0.623083 0 -0.534071 0 -0.623083 0.5 -0.623083 0 -0.623083 0.5 -0.712094 0.5 -0.712094 0 -0.623083 0 -0.712094 0.5 -0.712094 0 -0.712094 0.5 -0.801106 0.5 -0.801106 0 -0.712094 0 -0.801106 0.5 -0.801106 0 -0.801106 0.5 -0.890118 0.5 -0.890118 0 -0.801106 0 -0.890118 0.5 -0.890118 0 -0.890118 0.5 -0.97913 0.5 -0.97913 0 -0.890118 0 -0.97913 -4.027346 2.176373 -4.000696 2.13454 -3.48758 2.387882 -3.48758 2.387882 -4.000696 2.13454 -3.87391 1.862648 -3.48758 2.387882 -3.87391 1.862648 -3.366456 2.367568 -3.366456 2.367568 -3.87391 1.862648 -3.273089 2.351669 -3.273089 2.351669 -3.87391 1.862648 -3.229381 1.628059 -3.273089 2.351669 -3.229381 1.628059 -2.957489 1.754844 -3.87391 1.862648 -3.858995 1.815344 -3.229381 1.628059 -3.229381 1.628059 -3.858995 1.815344 -3.271213 1.601409 -3.271213 1.601409 -3.858995 1.815344 -3.856832 1.765791 -3.271213 1.601409 -3.856832 1.765791 -3.304722 1.56484 -3.304722 1.56484 -3.856832 1.765791 -3.672843 1.499008 -3.304722 1.56484 -3.672843 1.499008 -3.590841 1.465042 -3.856832 1.765791 -3.867567 1.717367 -3.672843 1.499008 -3.672843 1.499008 -3.867567 1.717367 -3.760841 1.510593 -3.760841 1.510593 -3.867567 1.717367 -3.89047 1.673371 -3.760841 1.510593 -3.89047 1.673371 -3.923979 1.636802 -3.760841 1.510593 -3.923979 1.636802 -3.84884 1.499008 -3.84884 1.499008 -3.923979 1.636802 -3.965811 1.610152 -3.84884 1.499008 -3.965811 1.610152 -3.930841 1.465042 -3.930841 1.465042 -3.965811 1.610152 -4.013115 1.595237 -3.930841 1.465042 -4.013115 1.595237 -4.062668 1.593074 -3.930841 1.465042 -4.062668 1.593074 -4.001258 1.411009 -4.001258 1.411009 -4.062668 1.593074 -4.111092 1.603809 -4.001258 1.411009 -4.111092 1.603809 -4.05529 1.340593 -4.05529 1.340593 -4.111092 1.603809 -4.155088 1.626712 -4.05529 1.340593 -4.155088 1.626712 -4.405592 1.072439 -4.405592 1.072439 -4.155088 1.626712 -4.191657 1.660221 -4.405592 1.072439 -4.191657 1.660221 -4.452897 1.057524 -4.452897 1.057524 -4.191657 1.660221 -4.218307 1.702053 -4.452897 1.057524 -4.218307 1.702053 -5.390082 1.328522 -5.390082 1.328522 -4.218307 1.702053 -5.110426 2.096868 -5.110426 2.096868 -4.218307 1.702053 -4.345093 1.973946 -5.110426 2.096868 -4.345093 1.973946 -4.360008 2.02125 -4.360008 2.02125 -4.362171 2.070803 -5.110426 2.096868 -5.110426 2.096868 -4.362171 2.070803 -5.062006 2.19425 -5.062006 2.19425 -4.362171 2.070803 -4.993104 2.278395 -4.993104 2.278395 -4.362171 2.070803 -4.907185 2.345071 -4.907185 2.345071 -4.362171 2.070803 -4.351436 2.119227 -4.907185 2.345071 -4.351436 2.119227 -4.808568 2.390925 -4.808568 2.390925 -4.351436 2.119227 -4.328533 2.163223 -4.808568 2.390925 -4.328533 2.163223 -4.295024 2.199791 -4.808568 2.390925 -4.295024 2.199791 -4.346651 2.545481 -4.346651 2.545481 -4.295024 2.199791 -4.253192 2.226441 -4.346651 2.545481 -4.253192 2.226441 -4.205887 2.241356 -4.156334 2.24352 -4.154706 2.569048 -4.205887 2.241356 -4.205887 2.241356 -4.154706 2.569048 -4.251865 2.566928 -4.205887 2.241356 -4.251865 2.566928 -4.346651 2.545481 -4.154706 2.569048 -4.156334 2.24352 -4.059074 2.551755 -4.059074 2.551755 -4.156334 2.24352 -4.10791 2.232785 -4.059074 2.551755 -4.10791 2.232785 -4.063915 2.209882 -4.059074 2.551755 -4.063915 2.209882 -3.48758 2.387882 -3.48758 2.387882 -4.063915 2.209882 -4.027346 2.176373 -2.910184 1.769759 -2.975932 2.297324 -2.957489 1.754844 -2.957489 1.754844 -2.975932 2.297324 -3.04489 2.310872 -2.957489 1.754844 -3.04489 2.310872 -3.13819 2.328047 -2.860632 1.771923 -2.700828 2.209123 -2.910184 1.769759 -2.910184 1.769759 -2.700828 2.209123 -2.810419 2.256506 -2.910184 1.769759 -2.810419 2.256506 -2.878853 2.275681 -2.812207 1.761187 -2.590553 2.132841 -2.860632 1.771923 -2.860632 1.771923 -2.590553 2.132841 -2.635827 2.166984 -2.860632 1.771923 -2.635827 2.166984 -2.700828 2.209123 -2.768212 1.738285 -2.428259 1.972286 -2.812207 1.761187 -2.812207 1.761187 -2.428259 1.972286 -2.524717 2.079177 -2.812207 1.761187 -2.524717 2.079177 -2.590553 2.132841 -2.428259 1.972286 -2.768212 1.738285 -2.349974 1.85145 -2.349974 1.85145 -2.768212 1.738285 -2.731643 1.704775 -2.349974 1.85145 -2.731643 1.704775 -2.704993 1.662943 -2.349974 1.85145 -2.704993 1.662943 -2.291843 1.719728 -2.291843 1.719728 -2.704993 1.662943 -2.690078 1.615639 -2.291843 1.719728 -2.690078 1.615639 -2.246772 1.626933 -2.246772 1.626933 -2.690078 1.615639 -2.687914 1.566086 -2.246772 1.626933 -2.687914 1.566086 -2.69865 1.517662 -2.246772 1.626933 -2.69865 1.517662 -2.181544 1.54701 -2.181544 1.54701 -2.69865 1.517662 -2.721552 1.473666 -2.181544 1.54701 -2.721552 1.473666 -2.099666 1.484254 -2.099666 1.484254 -2.721552 1.473666 -2.755062 1.437097 -2.099666 1.484254 -2.755062 1.437097 -2.796894 1.410447 -3.068786 1.283662 -3.303375 0.639133 -2.796894 1.410447 -2.796894 1.410447 -3.303375 0.639133 -1.776615 1.296461 -2.796894 1.410447 -1.776615 1.296461 -2.005538 1.442037 -2.005538 1.442037 -1.776615 1.296461 -1.776394 1.369789 -1.776394 1.369789 -1.776615 1.296461 -1.652509 1.334768 -3.303375 0.639133 -3.068786 1.283662 -3.330026 0.680965 -3.330026 0.680965 -3.068786 1.283662 -3.11609 1.268747 -3.330026 0.680965 -3.11609 1.268747 -3.366594 0.714474 -3.366594 0.714474 -3.11609 1.268747 -3.466393 1.000593 -3.366594 0.714474 -3.466393 1.000593 -3.41059 0.737377 -3.41059 0.737377 -3.466393 1.000593 -3.520425 0.930177 -3.41059 0.737377 -3.520425 0.930177 -3.459014 0.748112 -3.459014 0.748112 -3.520425 0.930177 -3.590841 0.876144 -3.459014 0.748112 -3.590841 0.876144 -3.508567 0.745949 -3.508567 0.745949 -3.590841 0.876144 -3.555871 0.731034 -3.555871 0.731034 -3.590841 0.876144 -3.672843 0.842178 -3.555871 0.731034 -3.672843 0.842178 -3.597704 0.704384 -3.597704 0.704384 -3.672843 0.842178 -3.760841 0.830593 -3.597704 0.704384 -3.760841 0.830593 -3.631213 0.667815 -3.631213 0.667815 -3.760841 0.830593 -3.654116 0.623819 -3.654116 0.623819 -3.760841 0.830593 -3.84884 0.842178 -3.654116 0.623819 -3.84884 0.842178 -3.664851 0.575395 -3.664851 0.575395 -3.84884 0.842178 -4.21696 0.776346 -3.664851 0.575395 -4.21696 0.776346 -4.250469 0.739777 -3.466393 1.000593 -3.11609 1.268747 -3.432427 1.082594 -3.432427 1.082594 -3.11609 1.268747 -3.165643 1.266583 -3.432427 1.082594 -3.165643 1.266583 -3.420841 1.170593 -3.420841 1.170593 -3.165643 1.266583 -3.214067 1.277319 -3.420841 1.170593 -3.214067 1.277319 -3.258063 1.300221 -3.420841 1.170593 -3.258063 1.300221 -3.432427 1.258591 -3.432427 1.258591 -3.258063 1.300221 -3.294632 1.333731 -3.432427 1.258591 -3.294632 1.333731 -3.466393 1.340593 -3.466393 1.340593 -3.294632 1.333731 -3.321282 1.375563 -3.466393 1.340593 -3.321282 1.375563 -3.336197 1.422867 -3.466393 1.340593 -3.336197 1.422867 -3.520425 1.411009 -3.520425 1.411009 -3.336197 1.422867 -3.338361 1.47242 -3.520425 1.411009 -3.338361 1.47242 -3.590841 1.465042 -3.590841 1.465042 -3.338361 1.47242 -3.327625 1.520844 -3.590841 1.465042 -3.327625 1.520844 -3.304722 1.56484 -4.452897 1.057524 -5.390082 1.328522 -4.724789 0.930739 -4.724789 0.930739 -5.390082 1.328522 -5.415586 1.222799 -4.724789 0.930739 -5.415586 1.222799 -5.416891 1.114051 -4.05529 1.340593 -4.405592 1.072439 -4.089256 1.258591 -4.089256 1.258591 -4.405592 1.072439 -4.356039 1.074603 -4.089256 1.258591 -4.356039 1.074603 -4.100841 1.170593 -4.100841 1.170593 -4.356039 1.074603 -4.307615 1.063867 -4.100841 1.170593 -4.307615 1.063867 -4.26362 1.040964 -4.100841 1.170593 -4.26362 1.040964 -4.089256 1.082594 -4.089256 1.082594 -4.26362 1.040964 -4.227051 1.007455 -4.089256 1.082594 -4.227051 1.007455 -4.05529 1.000593 -4.05529 1.000593 -4.227051 1.007455 -4.200401 0.965623 -4.05529 1.000593 -4.200401 0.965623 -4.185486 0.918319 -4.05529 1.000593 -4.185486 0.918319 -4.001258 0.930177 -4.001258 0.930177 -4.185486 0.918319 -4.183322 0.868766 -4.001258 0.930177 -4.183322 0.868766 -3.930841 0.876144 -3.930841 0.876144 -4.183322 0.868766 -4.194057 0.820342 -3.930841 0.876144 -4.194057 0.820342 -4.21696 0.776346 -3.664851 0.575395 -4.250469 0.739777 -3.662687 0.525842 -3.662687 0.525842 -4.250469 0.739777 -4.292302 0.713127 -3.662687 0.525842 -4.292302 0.713127 -3.647772 0.478538 -3.647772 0.478538 -4.292302 0.713127 -4.333969 0.06244599 -3.647772 0.478538 -4.333969 0.06244599 -4.228126 1.51e-4 -4.292302 0.713127 -4.564194 0.586342 -4.333969 0.06244599 -4.333969 0.06244599 -4.564194 0.586342 -4.611498 0.571427 -4.333969 0.06244599 -4.611498 0.571427 -4.877095 0.304262 -4.877095 0.304262 -4.611498 0.571427 -4.661051 0.569263 -4.877095 0.304262 -4.661051 0.569263 -4.709475 0.579998 -4.877095 0.304262 -4.709475 0.579998 -4.961469 0.352485 -4.961469 0.352485 -4.709475 0.579998 -4.753471 0.602901 -4.961469 0.352485 -4.753471 0.602901 -5.034535 0.416562 -5.034535 0.416562 -4.753471 0.602901 -5.093359 0.493919 -5.093359 0.493919 -4.753471 0.602901 -4.79004 0.63641 -5.093359 0.493919 -4.79004 0.63641 -4.81669 0.678243 -4.81669 0.678243 -4.831605 0.725547 -5.093359 0.493919 -5.093359 0.493919 -4.831605 0.725547 -5.347861 0.90923 -5.347861 0.90923 -4.831605 0.725547 -4.833768 0.7751 -5.347861 0.90923 -4.833768 0.7751 -4.823033 0.823524 -4.823033 0.823524 -4.80013 0.86752 -5.347861 0.90923 -5.347861 0.90923 -4.80013 0.86752 -4.766621 0.904089 -5.347861 0.90923 -4.766621 0.904089 -5.393931 1.007746 -5.393931 1.007746 -4.766621 0.904089 -5.416891 1.114051 -5.416891 1.114051 -4.766621 0.904089 -4.724789 0.930739 -3.303375 0.639133 -3.17659 0.36724 -1.776615 1.296461 -1.776615 1.296461 -3.17659 0.36724 -2.385973 -0.174659 -2.385973 -0.174659 -3.17659 0.36724 -3.161675 0.319936 -2.385973 -0.174659 -3.161675 0.319936 -2.689925 -0.137468 -2.689925 -0.137468 -3.161675 0.319936 -3.159511 0.270383 -2.689925 -0.137468 -3.159511 0.270383 -2.792986 -0.132912 -2.792986 -0.132912 -3.159511 0.270383 -3.170247 0.2219589 -2.792986 -0.132912 -3.170247 0.2219589 -3.19315 0.177963 -2.792986 -0.132912 -3.19315 0.177963 -2.894326 -0.152209 -2.894326 -0.152209 -3.19315 0.177963 -3.226659 0.141394 -2.894326 -0.152209 -3.226659 0.141394 -2.988501 -0.194323 -2.988501 -0.194323 -3.226659 0.141394 -3.268491 0.114744 -2.988501 -0.194323 -3.268491 0.114744 -3.117701 -0.257862 -3.117701 -0.257862 -3.268491 0.114744 -3.315795 0.09982895 -3.117701 -0.257862 -3.315795 0.09982895 -3.255342 -0.300107 -3.255342 -0.300107 -3.315795 0.09982895 -3.365348 0.09766596 -3.255342 -0.300107 -3.365348 0.09766596 -3.397942 -0.319989 -3.397942 -0.319989 -3.365348 0.09766596 -3.482869 -0.318779 -3.482869 -0.318779 -3.365348 0.09766596 -3.413772 0.108401 -3.482869 -0.318779 -3.413772 0.108401 -3.539498 -0.315832 -3.539498 -0.315832 -3.413772 0.108401 -3.616378 -0.306331 -3.616378 -0.306331 -3.413772 0.108401 -3.730787 -0.272185 -3.730787 -0.272185 -3.413772 0.108401 -3.457768 0.131304 -3.730787 -0.272185 -3.457768 0.131304 -3.795536 -0.2428849 -3.795536 -0.2428849 -3.457768 0.131304 -3.883815 -0.197063 -3.883815 -0.197063 -3.457768 0.131304 -3.494337 0.164813 -3.883815 -0.197063 -3.494337 0.164813 -3.945348 -0.163116 -3.945348 -0.163116 -3.494337 0.164813 -4.02786 -0.116301 -4.02786 -0.116301 -3.494337 0.164813 -3.520987 0.206645 -4.02786 -0.116301 -3.520987 0.206645 -4.146382 -0.04768496 -4.146382 -0.04768496 -3.520987 0.206645 -4.228126 1.51e-4 -4.228126 1.51e-4 -3.520987 0.206645 -3.647772 0.478538 -2.005538 1.442037 -2.099666 1.484254 -2.796894 1.410447 -2.878853 2.275681 -2.975932 2.297324 -2.910184 1.769759 -3.13819 2.328047 -3.273089 2.351669 -2.957489 1.754844 -2.689925 -0.137468 -2.590682 -0.165633 -2.385973 -0.174659 -2.385973 -0.174659 -2.590682 -0.165633 -2.439549 -0.2282339 -2.385973 -0.174659 -2.439549 -0.2282339 -2.331854 -0.305315 -3.84884 0.842178 -3.930841 0.876144 -4.21696 0.776346</float_array>
          <technique_common>
            <accessor source="#gray_leg-mesh-map-0-array" count="5100" stride="2">
              <param name="S" type="float"/>
              <param name="T" type="float"/>
            </accessor>
          </technique_common>
        </source>
        <vertices id="gray_leg-mesh-vertices">
          <input semantic="POSITION" source="#gray_leg-mesh-positions"/>
        </vertices>
        <triangles material="Opaque_70_70_70__002-material" count="1700">
          <input semantic="VERTEX" source="#gray_leg-mesh-vertices" offset="0"/>
          <input semantic="NORMAL" source="#gray_leg-mesh-normals" offset="1"/>
          <input semantic="TEXCOORD" source="#gray_leg-mesh-map-0" offset="2" set="0"/>
          <p>1 0 0 2 1 1 0 2 2 0 2 3 2 1 4 3 3 5 0 2 6 3 3 7 4 4 8 5 5 9 6 6 10 9 7 11 9 7 12 6 6 13 8 8 14 8 8 15 6 6 16 7 9 17 6 10 18 5 11 19 14 12 20 14 12 21 5 11 22 10 13 23 14 12 24 10 13 25 11 14 26 14 12 27 11 14 28 13 15 29 13 15 30 11 14 31 12 16 32 13 15 33 12 16 34 0 17 35 0 17 36 12 16 37 1 18 38 16 19 39 50 20 40 15 21 41 15 21 42 50 20 43 8 22 44 15 21 45 8 22 46 7 23 47 50 20 48 16 19 49 74 24 50 74 24 51 16 19 52 17 25 53 74 24 54 17 25 55 18 26 56 74 24 57 18 26 58 73 27 59 73 27 60 18 26 61 19 28 62 73 27 63 19 28 64 72 29 65 72 29 66 19 28 67 20 30 68 72 29 69 20 30 70 21 31 71 72 29 72 21 31 73 71 32 74 71 32 75 21 31 76 22 33 77 71 32 78 22 33 79 23 34 80 71 32 81 23 34 82 70 35 83 70 35 84 23 34 85 24 36 86 70 35 87 24 36 88 25 37 89 70 35 90 25 37 91 69 38 92 69 38 93 25 37 94 26 39 95 69 38 96 26 39 97 27 40 98 69 38 99 27 40 100 68 41 101 68 41 102 27 40 103 28 42 104 68 41 105 28 42 106 67 43 107 67 43 108 28 42 109 29 44 110 67 43 111 29 44 112 30 45 113 67 43 114 30 45 115 66 46 116 66 46 117 30 45 118 31 47 119 66 46 120 31 47 121 32 48 122 66 46 123 32 48 124 65 49 125 65 49 126 32 48 127 33 50 128 65 49 129 33 50 130 34 51 131 65 49 132 34 51 133 64 52 134 64 52 135 34 51 136 35 53 137 64 52 138 35 53 139 36 54 140 64 52 141 36 54 142 63 55 143 63 55 144 36 54 145 37 56 146 63 55 147 37 56 148 38 57 149 63 55 150 38 57 151 62 58 152 62 58 153 38 57 154 39 59 155 62 58 156 39 59 157 61 60 158 61 60 159 39 59 160 40 61 161 61 60 162 40 61 163 60 62 164 60 62 165 40 61 166 41 63 167 60 62 168 41 63 169 42 64 170 60 62 171 42 64 172 59 65 173 59 65 174 42 64 175 43 66 176 59 65 177 43 66 178 58 67 179 58 67 180 43 66 181 44 68 182 58 67 183 44 68 184 57 69 185 57 69 186 44 68 187 45 70 188 57 69 189 45 70 190 46 71 191 57 69 192 46 71 193 56 72 194 56 72 195 46 71 196 47 73 197 56 72 198 47 73 199 55 74 200 55 74 201 47 73 202 48 75 203 55 74 204 48 75 205 54 76 206 54 76 207 48 75 208 49 77 209 54 76 210 49 77 211 3 78 212 3 78 213 49 77 214 4 79 215 54 76 216 3 78 217 53 80 218 53 80 219 3 78 220 2 81 221 53 80 222 2 81 223 1 82 224 53 80 225 1 82 226 52 83 227 52 83 228 1 82 229 12 84 230 52 83 231 12 84 232 11 85 233 52 83 234 11 85 235 51 86 236 51 86 237 11 85 238 10 87 239 51 86 240 10 87 241 5 88 242 51 86 243 5 88 244 50 20 245 50 20 246 5 88 247 9 89 248 50 20 249 9 89 250 8 22 251 50 90 252 54 91 253 51 92 254 51 92 255 54 91 256 53 93 257 51 92 258 53 93 259 52 94 260 6 95 261 309 96 262 7 97 263 7 97 264 309 96 265 201 98 266 7 97 267 201 98 268 202 99 269 6 95 270 14 100 271 309 96 272 309 96 273 14 100 274 308 101 275 308 101 276 14 100 277 13 102 278 308 101 279 13 102 280 0 103 281 308 101 282 0 103 283 141 104 284 141 104 285 0 103 286 4 105 287 141 104 288 4 105 289 140 106 290 140 106 291 4 105 292 139 107 293 139 107 294 4 105 295 75 108 296 139 107 297 75 108 298 76 109 299 4 105 300 49 110 301 75 108 302 76 109 303 77 111 304 139 107 305 139 107 306 77 111 307 78 95 308 139 107 309 78 95 310 79 112 311 139 107 312 79 112 313 138 113 314 138 113 315 79 112 316 80 114 317 138 113 318 80 114 319 81 115 320 138 113 321 81 115 322 137 116 323 137 116 324 81 115 325 82 117 326 137 116 327 82 117 328 136 118 329 136 118 330 82 117 331 83 119 332 136 118 333 83 119 334 135 120 335 135 120 336 83 119 337 134 121 338 134 121 339 83 119 340 84 95 341 134 121 342 84 95 343 133 95 344 133 95 345 84 95 346 132 95 347 132 95 348 84 95 349 131 95 350 131 95 351 84 95 352 130 95 353 130 95 354 84 95 355 85 122 356 130 95 357 85 122 358 129 123 359 129 123 360 85 122 361 86 124 362 129 123 363 86 124 364 128 125 365 128 125 366 86 124 367 127 126 368 127 126 369 86 124 370 87 127 371 127 126 372 87 127 373 126 128 374 126 128 375 87 127 376 267 129 377 126 128 378 267 129 379 151 130 380 151 130 381 267 129 382 176 131 383 176 131 384 267 129 385 175 132 386 175 132 387 267 129 388 268 133 389 175 132 390 268 133 391 269 134 392 87 127 393 88 135 394 267 129 395 267 129 396 88 135 397 89 136 398 267 129 399 89 136 400 266 137 401 266 137 402 89 136 403 90 95 404 266 137 405 90 95 406 91 95 407 91 95 408 92 138 409 266 137 410 266 137 411 92 138 412 265 95 413 265 95 414 92 138 415 264 139 416 264 139 417 92 138 418 93 140 419 264 139 420 93 140 421 263 141 422 263 141 423 93 140 424 94 142 425 263 141 426 94 142 427 262 143 428 262 143 429 94 142 430 95 144 431 262 143 432 95 144 433 261 145 434 261 145 435 95 144 436 96 146 437 261 145 438 96 146 439 260 95 440 260 95 441 96 146 442 97 147 443 260 95 444 97 147 445 259 148 446 259 148 447 97 147 448 98 149 449 259 148 450 98 149 451 258 150 452 258 150 453 98 149 454 99 95 455 258 150 456 99 95 457 54 151 458 54 151 459 50 152 460 258 150 461 258 150 462 50 152 463 257 153 464 257 153 465 50 152 466 100 154 467 257 153 468 100 154 469 256 155 470 256 155 471 100 154 472 101 156 473 256 155 474 101 156 475 255 157 476 255 157 477 101 156 478 102 158 479 255 157 480 102 158 481 103 159 482 255 157 483 103 159 484 254 160 485 254 160 486 103 159 487 104 161 488 254 160 489 104 161 490 253 162 491 253 162 492 104 161 493 105 163 494 253 162 495 105 163 496 252 164 497 252 164 498 105 163 499 106 165 500 252 164 501 106 165 502 251 166 503 251 166 504 106 165 505 107 167 506 251 166 507 107 167 508 250 168 509 250 168 510 107 167 511 108 169 512 250 168 513 108 169 514 249 170 515 249 170 516 108 169 517 109 171 518 249 170 519 109 171 520 248 172 521 248 172 522 109 171 523 110 173 524 248 172 525 110 173 526 111 174 527 248 172 528 111 174 529 190 175 530 190 175 531 111 174 532 112 176 533 190 175 534 112 176 535 189 95 536 189 95 537 112 176 538 113 95 539 189 95 540 113 95 541 188 95 542 188 95 543 113 95 544 114 95 545 188 95 546 114 95 547 187 95 548 187 95 549 114 95 550 186 177 551 186 177 552 114 95 553 115 178 554 186 177 555 115 178 556 185 179 557 185 179 558 115 178 559 184 95 560 184 95 561 115 178 562 183 180 563 183 180 564 115 178 565 182 181 566 182 181 567 115 178 568 116 182 569 182 181 570 116 182 571 181 183 572 181 183 573 116 182 574 180 184 575 180 184 576 116 182 577 179 185 578 179 185 579 116 182 580 117 186 581 179 185 582 117 186 583 178 187 584 178 187 585 117 186 586 118 188 587 178 187 588 118 188 589 119 189 590 119 189 591 120 190 592 178 187 593 178 187 594 120 190 595 177 191 596 177 191 597 120 190 598 121 192 599 177 191 600 121 192 601 122 95 602 122 95 603 123 193 604 177 191 605 177 191 606 123 193 607 202 99 608 202 99 609 123 193 610 124 194 611 202 99 612 124 194 613 7 97 614 7 97 615 124 194 616 15 95 617 126 128 618 151 130 619 125 195 620 125 195 621 151 130 622 152 196 623 125 195 624 152 196 625 150 197 626 150 197 627 152 196 628 153 198 629 150 197 630 153 198 631 149 199 632 149 199 633 153 198 634 154 200 635 149 199 636 154 200 637 303 201 638 303 201 639 154 200 640 302 202 641 302 202 642 154 200 643 155 203 644 302 202 645 155 203 646 156 95 647 141 104 648 142 204 649 308 101 650 308 101 651 142 204 652 307 205 653 307 205 654 142 204 655 143 206 656 307 205 657 143 206 658 144 207 659 307 205 660 144 207 661 306 208 662 306 208 663 144 207 664 145 209 665 306 208 666 145 209 667 305 95 668 305 95 669 145 209 670 146 95 671 305 95 672 146 95 673 304 210 674 304 210 675 146 95 676 147 211 677 304 210 678 147 211 679 148 212 680 304 210 681 148 212 682 303 201 683 303 201 684 148 212 685 149 199 686 302 202 687 156 95 688 301 95 689 301 95 690 156 95 691 157 95 692 301 95 693 157 95 694 300 95 695 300 95 696 157 95 697 158 213 698 300 95 699 158 213 700 299 214 701 299 214 702 158 213 703 159 215 704 299 214 705 159 215 706 160 216 707 299 214 708 160 216 709 298 217 710 298 217 711 160 216 712 161 218 713 298 217 714 161 218 715 297 219 716 297 219 717 161 218 718 162 220 719 297 219 720 162 220 721 163 221 722 164 222 723 205 223 724 163 221 725 163 221 726 205 223 727 206 224 728 163 221 729 206 224 730 297 219 731 297 219 732 206 224 733 296 225 734 296 225 735 206 224 736 207 226 737 296 225 738 207 226 739 295 227 740 295 227 741 207 226 742 208 228 743 295 227 744 208 228 745 209 229 746 205 223 747 164 222 748 204 230 749 204 230 750 164 222 751 165 231 752 204 230 753 165 231 754 203 232 755 203 232 756 165 231 757 285 233 758 203 232 759 285 233 760 229 234 761 165 231 762 166 235 763 285 233 764 285 233 765 166 235 766 167 236 767 285 233 768 167 236 769 168 237 770 285 233 771 168 237 772 275 238 773 275 238 774 168 237 775 169 239 776 275 238 777 169 239 778 274 240 779 274 240 780 169 239 781 273 95 782 273 95 783 169 239 784 170 95 785 273 95 786 170 95 787 272 241 788 272 241 789 170 95 790 171 242 791 272 241 792 171 242 793 271 243 794 271 243 795 171 242 796 172 244 797 271 243 798 172 244 799 173 245 800 271 243 801 173 245 802 270 246 803 270 246 804 173 245 805 174 247 806 270 246 807 174 247 808 269 134 809 269 134 810 174 247 811 175 132 812 191 248 813 216 95 814 190 175 815 190 175 816 216 95 817 217 249 818 190 175 819 217 249 820 248 172 821 248 172 822 217 249 823 218 250 824 248 172 825 218 250 826 219 251 827 216 95 828 191 248 829 215 252 830 215 252 831 191 248 832 192 253 833 215 252 834 192 253 835 214 254 836 214 254 837 192 253 838 193 255 839 214 254 840 193 255 841 291 256 842 291 256 843 193 255 844 290 257 845 290 257 846 193 255 847 194 258 848 290 257 849 194 258 850 195 259 851 290 257 852 195 259 853 289 260 854 289 260 855 195 259 856 196 95 857 289 260 858 196 95 859 288 95 860 288 95 861 196 95 862 197 261 863 288 95 864 197 261 865 287 262 866 287 262 867 197 261 868 198 263 869 287 262 870 198 263 871 199 264 872 287 262 873 199 264 874 286 265 875 286 265 876 199 264 877 200 266 878 286 265 879 200 266 880 309 96 881 309 96 882 200 266 883 201 98 884 295 227 885 209 229 886 294 267 887 294 267 888 209 229 889 210 268 890 294 267 891 210 268 892 293 269 893 293 269 894 210 268 895 211 270 896 293 269 897 211 270 898 292 271 899 292 271 900 211 270 901 212 272 902 292 271 903 212 272 904 213 273 905 292 271 906 213 273 907 291 256 908 291 256 909 213 273 910 214 254 911 248 172 912 219 251 913 247 274 914 247 274 915 219 251 916 220 275 917 247 274 918 220 275 919 246 276 920 246 276 921 220 275 922 221 277 923 246 276 924 221 277 925 245 278 926 245 278 927 221 277 928 222 279 929 245 278 930 222 279 931 244 280 932 244 280 933 222 279 934 223 281 935 244 280 936 223 281 937 243 282 938 243 282 939 223 281 940 224 283 941 243 282 942 224 283 943 242 95 944 242 95 945 224 283 946 241 284 947 241 284 948 224 283 949 225 285 950 241 284 951 225 285 952 229 234 953 229 234 954 225 285 955 226 286 956 229 234 957 226 286 958 227 287 959 227 287 960 228 288 961 229 234 962 229 234 963 228 288 964 203 232 965 230 95 966 231 289 967 229 234 968 229 234 969 231 289 970 232 290 971 229 234 972 232 290 973 233 291 974 233 291 975 234 95 976 229 234 977 229 234 978 234 95 979 235 95 980 229 234 981 235 95 982 236 292 983 237 293 984 238 294 985 236 292 986 236 292 987 238 294 988 239 295 989 236 292 990 239 295 991 229 234 992 229 234 993 239 295 994 240 296 995 229 234 996 240 296 997 241 284 998 275 238 999 276 297 1000 285 233 1001 285 233 1002 276 297 1003 277 298 1004 285 233 1005 277 298 1006 278 299 1007 278 299 1008 279 300 1009 285 233 1010 285 233 1011 279 300 1012 280 301 1013 285 233 1014 280 301 1015 281 302 1016 281 302 1017 282 303 1018 285 233 1019 285 233 1020 282 303 1021 283 304 1022 285 233 1023 283 304 1024 284 305 1025 314 306 1026 99 307 1027 313 308 1028 313 308 1029 99 307 1030 98 309 1031 313 308 1032 98 309 1033 312 310 1034 312 310 1035 98 309 1036 97 311 1037 312 310 1038 97 311 1039 311 312 1040 311 312 1041 97 311 1042 96 313 1043 311 312 1044 96 313 1045 95 314 1046 95 314 1047 310 315 1048 311 312 1049 54 316 1050 99 307 1051 55 317 1052 55 317 1053 99 307 1054 56 318 1055 56 318 1056 99 307 1057 57 319 1058 57 319 1059 99 307 1060 58 320 1061 58 320 1062 99 307 1063 59 321 1064 59 321 1065 99 307 1066 341 322 1067 59 321 1068 341 322 1069 60 323 1070 60 323 1071 341 322 1072 342 324 1073 60 323 1074 342 324 1075 61 325 1076 61 325 1077 342 324 1078 343 326 1079 61 325 1080 343 326 1081 62 327 1082 62 327 1083 343 326 1084 344 328 1085 62 327 1086 344 328 1087 63 329 1088 63 329 1089 344 328 1090 345 330 1091 63 329 1092 345 330 1093 64 331 1094 64 331 1095 345 330 1096 346 332 1097 64 331 1098 346 332 1099 65 333 1100 65 333 1101 346 332 1102 347 334 1103 65 333 1104 347 334 1105 66 335 1106 66 335 1107 347 334 1108 348 336 1109 66 335 1110 348 336 1111 67 337 1112 67 337 1113 348 336 1114 349 338 1115 67 337 1116 349 338 1117 68 339 1118 68 339 1119 349 338 1120 350 340 1121 68 339 1122 350 340 1123 69 341 1124 69 341 1125 350 340 1126 351 342 1127 69 341 1128 351 342 1129 70 343 1130 70 343 1131 351 342 1132 100 344 1133 70 343 1134 100 344 1135 71 345 1136 71 345 1137 100 344 1138 72 346 1139 72 346 1140 100 344 1141 73 347 1142 73 347 1143 100 344 1144 74 348 1145 74 348 1146 100 344 1147 50 349 1148 341 322 1149 99 307 1150 340 350 1151 340 350 1152 99 307 1153 314 306 1154 340 350 1155 314 306 1156 316 351 1157 316 351 1158 314 306 1159 339 352 1160 339 352 1161 314 306 1162 338 353 1163 338 353 1164 314 306 1165 337 354 1166 337 354 1167 314 306 1168 336 355 1169 336 355 1170 314 306 1171 335 356 1172 335 356 1173 314 306 1174 334 357 1175 334 357 1176 314 306 1177 315 358 1178 334 357 1179 315 358 1180 333 359 1181 333 359 1182 315 358 1183 332 360 1184 332 360 1185 315 358 1186 331 361 1187 331 361 1188 315 358 1189 330 362 1190 330 362 1191 315 358 1192 329 363 1193 329 363 1194 315 358 1195 328 364 1196 328 364 1197 315 358 1198 352 365 1199 328 364 1200 352 365 1201 327 366 1202 327 366 1203 352 365 1204 353 367 1205 327 366 1206 353 367 1207 326 368 1208 326 368 1209 353 367 1210 354 369 1211 326 368 1212 354 369 1213 325 370 1214 325 370 1215 354 369 1216 355 371 1217 325 370 1218 355 371 1219 324 372 1220 324 372 1221 355 371 1222 356 373 1223 324 372 1224 356 373 1225 323 374 1226 323 374 1227 356 373 1228 357 375 1229 323 374 1230 357 375 1231 322 376 1232 322 376 1233 357 375 1234 358 377 1235 322 376 1236 358 377 1237 359 378 1238 315 358 1239 100 344 1240 352 365 1241 352 365 1242 100 344 1243 351 342 1244 316 351 1245 317 379 1246 340 350 1247 340 350 1248 317 379 1249 363 380 1250 363 380 1251 317 379 1252 318 381 1253 363 380 1254 318 381 1255 362 382 1256 362 382 1257 318 381 1258 319 383 1259 362 382 1260 319 383 1261 361 384 1262 361 384 1263 319 383 1264 320 385 1265 361 384 1266 320 385 1267 360 386 1268 360 386 1269 320 385 1270 321 387 1271 360 386 1272 321 387 1273 359 378 1274 359 378 1275 321 387 1276 322 376 1277 95 314 1278 94 388 1279 310 315 1280 310 315 1281 94 388 1282 364 389 1283 364 389 1284 94 388 1285 367 390 1286 367 390 1287 94 388 1288 93 391 1289 367 390 1290 93 391 1291 366 392 1292 366 392 1293 93 391 1294 92 393 1295 366 392 1296 92 393 1297 91 394 1298 91 394 1299 365 395 1300 366 392 1301 365 396 1302 91 397 1303 384 398 1304 384 398 1305 91 397 1306 90 399 1307 384 398 1308 90 399 1309 89 400 1310 88 401 1311 382 402 1312 89 400 1313 89 400 1314 382 402 1315 383 403 1316 89 400 1317 383 403 1318 384 398 1319 384 398 1320 383 403 1321 376 404 1322 384 398 1323 376 404 1324 365 396 1325 88 401 1326 87 405 1327 382 402 1328 382 402 1329 87 405 1330 381 406 1331 382 402 1332 381 406 1333 374 407 1334 374 407 1335 381 406 1336 373 408 1337 373 408 1338 381 406 1339 380 409 1340 373 408 1341 380 409 1342 372 410 1343 372 410 1344 380 409 1345 379 411 1346 372 410 1347 379 411 1348 371 412 1349 371 412 1350 379 411 1351 378 413 1352 371 412 1353 378 413 1354 370 414 1355 370 414 1356 378 413 1357 377 415 1358 370 414 1359 377 415 1360 369 416 1361 369 416 1362 377 415 1363 83 417 1364 369 416 1365 83 417 1366 368 418 1367 381 406 1368 87 405 1369 380 409 1370 380 409 1371 87 405 1372 86 419 1373 380 409 1374 86 419 1375 379 411 1376 379 411 1377 86 419 1378 85 420 1379 379 411 1380 85 420 1381 378 413 1382 378 413 1383 85 420 1384 84 421 1385 378 413 1386 84 421 1387 377 415 1388 377 415 1389 84 421 1390 83 417 1391 374 407 1392 375 422 1393 382 402 1394 382 402 1395 375 422 1396 383 403 1397 375 422 1398 376 404 1399 383 403 1400 82 423 1401 417 424 1402 83 425 1403 83 425 1404 417 424 1405 411 426 1406 83 425 1407 411 426 1408 368 427 1409 368 427 1410 411 426 1411 410 428 1412 410 428 1413 411 426 1414 409 429 1415 409 429 1416 411 426 1417 422 430 1418 409 429 1419 422 430 1420 408 431 1421 408 431 1422 422 430 1423 421 432 1424 408 431 1425 421 432 1426 407 433 1427 407 433 1428 421 432 1429 406 434 1430 406 434 1431 421 432 1432 420 435 1433 406 434 1434 420 435 1435 398 436 1436 398 436 1437 420 435 1438 419 437 1439 398 436 1440 419 437 1441 397 438 1442 397 438 1443 419 437 1444 396 439 1445 396 439 1446 419 437 1447 418 440 1448 396 439 1449 418 440 1450 395 441 1451 395 441 1452 418 440 1453 394 442 1454 394 442 1455 418 440 1456 393 443 1457 393 443 1458 418 440 1459 392 444 1460 392 444 1461 418 440 1462 391 445 1463 391 445 1464 418 440 1465 419 437 1466 391 445 1467 419 437 1468 390 446 1469 390 446 1470 419 437 1471 389 447 1472 389 447 1473 419 437 1474 420 435 1475 389 447 1476 420 435 1477 414 448 1478 414 448 1479 420 435 1480 421 432 1481 414 448 1482 421 432 1483 415 449 1484 415 449 1485 421 432 1486 422 430 1487 415 449 1488 422 430 1489 416 450 1490 416 450 1491 422 430 1492 411 426 1493 416 450 1494 411 426 1495 417 424 1496 82 423 1497 81 451 1498 417 424 1499 417 424 1500 81 451 1501 416 450 1502 81 451 1503 80 452 1504 416 450 1505 416 450 1506 80 452 1507 415 449 1508 80 452 1509 79 453 1510 415 449 1511 415 449 1512 79 453 1513 414 448 1514 414 448 1515 79 453 1516 43 454 1517 43 454 1518 79 453 1519 78 455 1520 43 454 1521 78 455 1522 44 456 1523 44 456 1524 78 455 1525 45 457 1526 45 457 1527 78 455 1528 46 458 1529 46 458 1530 78 455 1531 77 459 1532 46 458 1533 77 459 1534 47 460 1535 414 448 1536 43 454 1537 413 461 1538 413 461 1539 43 454 1540 42 462 1541 413 461 1542 42 462 1543 41 463 1544 413 461 1545 41 463 1546 412 464 1547 412 464 1548 41 463 1549 40 465 1550 412 464 1551 40 465 1552 39 466 1553 39 466 1554 385 467 1555 412 464 1556 412 464 1557 385 467 1558 386 468 1559 412 464 1560 386 468 1561 387 469 1562 412 464 1563 387 469 1564 413 461 1565 413 461 1566 387 469 1567 388 470 1568 413 461 1569 388 470 1570 389 447 1571 406 434 1572 398 436 1573 405 471 1574 405 471 1575 398 436 1576 399 472 1577 405 471 1578 399 472 1579 400 473 1580 405 471 1581 400 473 1582 404 474 1583 404 474 1584 400 473 1585 401 475 1586 404 474 1587 401 475 1588 403 476 1589 403 476 1590 401 475 1591 402 477 1592 389 447 1593 414 448 1594 413 461 1595 15 478 1596 124 479 1597 16 480 1598 16 480 1599 124 479 1600 17 481 1601 17 481 1602 124 479 1603 123 482 1604 17 481 1605 123 482 1606 18 483 1607 18 483 1608 123 482 1609 122 484 1610 18 483 1611 122 484 1612 19 485 1613 453 486 1614 393 487 1615 361 488 1616 361 488 1617 393 487 1618 392 489 1619 361 488 1620 392 489 1621 362 490 1622 362 490 1623 392 489 1624 391 491 1625 362 490 1626 391 491 1627 363 492 1628 363 492 1629 391 491 1630 390 493 1631 363 492 1632 390 493 1633 340 494 1634 340 494 1635 390 493 1636 389 495 1637 340 494 1638 389 495 1639 388 496 1640 340 494 1641 388 496 1642 341 497 1643 341 497 1644 388 496 1645 387 498 1646 341 497 1647 387 498 1648 342 499 1649 342 499 1650 387 498 1651 386 500 1652 342 499 1653 386 500 1654 343 501 1655 343 501 1656 386 500 1657 385 502 1658 343 501 1659 385 502 1660 423 503 1661 343 501 1662 423 503 1663 344 504 1664 344 504 1665 423 503 1666 424 505 1667 344 504 1668 424 505 1669 345 506 1670 345 506 1671 424 505 1672 425 507 1673 345 506 1674 425 507 1675 426 508 1676 345 506 1677 426 508 1678 346 509 1679 346 509 1680 426 508 1681 427 510 1682 346 509 1683 427 510 1684 428 511 1685 346 509 1686 428 511 1687 347 512 1688 347 512 1689 428 511 1690 429 513 1691 347 512 1692 429 513 1693 430 514 1694 347 512 1695 430 514 1696 348 515 1697 348 515 1698 430 514 1699 431 516 1700 348 515 1701 431 516 1702 432 517 1703 348 515 1704 432 517 1705 349 518 1706 349 518 1707 432 517 1708 433 519 1709 349 518 1710 433 519 1711 434 520 1712 349 518 1713 434 520 1714 350 521 1715 350 521 1716 434 520 1717 435 522 1718 350 521 1719 435 522 1720 351 523 1721 351 523 1722 435 522 1723 436 524 1724 351 523 1725 436 524 1726 437 525 1727 351 523 1728 437 525 1729 352 526 1730 352 526 1731 437 525 1732 438 527 1733 352 526 1734 438 527 1735 439 528 1736 352 526 1737 439 528 1738 353 529 1739 353 529 1740 439 528 1741 440 530 1742 353 529 1743 440 530 1744 441 531 1745 353 529 1746 441 531 1747 354 532 1748 354 532 1749 441 531 1750 442 533 1751 354 532 1752 442 533 1753 443 534 1754 354 532 1755 443 534 1756 355 535 1757 355 535 1758 443 534 1759 444 536 1760 355 535 1761 444 536 1762 356 537 1763 356 537 1764 444 536 1765 445 538 1766 356 537 1767 445 538 1768 446 539 1769 356 537 1770 446 539 1771 357 540 1772 357 540 1773 446 539 1774 447 541 1775 357 540 1776 447 541 1777 448 542 1778 357 540 1779 448 542 1780 358 543 1781 358 543 1782 448 542 1783 449 544 1784 358 543 1785 449 544 1786 450 545 1787 358 543 1788 450 545 1789 359 546 1790 359 546 1791 450 545 1792 451 547 1793 359 546 1794 451 547 1795 452 548 1796 359 546 1797 452 548 1798 360 549 1799 360 549 1800 452 548 1801 453 486 1802 360 549 1803 453 486 1804 361 488 1805 484 550 1806 402 551 1807 337 552 1808 337 552 1809 402 551 1810 401 553 1811 337 552 1812 401 553 1813 338 554 1814 338 554 1815 401 553 1816 400 555 1817 338 554 1818 400 555 1819 339 556 1820 339 556 1821 400 555 1822 399 557 1823 339 556 1824 399 557 1825 316 558 1826 316 558 1827 399 557 1828 398 559 1829 316 558 1830 398 559 1831 397 560 1832 316 558 1833 397 560 1834 317 561 1835 317 561 1836 397 560 1837 396 562 1838 317 561 1839 396 562 1840 318 563 1841 318 563 1842 396 562 1843 395 564 1844 318 563 1845 395 564 1846 319 565 1847 319 565 1848 395 564 1849 394 566 1850 319 565 1851 394 566 1852 454 567 1853 319 565 1854 454 567 1855 320 568 1856 320 568 1857 454 567 1858 455 569 1859 320 568 1860 455 569 1861 321 570 1862 321 570 1863 455 569 1864 456 571 1865 321 570 1866 456 571 1867 457 572 1868 321 570 1869 457 572 1870 322 573 1871 322 573 1872 457 572 1873 458 574 1874 322 573 1875 458 574 1876 459 575 1877 322 573 1878 459 575 1879 323 576 1880 323 576 1881 459 575 1882 460 577 1883 323 576 1884 460 577 1885 461 578 1886 323 576 1887 461 578 1888 324 579 1889 324 579 1890 461 578 1891 462 580 1892 324 579 1893 462 580 1894 463 581 1895 324 579 1896 463 581 1897 325 582 1898 325 582 1899 463 581 1900 464 583 1901 325 582 1902 464 583 1903 465 584 1904 325 582 1905 465 584 1906 326 585 1907 326 585 1908 465 584 1909 466 586 1910 326 585 1911 466 586 1912 327 587 1913 327 587 1914 466 586 1915 467 588 1916 327 587 1917 467 588 1918 468 589 1919 327 587 1920 468 589 1921 328 590 1922 328 590 1923 468 589 1924 469 591 1925 328 590 1926 469 591 1927 470 592 1928 328 590 1929 470 592 1930 329 593 1931 329 593 1932 470 592 1933 471 594 1934 329 593 1935 471 594 1936 472 595 1937 329 593 1938 472 595 1939 330 596 1940 330 596 1941 472 595 1942 473 597 1943 330 596 1944 473 597 1945 474 598 1946 330 596 1947 474 598 1948 331 599 1949 331 599 1950 474 598 1951 475 600 1952 331 599 1953 475 600 1954 332 601 1955 332 601 1956 475 600 1957 476 602 1958 332 601 1959 476 602 1960 477 603 1961 332 601 1962 477 603 1963 333 604 1964 333 604 1965 477 603 1966 478 605 1967 333 604 1968 478 605 1969 479 606 1970 333 604 1971 479 606 1972 334 607 1973 334 607 1974 479 606 1975 480 608 1976 334 607 1977 480 608 1978 481 609 1979 334 607 1980 481 609 1981 335 610 1982 335 610 1983 481 609 1984 482 611 1985 335 610 1986 482 611 1987 483 612 1988 335 610 1989 483 612 1990 336 613 1991 336 613 1992 483 612 1993 484 550 1994 336 613 1995 484 550 1996 337 552 1997 121 614 1998 21 615 1999 122 616 2000 122 616 2001 21 615 2002 20 617 2003 122 616 2004 20 617 2005 19 618 2006 120 619 2007 500 620 2008 121 614 2009 121 614 2010 500 620 2011 494 621 2012 121 614 2013 494 621 2014 23 622 2015 23 622 2016 494 621 2017 24 623 2018 24 623 2019 494 621 2020 25 624 2021 25 624 2022 494 621 2023 26 625 2024 26 625 2025 494 621 2026 434 626 2027 26 625 2028 434 626 2029 27 627 2030 500 620 2031 120 619 2032 499 628 2033 499 628 2034 120 619 2035 119 629 2036 499 628 2037 119 629 2038 498 630 2039 498 630 2040 119 629 2041 497 631 2042 498 630 2043 497 631 2044 503 632 2045 503 632 2046 497 631 2047 504 633 2048 503 632 2049 504 633 2050 488 634 2051 488 634 2052 504 633 2053 487 635 2054 487 635 2055 504 633 2056 505 636 2057 487 635 2058 505 636 2059 486 637 2060 486 637 2061 505 636 2062 496 638 2063 486 637 2064 496 638 2065 116 639 2066 116 639 2067 496 638 2068 117 640 2069 117 640 2070 496 638 2071 118 641 2072 118 641 2073 496 638 2074 497 631 2075 118 641 2076 497 631 2077 119 629 2078 116 639 2079 485 642 2080 486 637 2081 488 634 2082 489 643 2083 503 632 2084 503 632 2085 489 643 2086 490 644 2087 503 632 2088 490 644 2089 502 645 2090 502 645 2091 490 644 2092 491 646 2093 502 645 2094 491 646 2095 501 647 2096 501 647 2097 491 646 2098 492 648 2099 501 647 2100 492 648 2101 469 649 2102 469 649 2103 492 648 2104 470 650 2105 470 650 2106 492 648 2107 471 651 2108 471 651 2109 492 648 2110 493 652 2111 471 651 2112 493 652 2113 472 653 2114 472 653 2115 493 652 2116 473 654 2117 501 647 2118 469 649 2119 495 655 2120 495 655 2121 469 649 2122 468 656 2123 495 655 2124 468 656 2125 467 657 2126 467 657 2127 466 658 2128 495 655 2129 495 655 2130 466 658 2131 465 659 2132 495 655 2133 465 659 2134 441 660 2135 441 660 2136 465 659 2137 442 627 2138 441 660 2139 440 661 2140 495 655 2141 495 655 2142 440 661 2143 439 662 2144 495 655 2145 439 662 2146 438 663 2147 495 655 2148 438 663 2149 494 621 2150 494 621 2151 438 663 2152 437 664 2153 494 621 2154 437 664 2155 436 665 2156 436 665 2157 435 666 2158 494 621 2159 494 621 2160 435 666 2161 434 626 2162 23 622 2163 22 667 2164 121 614 2165 121 614 2166 22 667 2167 21 615 2168 504 633 2169 497 631 2170 496 638 2171 505 636 2172 504 633 2173 496 638 2174 503 632 2175 502 645 2176 498 630 2177 498 630 2178 502 645 2179 499 628 2180 495 655 2181 494 621 2182 500 620 2183 502 645 2184 501 647 2185 499 628 2186 499 628 2187 501 647 2188 500 620 2189 501 647 2190 495 655 2191 500 620 2192 77 668 2193 76 669 2194 47 670 2195 47 670 2196 76 669 2197 48 671 2198 48 671 2199 76 669 2200 75 672 2201 48 671 2202 75 672 2203 49 673 2204 402 674 2205 484 675 2206 403 676 2207 403 676 2208 484 675 2209 510 677 2210 510 677 2211 484 675 2212 483 678 2213 510 677 2214 483 678 2215 509 679 2216 509 679 2217 483 678 2218 482 680 2219 509 679 2220 482 680 2221 481 681 2222 509 679 2223 481 681 2224 508 682 2225 508 682 2226 481 681 2227 480 683 2228 508 682 2229 480 683 2230 479 684 2231 479 684 2232 478 685 2233 508 682 2234 508 682 2235 478 685 2236 507 686 2237 507 686 2238 478 685 2239 477 687 2240 507 686 2241 477 687 2242 476 688 2243 507 686 2244 476 688 2245 506 689 2246 506 689 2247 476 688 2248 475 690 2249 506 689 2250 475 690 2251 474 691 2252 473 692 2253 493 693 2254 474 691 2255 474 691 2256 493 693 2257 506 689 2258 394 694 2259 393 695 2260 454 696 2261 454 696 2262 393 695 2263 453 697 2264 454 696 2265 453 697 2266 452 698 2267 451 699 2268 456 700 2269 452 698 2270 452 698 2271 456 700 2272 455 701 2273 452 698 2274 455 701 2275 454 696 2276 451 699 2277 450 702 2278 456 700 2279 456 700 2280 450 702 2281 457 703 2282 457 703 2283 450 702 2284 458 704 2285 458 704 2286 450 702 2287 449 705 2288 458 704 2289 449 705 2290 448 706 2291 447 707 2292 460 708 2293 448 706 2294 448 706 2295 460 708 2296 459 709 2297 448 706 2298 459 709 2299 458 704 2300 460 708 2301 447 707 2302 461 710 2303 461 710 2304 447 707 2305 446 711 2306 461 710 2307 446 711 2308 445 712 2309 444 713 2310 463 714 2311 445 712 2312 445 712 2313 463 714 2314 462 715 2315 445 712 2316 462 715 2317 461 710 2318 444 713 2319 443 716 2320 463 714 2321 463 714 2322 443 716 2323 464 717 2324 464 717 2325 443 716 2326 465 718 2327 465 718 2328 443 716 2329 442 719 2330 511 720 2331 512 721 2332 514 722 2333 514 722 2334 512 721 2335 513 723 2336 515 724 2337 516 725 2338 538 726 2339 538 726 2340 516 725 2341 537 727 2342 537 727 2343 516 725 2344 517 728 2345 537 727 2346 517 728 2347 536 729 2348 536 729 2349 517 728 2350 518 730 2351 536 729 2352 518 730 2353 535 731 2354 535 731 2355 518 730 2356 519 732 2357 535 731 2358 519 732 2359 534 733 2360 534 733 2361 519 732 2362 520 734 2363 534 733 2364 520 734 2365 533 735 2366 533 735 2367 520 734 2368 521 736 2369 533 735 2370 521 736 2371 532 737 2372 532 737 2373 521 736 2374 522 738 2375 532 737 2376 522 738 2377 531 739 2378 531 739 2379 522 738 2380 523 740 2381 531 739 2382 523 740 2383 530 741 2384 530 741 2385 523 740 2386 524 742 2387 530 741 2388 524 742 2389 529 743 2390 529 743 2391 524 742 2392 525 744 2393 529 743 2394 525 744 2395 528 745 2396 528 745 2397 525 744 2398 526 746 2399 528 745 2400 526 746 2401 527 747 2402 527 748 2403 526 749 2404 544 750 2405 544 750 2406 526 749 2407 539 751 2408 544 750 2409 539 751 2410 540 752 2411 544 750 2412 540 752 2413 543 753 2414 543 753 2415 540 752 2416 541 754 2417 543 753 2418 541 754 2419 542 755 2420 542 755 2421 541 754 2422 552 756 2423 552 756 2424 541 754 2425 545 757 2426 552 756 2427 545 757 2428 551 758 2429 551 758 2430 545 757 2431 546 759 2432 551 758 2433 546 759 2434 550 760 2435 550 760 2436 546 759 2437 547 761 2438 550 760 2439 547 761 2440 548 762 2441 548 762 2442 549 763 2443 550 760 2444 548 762 2445 511 764 2446 549 763 2447 549 763 2448 511 764 2449 514 765 2450 553 766 2451 554 767 2452 556 768 2453 556 768 2454 554 767 2455 555 769 2456 554 770 2457 557 771 2458 555 772 2459 555 772 2460 557 771 2461 558 773 2462 558 773 2463 557 771 2464 566 774 2465 566 774 2466 557 771 2467 559 775 2468 566 774 2469 559 775 2470 565 776 2471 565 776 2472 559 775 2473 560 777 2474 565 776 2475 560 777 2476 564 778 2477 564 778 2478 560 777 2479 561 779 2480 564 778 2481 561 779 2482 562 780 2483 562 780 2484 563 781 2485 564 778 2486 563 781 2487 562 780 2488 572 782 2489 572 782 2490 562 780 2491 567 783 2492 572 782 2493 567 783 2494 568 784 2495 572 782 2496 568 784 2497 571 785 2498 571 785 2499 568 784 2500 569 786 2501 571 785 2502 569 786 2503 570 787 2504 569 788 2505 573 789 2506 570 790 2507 570 790 2508 573 789 2509 594 791 2510 594 791 2511 573 789 2512 574 792 2513 594 791 2514 574 792 2515 593 793 2516 593 793 2517 574 792 2518 575 794 2519 593 793 2520 575 794 2521 592 795 2522 592 795 2523 575 794 2524 576 796 2525 592 795 2526 576 796 2527 591 797 2528 591 797 2529 576 796 2530 577 798 2531 591 797 2532 577 798 2533 590 799 2534 590 799 2535 577 798 2536 578 800 2537 590 799 2538 578 800 2539 589 801 2540 589 801 2541 578 800 2542 579 802 2543 589 801 2544 579 802 2545 588 803 2546 588 803 2547 579 802 2548 580 804 2549 588 803 2550 580 804 2551 587 805 2552 587 805 2553 580 804 2554 581 806 2555 587 805 2556 581 806 2557 586 807 2558 586 807 2559 581 806 2560 582 808 2561 586 807 2562 582 808 2563 585 809 2564 585 809 2565 582 808 2566 583 810 2567 585 809 2568 583 810 2569 584 811 2570 512 812 2571 511 812 2572 665 812 2573 665 812 2574 511 812 2575 664 812 2576 664 812 2577 511 812 2578 663 812 2579 663 812 2580 511 812 2581 548 812 2582 663 812 2583 548 812 2584 662 812 2585 662 812 2586 548 812 2587 661 812 2588 661 812 2589 548 812 2590 660 812 2591 660 812 2592 548 812 2593 657 812 2594 660 812 2595 657 812 2596 658 812 2597 657 812 2598 548 812 2599 656 812 2600 656 812 2601 548 812 2602 547 812 2603 656 812 2604 547 812 2605 655 812 2606 655 812 2607 547 812 2608 546 812 2609 655 812 2610 546 812 2611 545 812 2612 655 812 2613 545 812 2614 654 812 2615 654 812 2616 545 812 2617 541 812 2618 654 812 2619 541 812 2620 653 812 2621 653 812 2622 541 812 2623 540 812 2624 653 812 2625 540 812 2626 652 812 2627 652 812 2628 540 812 2629 539 812 2630 652 812 2631 539 812 2632 651 812 2633 651 812 2634 539 812 2635 526 812 2636 651 812 2637 526 812 2638 650 812 2639 650 812 2640 526 812 2641 525 812 2642 650 812 2643 525 812 2644 524 812 2645 650 812 2646 524 812 2647 649 812 2648 649 812 2649 524 812 2650 523 812 2651 649 812 2652 523 812 2653 522 812 2654 649 812 2655 522 812 2656 648 812 2657 648 812 2658 522 812 2659 521 812 2660 648 812 2661 521 812 2662 520 812 2663 520 812 2664 519 812 2665 648 812 2666 648 812 2667 519 812 2668 518 812 2669 648 812 2670 518 812 2671 517 812 2672 517 812 2673 516 812 2674 648 812 2675 648 812 2676 516 812 2677 647 812 2678 647 812 2679 516 812 2680 515 812 2681 647 812 2682 515 812 2683 595 812 2684 647 812 2685 595 812 2686 646 812 2687 646 812 2688 595 812 2689 596 812 2690 646 812 2691 596 812 2692 645 812 2693 645 812 2694 596 812 2695 597 812 2696 645 812 2697 597 812 2698 644 812 2699 644 812 2700 597 812 2701 598 812 2702 644 812 2703 598 812 2704 643 812 2705 643 812 2706 598 812 2707 599 812 2708 643 812 2709 599 812 2710 642 812 2711 642 812 2712 599 812 2713 600 812 2714 642 812 2715 600 812 2716 641 812 2717 641 812 2718 600 812 2719 601 812 2720 641 812 2721 601 812 2722 602 812 2723 641 812 2724 602 812 2725 640 812 2726 640 812 2727 602 812 2728 603 812 2729 640 812 2730 603 812 2731 639 812 2732 639 812 2733 603 812 2734 604 812 2735 639 812 2736 604 812 2737 638 812 2738 638 812 2739 604 812 2740 605 812 2741 638 812 2742 605 812 2743 637 812 2744 637 812 2745 605 812 2746 606 812 2747 637 812 2748 606 812 2749 636 812 2750 636 812 2751 606 812 2752 607 812 2753 636 812 2754 607 812 2755 635 812 2756 635 812 2757 607 812 2758 608 812 2759 635 812 2760 608 812 2761 634 812 2762 634 812 2763 608 812 2764 609 812 2765 634 812 2766 609 812 2767 633 812 2768 633 812 2769 609 812 2770 610 812 2771 633 812 2772 610 812 2773 632 812 2774 632 812 2775 610 812 2776 611 812 2777 632 812 2778 611 812 2779 631 812 2780 631 812 2781 611 812 2782 630 812 2783 630 812 2784 611 812 2785 612 812 2786 630 812 2787 612 812 2788 583 812 2789 630 812 2790 583 812 2791 629 812 2792 629 812 2793 583 812 2794 582 812 2795 629 812 2796 582 812 2797 581 812 2798 581 812 2799 580 812 2800 629 812 2801 629 812 2802 580 812 2803 579 812 2804 629 812 2805 579 812 2806 578 812 2807 578 812 2808 577 812 2809 629 812 2810 629 812 2811 577 812 2812 576 812 2813 629 812 2814 576 812 2815 628 812 2816 628 812 2817 576 812 2818 575 812 2819 628 812 2820 575 812 2821 627 812 2822 627 812 2823 575 812 2824 574 812 2825 627 812 2826 574 812 2827 573 812 2828 573 812 2829 569 812 2830 627 812 2831 627 812 2832 569 812 2833 626 812 2834 626 812 2835 569 812 2836 568 812 2837 626 812 2838 568 812 2839 625 812 2840 625 812 2841 568 812 2842 567 812 2843 625 812 2844 567 812 2845 624 812 2846 624 812 2847 567 812 2848 562 812 2849 624 812 2850 562 812 2851 623 812 2852 623 812 2853 562 812 2854 561 812 2855 623 812 2856 561 812 2857 622 812 2858 622 812 2859 561 812 2860 560 812 2861 622 812 2862 560 812 2863 621 812 2864 621 812 2865 560 812 2866 559 812 2867 621 812 2868 559 812 2869 620 812 2870 620 812 2871 559 812 2872 557 812 2873 620 812 2874 557 812 2875 619 812 2876 619 812 2877 557 812 2878 618 812 2879 618 812 2880 557 812 2881 617 812 2882 617 812 2883 557 812 2884 616 812 2885 616 812 2886 557 812 2887 554 812 2888 616 812 2889 554 812 2890 615 812 2891 615 812 2892 554 812 2893 614 812 2894 614 812 2895 554 812 2896 613 812 2897 613 812 2898 554 812 2899 553 812 2900 658 812 2901 659 812 2902 660 812 2903 277 813 2904 619 814 2905 278 815 2906 278 815 2907 619 814 2908 618 816 2909 278 815 2910 618 816 2911 279 817 2912 279 817 2913 618 816 2914 617 818 2915 279 817 2916 617 818 2917 280 819 2918 280 819 2919 617 818 2920 616 820 2921 280 819 2922 616 820 2923 281 821 2924 281 821 2925 616 820 2926 615 822 2927 281 821 2928 615 822 2929 282 823 2930 282 823 2931 615 822 2932 614 824 2933 282 823 2934 614 824 2935 283 825 2936 283 825 2937 614 824 2938 613 826 2939 283 825 2940 613 826 2941 556 827 2942 556 827 2943 613 826 2944 553 828 2945 556 827 2946 284 829 2947 283 825 2948 620 830 2949 619 814 2950 276 831 2951 276 831 2952 619 814 2953 277 813 2954 272 832 2955 624 833 2956 666 834 2957 666 834 2958 624 833 2959 623 835 2960 666 834 2961 623 835 2962 667 836 2963 667 836 2964 623 835 2965 622 837 2966 667 836 2967 622 837 2968 668 838 2969 668 838 2970 622 837 2971 621 839 2972 668 838 2973 621 839 2974 620 830 2975 620 830 2976 276 831 2977 668 838 2978 668 838 2979 276 831 2980 275 840 2981 668 838 2982 275 840 2983 667 836 2984 667 836 2985 275 840 2986 274 841 2987 667 836 2988 274 841 2989 666 834 2990 666 834 2991 274 841 2992 273 842 2993 666 834 2994 273 842 2995 272 832 2996 267 843 2997 629 844 2998 268 845 2999 268 845 3000 629 844 3001 628 846 3002 268 845 3003 628 846 3004 269 847 3005 269 847 3006 628 846 3007 627 848 3008 269 847 3009 627 848 3010 270 849 3011 270 849 3012 627 848 3013 626 850 3014 270 849 3015 626 850 3016 271 851 3017 271 851 3018 626 850 3019 625 852 3020 271 851 3021 625 852 3022 272 832 3023 272 832 3024 625 852 3025 624 833 3026 630 853 3027 629 844 3028 266 854 3029 266 854 3030 629 844 3031 267 843 3032 263 855 3033 633 856 3034 264 857 3035 264 857 3036 633 856 3037 632 858 3038 264 857 3039 632 858 3040 265 859 3041 265 859 3042 632 858 3043 631 860 3044 265 859 3045 631 860 3046 266 854 3047 266 854 3048 631 860 3049 630 853 3050 634 861 3051 633 856 3052 262 862 3053 262 862 3054 633 856 3055 263 855 3056 258 863 3057 638 864 3058 259 865 3059 259 865 3060 638 864 3061 637 866 3062 259 865 3063 637 866 3064 260 867 3065 260 867 3066 637 866 3067 636 868 3068 260 867 3069 636 868 3070 261 869 3071 261 869 3072 636 868 3073 635 870 3074 261 869 3075 635 870 3076 262 862 3077 262 862 3078 635 870 3079 634 861 3080 639 871 3081 638 864 3082 257 872 3083 257 872 3084 638 864 3085 258 863 3086 253 873 3087 643 874 3088 254 875 3089 254 875 3090 643 874 3091 642 876 3092 254 875 3093 642 876 3094 255 877 3095 255 877 3096 642 876 3097 641 878 3098 255 877 3099 641 878 3100 256 879 3101 256 879 3102 641 878 3103 640 880 3104 256 879 3105 640 880 3106 257 872 3107 257 872 3108 640 880 3109 639 871 3110 644 881 3111 643 874 3112 252 882 3113 252 882 3114 643 874 3115 253 873 3116 249 883 3117 647 884 3118 250 885 3119 250 885 3120 647 884 3121 646 886 3122 250 885 3123 646 886 3124 251 887 3125 251 887 3126 646 886 3127 645 888 3128 251 887 3129 645 888 3130 252 882 3131 252 882 3132 645 888 3133 644 881 3134 648 889 3135 647 884 3136 248 890 3137 248 890 3138 647 884 3139 249 883 3140 243 891 3141 653 892 3142 244 893 3143 244 893 3144 653 892 3145 652 894 3146 244 893 3147 652 894 3148 245 895 3149 245 895 3150 652 894 3151 651 896 3152 245 895 3153 651 896 3154 246 897 3155 246 897 3156 651 896 3157 650 898 3158 246 897 3159 650 898 3160 247 899 3161 247 899 3162 650 898 3163 649 900 3164 247 899 3165 649 900 3166 248 890 3167 248 890 3168 649 900 3169 648 889 3170 239 901 3171 657 902 3172 669 903 3173 669 903 3174 657 902 3175 656 904 3176 669 903 3177 656 904 3178 670 905 3179 670 905 3180 656 904 3181 655 906 3182 670 905 3183 655 906 3184 671 907 3185 671 907 3186 655 906 3187 654 908 3188 671 907 3189 654 908 3190 653 892 3191 653 892 3192 243 891 3193 671 907 3194 671 907 3195 243 891 3196 242 909 3197 671 907 3198 242 909 3199 670 905 3200 670 905 3201 242 909 3202 241 910 3203 670 905 3204 241 910 3205 669 903 3206 669 903 3207 241 910 3208 240 911 3209 669 903 3210 240 911 3211 239 901 3212 236 912 3213 660 913 3214 237 914 3215 237 914 3216 660 913 3217 659 915 3218 237 914 3219 659 915 3220 238 916 3221 238 916 3222 659 915 3223 658 917 3224 238 916 3225 658 917 3226 239 901 3227 239 901 3228 658 917 3229 657 902 3230 512 918 3231 665 919 3232 513 920 3233 513 920 3234 665 919 3235 231 921 3236 513 920 3237 231 921 3238 230 922 3239 231 921 3240 665 919 3241 232 923 3242 232 923 3243 665 919 3244 664 924 3245 232 923 3246 664 924 3247 233 925 3248 233 925 3249 664 924 3250 663 926 3251 233 925 3252 663 926 3253 234 927 3254 234 927 3255 663 926 3256 662 928 3257 234 927 3258 662 928 3259 235 929 3260 235 929 3261 662 928 3262 661 930 3263 235 929 3264 661 930 3265 236 931 3266 236 931 3267 661 930 3268 660 932 3269 672 933 3270 513 934 3271 229 935 3272 229 935 3273 513 934 3274 230 936 3275 556 937 3276 673 938 3277 284 939 3278 284 939 3279 673 938 3280 285 940 3281 677 941 3282 108 942 3283 676 943 3284 676 943 3285 108 942 3286 107 944 3287 676 943 3288 107 944 3289 675 945 3290 675 945 3291 107 944 3292 106 946 3293 675 945 3294 106 946 3295 105 947 3296 105 947 3297 674 948 3298 675 945 3299 105 947 3300 104 949 3301 674 948 3302 674 948 3303 104 949 3304 678 950 3305 678 950 3306 104 949 3307 681 951 3308 681 951 3309 104 949 3310 103 952 3311 681 951 3312 103 952 3313 680 953 3314 680 953 3315 103 952 3316 102 954 3317 680 953 3318 102 954 3319 679 955 3320 679 955 3321 102 954 3322 101 955 3323 679 955 3324 101 955 3325 100 344 3326 100 344 3327 315 358 3328 679 955 3329 229 956 3330 285 957 3331 672 958 3332 672 958 3333 285 957 3334 673 959 3335 385 960 3336 39 961 3337 423 962 3338 423 962 3339 39 961 3340 38 963 3341 423 962 3342 38 963 3343 37 964 3344 36 965 3345 425 966 3346 37 964 3347 37 964 3348 425 966 3349 424 967 3350 37 964 3351 424 967 3352 423 962 3353 36 965 3354 35 968 3355 425 966 3356 425 966 3357 35 968 3358 426 969 3359 426 969 3360 35 968 3361 427 970 3362 427 970 3363 35 968 3364 34 971 3365 427 970 3366 34 971 3367 33 972 3368 32 973 3369 429 974 3370 33 972 3371 33 972 3372 429 974 3373 428 975 3374 33 972 3375 428 975 3376 427 970 3377 429 974 3378 32 973 3379 430 976 3380 430 976 3381 32 973 3382 31 977 3383 430 976 3384 31 977 3385 30 978 3386 29 979 3387 432 980 3388 30 978 3389 30 978 3390 432 980 3391 431 981 3392 30 978 3393 431 981 3394 430 976 3395 29 979 3396 28 982 3397 432 980 3398 432 980 3399 28 982 3400 433 983 3401 433 983 3402 28 982 3403 434 984 3404 434 984 3405 28 982 3406 27 985 3407 682 986 3408 683 987 3409 125 988 3410 125 988 3411 683 987 3412 126 989 3413 126 989 3414 683 987 3415 127 990 3416 127 990 3417 683 987 3418 684 991 3419 127 990 3420 684 991 3421 128 992 3422 128 992 3423 684 991 3424 685 993 3425 128 992 3426 685 993 3427 129 994 3428 129 994 3429 685 993 3430 686 995 3431 129 994 3432 686 995 3433 130 996 3434 130 996 3435 686 995 3436 687 997 3437 130 996 3438 687 997 3439 131 998 3440 131 998 3441 687 997 3442 688 999 3443 131 998 3444 688 999 3445 132 1000 3446 132 1000 3447 688 999 3448 689 1001 3449 132 1000 3450 689 1001 3451 133 1002 3452 133 1002 3453 689 1001 3454 690 1003 3455 133 1002 3456 690 1003 3457 134 1004 3458 134 1004 3459 690 1003 3460 691 1005 3461 134 1004 3462 691 1005 3463 135 1006 3464 135 1006 3465 691 1005 3466 692 1007 3467 135 1006 3468 692 1007 3469 136 1008 3470 136 1008 3471 692 1007 3472 693 1009 3473 136 1008 3474 693 1009 3475 137 1010 3476 137 1010 3477 693 1009 3478 694 1011 3479 137 1010 3480 694 1011 3481 695 1012 3482 695 1012 3483 138 1013 3484 137 1010 3485 695 1012 3486 696 1014 3487 138 1013 3488 138 1013 3489 696 1014 3490 139 1015 3491 139 1015 3492 696 1014 3493 140 1016 3494 140 1016 3495 696 1014 3496 697 1017 3497 140 1016 3498 697 1017 3499 141 1018 3500 141 1018 3501 697 1017 3502 698 1019 3503 141 1018 3504 698 1019 3505 142 1020 3506 142 1020 3507 698 1019 3508 699 1021 3509 142 1020 3510 699 1021 3511 143 1022 3512 143 1022 3513 699 1021 3514 700 1023 3515 143 1022 3516 700 1023 3517 144 1024 3518 144 1024 3519 700 1023 3520 701 1025 3521 144 1024 3522 701 1025 3523 145 1026 3524 145 1026 3525 701 1025 3526 702 1027 3527 145 1026 3528 702 1027 3529 146 1028 3530 146 1028 3531 702 1027 3532 703 1029 3533 146 1028 3534 703 1029 3535 147 1030 3536 147 1030 3537 703 1029 3538 704 1031 3539 147 1030 3540 704 1031 3541 148 1032 3542 148 1032 3543 704 1031 3544 705 1033 3545 148 1032 3546 705 1033 3547 149 1034 3548 149 1034 3549 705 1033 3550 706 1035 3551 149 1034 3552 706 1035 3553 150 1036 3554 150 1036 3555 706 1035 3556 707 1037 3557 150 1036 3558 707 1037 3559 682 986 3560 682 986 3561 125 988 3562 150 1036 3563 708 1038 3564 709 1039 3565 151 1040 3566 151 1040 3567 709 1039 3568 152 1041 3569 152 1041 3570 709 1039 3571 153 1042 3572 153 1042 3573 709 1039 3574 710 1043 3575 153 1042 3576 710 1043 3577 154 1044 3578 154 1044 3579 710 1043 3580 711 1045 3581 154 1044 3582 711 1045 3583 155 1046 3584 155 1046 3585 711 1045 3586 712 1047 3587 155 1046 3588 712 1047 3589 156 1048 3590 156 1048 3591 712 1047 3592 713 1049 3593 156 1048 3594 713 1049 3595 157 1050 3596 157 1050 3597 713 1049 3598 714 1051 3599 157 1050 3600 714 1051 3601 158 1052 3602 158 1052 3603 714 1051 3604 715 1053 3605 158 1052 3606 715 1053 3607 159 1054 3608 159 1054 3609 715 1053 3610 716 1055 3611 159 1054 3612 716 1055 3613 160 1056 3614 160 1056 3615 716 1055 3616 717 1057 3617 160 1056 3618 717 1057 3619 161 1058 3620 161 1058 3621 717 1057 3622 718 1059 3623 161 1058 3624 718 1059 3625 162 1060 3626 162 1060 3627 718 1059 3628 719 1061 3629 162 1060 3630 719 1061 3631 163 1062 3632 163 1062 3633 719 1061 3634 720 1063 3635 163 1062 3636 720 1063 3637 721 1064 3638 721 1064 3639 164 1065 3640 163 1062 3641 721 1064 3642 722 1066 3643 164 1065 3644 164 1065 3645 722 1066 3646 165 1067 3647 165 1067 3648 722 1066 3649 166 1068 3650 166 1068 3651 722 1066 3652 723 1069 3653 166 1068 3654 723 1069 3655 167 1070 3656 167 1070 3657 723 1069 3658 724 1071 3659 167 1070 3660 724 1071 3661 168 1072 3662 168 1072 3663 724 1071 3664 725 1073 3665 168 1072 3666 725 1073 3667 169 1074 3668 169 1074 3669 725 1073 3670 726 1075 3671 169 1074 3672 726 1075 3673 170 1076 3674 170 1076 3675 726 1075 3676 727 1077 3677 170 1076 3678 727 1077 3679 171 1078 3680 171 1078 3681 727 1077 3682 728 1079 3683 171 1078 3684 728 1079 3685 172 1080 3686 172 1080 3687 728 1079 3688 729 1081 3689 172 1080 3690 729 1081 3691 173 1082 3692 173 1082 3693 729 1081 3694 730 1083 3695 173 1082 3696 730 1083 3697 174 1084 3698 174 1084 3699 730 1083 3700 731 1085 3701 174 1084 3702 731 1085 3703 175 1086 3704 175 1086 3705 731 1085 3706 732 1087 3707 175 1086 3708 732 1087 3709 176 1088 3710 176 1088 3711 732 1087 3712 733 1089 3713 176 1088 3714 733 1089 3715 708 1038 3716 708 1038 3717 151 1040 3718 176 1088 3719 734 1090 3720 735 1091 3721 177 1092 3722 177 1092 3723 735 1091 3724 178 1093 3725 178 1093 3726 735 1091 3727 179 1094 3728 179 1094 3729 735 1091 3730 736 1095 3731 179 1094 3732 736 1095 3733 180 1096 3734 180 1096 3735 736 1095 3736 737 1097 3737 180 1096 3738 737 1097 3739 181 1098 3740 181 1098 3741 737 1097 3742 738 1099 3743 181 1098 3744 738 1099 3745 182 1100 3746 182 1100 3747 738 1099 3748 739 1101 3749 182 1100 3750 739 1101 3751 183 1102 3752 183 1102 3753 739 1101 3754 740 1103 3755 183 1102 3756 740 1103 3757 184 1104 3758 184 1104 3759 740 1103 3760 741 1105 3761 184 1104 3762 741 1105 3763 185 1106 3764 185 1106 3765 741 1105 3766 742 1107 3767 185 1106 3768 742 1107 3769 186 1108 3770 186 1108 3771 742 1107 3772 743 1109 3773 186 1108 3774 743 1109 3775 187 1058 3776 187 1058 3777 743 1109 3778 744 1059 3779 187 1058 3780 744 1059 3781 188 1110 3782 188 1110 3783 744 1059 3784 745 1111 3785 188 1110 3786 745 1111 3787 189 1112 3788 189 1112 3789 745 1111 3790 746 1113 3791 189 1112 3792 746 1113 3793 747 1114 3794 747 1114 3795 190 1115 3796 189 1112 3797 747 1114 3798 748 1116 3799 190 1115 3800 190 1115 3801 748 1116 3802 191 1117 3803 191 1117 3804 748 1116 3805 192 1118 3806 192 1118 3807 748 1116 3808 749 1119 3809 192 1118 3810 749 1119 3811 193 1120 3812 193 1120 3813 749 1119 3814 750 1121 3815 193 1120 3816 750 1121 3817 194 1122 3818 194 1122 3819 750 1121 3820 751 1123 3821 194 1122 3822 751 1123 3823 195 1124 3824 195 1124 3825 751 1123 3826 752 1125 3827 195 1124 3828 752 1125 3829 196 1126 3830 196 1126 3831 752 1125 3832 753 1077 3833 196 1126 3834 753 1077 3835 197 1078 3836 197 1078 3837 753 1077 3838 754 1079 3839 197 1078 3840 754 1079 3841 198 1127 3842 198 1127 3843 754 1079 3844 755 1128 3845 198 1127 3846 755 1128 3847 199 1129 3848 199 1129 3849 755 1128 3850 756 1130 3851 199 1129 3852 756 1130 3853 200 1131 3854 200 1131 3855 756 1130 3856 757 1132 3857 200 1131 3858 757 1132 3859 201 1133 3860 201 1133 3861 757 1132 3862 758 1134 3863 201 1133 3864 758 1134 3865 202 1135 3866 202 1135 3867 758 1134 3868 759 1136 3869 202 1135 3870 759 1136 3871 734 1090 3872 734 1090 3873 177 1092 3874 202 1135 3875 760 1137 3876 761 1138 3877 203 1139 3878 203 1139 3879 761 1138 3880 204 1140 3881 204 1140 3882 761 1138 3883 205 1141 3884 205 1141 3885 761 1138 3886 762 1142 3887 205 1141 3888 762 1142 3889 206 1143 3890 206 1143 3891 762 1142 3892 763 1144 3893 206 1143 3894 763 1144 3895 207 1145 3896 207 1145 3897 763 1144 3898 764 1146 3899 207 1145 3900 764 1146 3901 208 1147 3902 208 1147 3903 764 1146 3904 765 1148 3905 208 1147 3906 765 1148 3907 209 1149 3908 209 1149 3909 765 1148 3910 766 1150 3911 209 1149 3912 766 1150 3913 210 1151 3914 210 1151 3915 766 1150 3916 767 1152 3917 210 1151 3918 767 1152 3919 211 1153 3920 211 1153 3921 767 1152 3922 768 1154 3923 211 1153 3924 768 1154 3925 212 1155 3926 212 1155 3927 768 1154 3928 769 1156 3929 212 1155 3930 769 1156 3931 213 1157 3932 213 1157 3933 769 1156 3934 770 1158 3935 213 1157 3936 770 1158 3937 214 1159 3938 214 1159 3939 770 1158 3940 771 1160 3941 214 1159 3942 771 1160 3943 215 1010 3944 215 1010 3945 771 1160 3946 772 1011 3947 215 1010 3948 772 1011 3949 773 1161 3950 773 1161 3951 216 1162 3952 215 1010 3953 773 1161 3954 774 1163 3955 216 1162 3956 216 1162 3957 774 1163 3958 217 1164 3959 217 1164 3960 774 1163 3961 218 1165 3962 218 1165 3963 774 1163 3964 775 1166 3965 218 1165 3966 775 1166 3967 219 1167 3968 219 1167 3969 775 1166 3970 776 1168 3971 219 1167 3972 776 1168 3973 220 1169 3974 220 1169 3975 776 1168 3976 777 1170 3977 220 1169 3978 777 1170 3979 221 1171 3980 221 1171 3981 777 1170 3982 778 1172 3983 221 1171 3984 778 1172 3985 222 1173 3986 222 1173 3987 778 1172 3988 779 1174 3989 222 1173 3990 779 1174 3991 223 1175 3992 223 1175 3993 779 1174 3994 780 1176 3995 223 1175 3996 780 1176 3997 224 1177 3998 224 1177 3999 780 1176 4000 781 1178 4001 224 1177 4002 781 1178 4003 225 1179 4004 225 1179 4005 781 1178 4006 782 1180 4007 225 1179 4008 782 1180 4009 226 1181 4010 226 1181 4011 782 1180 4012 783 1182 4013 226 1181 4014 783 1182 4015 227 1183 4016 227 1183 4017 783 1182 4018 784 1184 4019 227 1183 4020 784 1184 4021 228 1185 4022 228 1185 4023 784 1184 4024 785 1186 4025 228 1185 4026 785 1186 4027 760 1137 4028 760 1137 4029 203 1139 4030 228 1185 4031 485 1187 4032 116 1188 4033 793 1189 4034 793 1189 4035 116 1188 4036 115 1190 4037 793 1189 4038 115 1190 4039 792 1191 4040 792 1191 4041 115 1190 4042 114 1192 4043 792 1191 4044 114 1192 4045 791 1193 4046 791 1193 4047 114 1192 4048 113 1194 4049 791 1193 4050 113 1194 4051 790 1195 4052 790 1195 4053 113 1194 4054 112 1196 4055 790 1195 4056 112 1196 4057 789 1197 4058 789 1197 4059 112 1196 4060 111 1198 4061 789 1197 4062 111 1198 4063 788 1199 4064 788 1199 4065 111 1198 4066 110 1200 4067 788 1199 4068 110 1200 4069 787 1201 4070 787 1201 4071 110 1200 4072 109 1202 4073 787 1201 4074 109 1202 4075 786 1203 4076 786 1203 4077 109 1202 4078 108 1204 4079 786 1203 4080 108 1204 4081 677 1205 4082 365 95 4083 376 95 4084 366 95 4085 366 95 4086 376 95 4087 375 95 4088 366 95 4089 375 95 4090 374 95 4091 374 95 4092 373 95 4093 366 95 4094 366 95 4095 373 95 4096 372 95 4097 366 95 4098 372 95 4099 367 1206 4100 367 1206 4101 372 95 4102 371 1207 4103 367 1206 4104 371 1207 4105 370 1208 4106 367 1206 4107 370 1208 4108 364 1209 4109 364 1209 4110 370 1208 4111 369 1210 4112 364 1209 4113 369 1210 4114 368 1211 4115 364 1209 4116 368 1211 4117 310 1212 4118 310 1212 4119 368 1211 4120 410 1213 4121 310 1212 4122 410 1213 4123 409 95 4124 409 95 4125 408 1214 4126 310 1212 4127 310 1212 4128 408 1214 4129 311 1215 4130 311 1215 4131 408 1214 4132 407 1216 4133 311 1215 4134 407 1216 4135 312 1217 4136 312 1217 4137 407 1216 4138 406 1218 4139 312 1217 4140 406 1218 4141 491 1219 4142 491 1219 4143 406 1218 4144 492 1220 4145 492 1220 4146 406 1218 4147 405 1221 4148 492 1220 4149 405 1221 4150 493 1222 4151 493 1222 4152 405 1221 4153 404 1223 4154 493 1222 4155 404 1223 4156 403 1224 4157 510 95 4158 508 95 4159 403 1224 4160 403 1224 4161 508 95 4162 507 95 4163 403 1224 4164 507 95 4165 506 95 4166 510 95 4167 509 95 4168 508 95 4169 506 95 4170 493 1222 4171 403 1224 4172 312 1217 4173 491 1219 4174 313 1225 4175 313 1225 4176 491 1219 4177 490 1226 4178 313 1225 4179 490 1226 4180 314 1227 4181 314 1227 4182 490 1226 4183 489 1228 4184 314 1227 4185 489 1228 4186 488 1229 4187 488 1229 4188 487 1230 4189 314 1227 4190 314 1227 4191 487 1230 4192 315 1231 4193 315 1231 4194 487 1230 4195 486 1232 4196 315 1231 4197 486 1232 4198 485 1233 4199 793 95 4200 674 1234 4201 485 1233 4202 485 1233 4203 674 1234 4204 678 1235 4205 485 1233 4206 678 1235 4207 681 95 4208 793 95 4209 792 95 4210 674 1234 4211 674 1234 4212 792 95 4213 675 95 4214 675 95 4215 792 95 4216 791 1236 4217 675 95 4218 791 1236 4219 676 1237 4220 676 1237 4221 791 1236 4222 790 1238 4223 676 1237 4224 790 1238 4225 789 95 4226 789 95 4227 788 95 4228 676 1237 4229 676 1237 4230 788 95 4231 787 95 4232 676 1237 4233 787 95 4234 786 95 4235 786 95 4236 677 95 4237 676 1237 4238 681 95 4239 680 95 4240 485 1233 4241 485 1233 4242 680 95 4243 679 1239 4244 485 1233 4245 679 1239 4246 315 1231 4247 583 1240 4248 612 1241 4249 584 1242 4250 584 1242 4251 612 1241 4252 794 1243 4253 795 1244 4254 796 1245 4255 609 1246 4256 609 1246 4257 796 1245 4258 610 1247 4259 610 1247 4260 796 1245 4261 611 1248 4262 611 1248 4263 796 1245 4264 797 1249 4265 611 1248 4266 797 1249 4267 612 1241 4268 612 1241 4269 797 1249 4270 794 1243 4271 798 1250 4272 795 1244 4273 608 1251 4274 608 1251 4275 795 1244 4276 609 1246 4277 799 1252 4278 800 1253 4279 604 1254 4280 604 1254 4281 800 1253 4282 605 1255 4283 605 1255 4284 800 1253 4285 606 1256 4286 606 1256 4287 800 1253 4288 801 1257 4289 606 1256 4290 801 1257 4291 607 1258 4292 607 1258 4293 801 1257 4294 802 1259 4295 607 1258 4296 802 1259 4297 608 1251 4298 608 1251 4299 802 1259 4300 798 1250 4301 803 1260 4302 799 1252 4303 603 1261 4304 603 1261 4305 799 1252 4306 604 1254 4307 804 1262 4308 805 1263 4309 599 1264 4310 599 1264 4311 805 1263 4312 600 1265 4313 600 1265 4314 805 1263 4315 601 1266 4316 601 1266 4317 805 1263 4318 806 1267 4319 601 1266 4320 806 1267 4321 602 1268 4322 602 1268 4323 806 1267 4324 807 1269 4325 602 1268 4326 807 1269 4327 603 1261 4328 603 1261 4329 807 1269 4330 803 1260 4331 808 1270 4332 804 1262 4333 598 1271 4334 598 1271 4335 804 1262 4336 599 1264 4337 809 1272 4338 810 1273 4339 595 1274 4340 595 1274 4341 810 1273 4342 596 1275 4343 596 1275 4344 810 1273 4345 597 1276 4346 597 1276 4347 810 1273 4348 811 1277 4349 597 1276 4350 811 1277 4351 598 1271 4352 598 1271 4353 811 1277 4354 808 1270 4355 538 1278 4356 809 1272 4357 515 1279 4358 515 1279 4359 809 1272 4360 595 1274 4361 309 1280 4362 835 1281 4363 286 1282 4364 286 1282 4365 835 1281 4366 812 1283 4367 286 1282 4368 812 1283 4369 287 1284 4370 287 1284 4371 812 1283 4372 813 1285 4373 287 1284 4374 813 1285 4375 288 1286 4376 288 1286 4377 813 1285 4378 814 1287 4379 288 1286 4380 814 1287 4381 289 1288 4382 289 1288 4383 814 1287 4384 815 1289 4385 289 1288 4386 815 1289 4387 290 1290 4388 290 1290 4389 815 1289 4390 816 1291 4391 290 1290 4392 816 1291 4393 291 1292 4394 291 1292 4395 816 1291 4396 817 1293 4397 291 1292 4398 817 1293 4399 292 1294 4400 292 1294 4401 817 1293 4402 818 1295 4403 292 1294 4404 818 1295 4405 293 1296 4406 293 1296 4407 818 1295 4408 819 1297 4409 293 1296 4410 819 1297 4411 294 1298 4412 294 1298 4413 819 1297 4414 820 1299 4415 294 1298 4416 820 1299 4417 295 1300 4418 295 1300 4419 820 1299 4420 821 1301 4421 295 1300 4422 821 1301 4423 296 1302 4424 296 1302 4425 821 1301 4426 822 1303 4427 296 1302 4428 822 1303 4429 297 1304 4430 297 1304 4431 822 1303 4432 823 1305 4433 297 1304 4434 823 1305 4435 298 1306 4436 298 1306 4437 823 1305 4438 824 1307 4439 298 1306 4440 824 1307 4441 299 1308 4442 299 1308 4443 824 1307 4444 825 1309 4445 299 1308 4446 825 1309 4447 300 1310 4448 300 1310 4449 825 1309 4450 826 1311 4451 300 1310 4452 826 1311 4453 301 1312 4454 301 1312 4455 826 1311 4456 827 1313 4457 301 1312 4458 827 1313 4459 302 1314 4460 302 1314 4461 827 1313 4462 828 1315 4463 302 1314 4464 828 1315 4465 303 1316 4466 303 1316 4467 828 1315 4468 829 1317 4469 303 1316 4470 829 1317 4471 304 1318 4472 304 1318 4473 829 1317 4474 830 1319 4475 304 1318 4476 830 1319 4477 305 1320 4478 305 1320 4479 830 1319 4480 831 1321 4481 305 1320 4482 831 1321 4483 306 1322 4484 306 1322 4485 831 1321 4486 832 1323 4487 306 1322 4488 832 1323 4489 307 1324 4490 307 1324 4491 832 1323 4492 833 1325 4493 307 1324 4494 833 1325 4495 308 1326 4496 308 1326 4497 833 1325 4498 834 1327 4499 308 1326 4500 834 1327 4501 309 1280 4502 309 1280 4503 834 1327 4504 835 1281 4505 684 1328 4506 683 812 4507 584 1329 4508 584 1329 4509 683 812 4510 682 1330 4511 584 1329 4512 682 1330 4513 585 1331 4514 585 1331 4515 682 1330 4516 586 1332 4517 586 1332 4518 682 1330 4519 709 1333 4520 586 1332 4521 709 1333 4522 708 1334 4523 682 1330 4524 707 1335 4525 709 1333 4526 709 1333 4527 707 1335 4528 710 1336 4529 710 1336 4530 707 1335 4531 706 1337 4532 710 1336 4533 706 1337 4534 711 812 4535 711 812 4536 706 1337 4537 829 1338 4538 711 812 4539 829 1338 4540 828 1339 4541 706 1337 4542 705 1340 4543 829 1338 4544 829 1338 4545 705 1340 4546 830 1341 4547 830 1341 4548 705 1340 4549 704 1342 4550 830 1341 4551 704 1342 4552 703 1343 4553 830 1341 4554 703 1343 4555 831 812 4556 831 812 4557 703 1343 4558 702 1344 4559 831 812 4560 702 1344 4561 832 1345 4562 832 1345 4563 702 1344 4564 701 1346 4565 832 1345 4566 701 1346 4567 700 1347 4568 832 1345 4569 700 1347 4570 833 1348 4571 833 1348 4572 700 1347 4573 699 1349 4574 833 1348 4575 699 1349 4576 834 1350 4577 834 1350 4578 699 1349 4579 698 1351 4580 834 1350 4581 698 1351 4582 759 1352 4583 759 1352 4584 698 1351 4585 697 1353 4586 759 1352 4587 697 1353 4588 734 1354 4589 734 1354 4590 697 1353 4591 696 1355 4592 734 1354 4593 696 1355 4594 803 1356 4595 803 1356 4596 696 1355 4597 799 1357 4598 799 1357 4599 696 1355 4600 695 1358 4601 799 1357 4602 695 1358 4603 694 1359 4604 694 1359 4605 693 1360 4606 799 1357 4607 799 1357 4608 693 1360 4609 800 1361 4610 800 1361 4611 693 1360 4612 801 1362 4613 801 1362 4614 693 1360 4615 802 1363 4616 802 1363 4617 693 1360 4618 692 1364 4619 802 1363 4620 692 1364 4621 798 1365 4622 798 1365 4623 692 1364 4624 691 1366 4625 798 1365 4626 691 1366 4627 690 1367 4628 798 1365 4629 690 1367 4630 795 1368 4631 795 1368 4632 690 1367 4633 689 1369 4634 795 1368 4635 689 1369 4636 688 1370 4637 687 1371 4638 797 1372 4639 688 1370 4640 688 1370 4641 797 1372 4642 796 1373 4643 688 1370 4644 796 1373 4645 795 1368 4646 797 1372 4647 687 1371 4648 794 1374 4649 794 1374 4650 687 1371 4651 686 1375 4652 794 1374 4653 686 1375 4654 685 1376 4655 794 1374 4656 685 1376 4657 584 1329 4658 584 1329 4659 685 1376 4660 684 1328 4661 733 1377 4662 589 1378 4663 708 1334 4664 708 1334 4665 589 1378 4666 588 1379 4667 708 1334 4668 588 1379 4669 587 1380 4670 732 1381 4671 592 1382 4672 733 1377 4673 733 1377 4674 592 1382 4675 591 1383 4676 733 1377 4677 591 1383 4678 590 1384 4679 731 812 4680 594 1385 4681 732 1381 4682 732 1381 4683 594 1385 4684 593 1386 4685 732 1381 4686 593 1386 4687 592 1382 4688 730 1387 4689 571 1388 4690 731 812 4691 731 812 4692 571 1388 4693 570 812 4694 731 812 4695 570 812 4696 594 1385 4697 571 1388 4698 730 1387 4699 572 1389 4700 572 1389 4701 730 1387 4702 729 1390 4703 572 1389 4704 729 1390 4705 728 1391 4706 572 1389 4707 728 1391 4708 563 1392 4709 563 1392 4710 728 1391 4711 727 1393 4712 563 1392 4713 727 1393 4714 564 1394 4715 564 1394 4716 727 1393 4717 726 1395 4718 564 1394 4719 726 1395 4720 725 1396 4721 564 1394 4722 725 1396 4723 565 1397 4724 565 1397 4725 725 1396 4726 724 1398 4727 565 1397 4728 724 1398 4729 566 1399 4730 566 1399 4731 724 1398 4732 723 1400 4733 566 1399 4734 723 1400 4735 722 1401 4736 721 1402 4737 761 1403 4738 722 1401 4739 722 1401 4740 761 1403 4741 673 1404 4742 722 1401 4743 673 1404 4744 558 1405 4745 558 1405 4746 673 1404 4747 555 1406 4748 555 1406 4749 673 1404 4750 556 1407 4751 761 1403 4752 721 1402 4753 762 1408 4754 762 1408 4755 721 1402 4756 720 1409 4757 762 1408 4758 720 1409 4759 763 812 4760 763 812 4761 720 1409 4762 822 1410 4763 763 812 4764 822 1410 4765 764 1411 4766 764 1411 4767 822 1410 4768 821 1412 4769 764 1411 4770 821 1412 4771 765 812 4772 765 812 4773 821 1412 4774 820 812 4775 765 812 4776 820 812 4777 766 812 4778 766 812 4779 820 812 4780 767 1413 4781 767 1413 4782 820 812 4783 819 1414 4784 767 1413 4785 819 1414 4786 768 1415 4787 768 1415 4788 819 1414 4789 818 1416 4790 768 1415 4791 818 1416 4792 769 1417 4793 769 1417 4794 818 1416 4795 770 1418 4796 770 1418 4797 818 1416 4798 817 1419 4799 770 1418 4800 817 1419 4801 771 1420 4802 771 1420 4803 817 1419 4804 750 1421 4805 771 1420 4806 750 1421 4807 749 1422 4808 822 1410 4809 720 1409 4810 823 1423 4811 823 1423 4812 720 1409 4813 719 1424 4814 823 1423 4815 719 1424 4816 824 1425 4817 824 1425 4818 719 1424 4819 718 1426 4820 824 1425 4821 718 1426 4822 717 1427 4823 824 1425 4824 717 1427 4825 825 1428 4826 825 1428 4827 717 1427 4828 716 1429 4829 825 1428 4830 716 1429 4831 826 1430 4832 826 1430 4833 716 1429 4834 715 1431 4835 826 1430 4836 715 1431 4837 714 1432 4838 826 1430 4839 714 1432 4840 827 1433 4841 827 1433 4842 714 1432 4843 713 1434 4844 827 1433 4845 713 1434 4846 828 1339 4847 828 1339 4848 713 1434 4849 712 1435 4850 828 1339 4851 712 1435 4852 711 812 4853 734 1354 4854 803 1356 4855 735 1436 4856 735 1436 4857 803 1356 4858 807 1437 4859 735 1436 4860 807 1437 4861 806 1438 4862 834 1350 4863 759 1352 4864 835 1439 4865 835 1439 4866 759 1352 4867 758 1440 4868 835 1439 4869 758 1440 4870 812 1441 4871 812 1441 4872 758 1440 4873 757 1442 4874 812 1441 4875 757 1442 4876 756 1443 4877 812 1441 4878 756 1443 4879 813 1444 4880 813 1444 4881 756 1443 4882 755 1445 4883 813 1444 4884 755 1445 4885 814 1446 4886 814 1446 4887 755 1445 4888 754 1447 4889 814 1446 4890 754 1447 4891 753 1448 4892 814 1446 4893 753 1448 4894 815 1449 4895 815 1449 4896 753 1448 4897 752 1450 4898 815 1449 4899 752 1450 4900 816 1451 4901 816 1451 4902 752 1450 4903 751 812 4904 816 1451 4905 751 812 4906 750 1421 4907 771 1420 4908 749 1422 4909 772 1452 4910 772 1452 4911 749 1422 4912 748 1453 4913 772 1452 4914 748 1453 4915 773 1454 4916 773 1454 4917 748 1453 4918 538 1455 4919 773 1454 4920 538 1455 4921 537 1456 4922 748 1453 4923 747 1457 4924 538 1455 4925 538 1455 4926 747 1457 4927 746 1458 4928 538 1455 4929 746 1458 4930 809 1459 4931 809 1459 4932 746 1458 4933 745 1460 4934 809 1459 4935 745 1460 4936 744 1461 4937 809 1459 4938 744 1461 4939 810 1462 4940 810 1462 4941 744 1461 4942 743 1463 4943 810 1462 4944 743 1463 4945 811 1464 4946 811 1464 4947 743 1463 4948 808 1465 4949 808 1465 4950 743 1463 4951 742 1466 4952 808 1465 4953 742 1466 4954 741 1467 4955 741 1467 4956 740 1468 4957 808 1465 4958 808 1465 4959 740 1468 4960 804 1469 4961 804 1469 4962 740 1468 4963 739 1470 4964 804 1469 4965 739 1470 4966 738 1471 4967 738 1471 4968 737 812 4969 804 1469 4970 804 1469 4971 737 812 4972 736 1472 4973 804 1469 4974 736 1472 4975 805 812 4976 805 812 4977 736 1472 4978 806 1438 4979 806 1438 4980 736 1472 4981 735 1436 4982 761 1403 4983 760 1473 4984 673 1404 4985 673 1404 4986 760 1473 4987 672 1474 4988 672 1474 4989 760 1473 4990 785 1475 4991 672 1474 4992 785 1475 4993 550 1476 4994 550 1476 4995 785 1475 4996 784 1477 4997 550 1476 4998 784 1477 4999 551 1478 5000 551 1478 5001 784 1477 5002 783 1479 5003 551 1478 5004 783 1479 5005 782 1480 5006 551 1478 5007 782 1480 5008 552 1481 5009 552 1481 5010 782 1480 5011 781 1482 5012 552 1481 5013 781 1482 5014 542 1483 5015 542 1483 5016 781 1482 5017 780 1484 5018 542 1483 5019 780 1484 5020 543 1485 5021 543 1485 5022 780 1484 5023 779 1486 5024 543 1485 5025 779 1486 5026 544 1487 5027 544 1487 5028 779 1486 5029 778 1488 5030 544 1487 5031 778 1488 5032 527 1489 5033 527 1489 5034 778 1488 5035 528 1490 5036 528 1490 5037 778 1488 5038 777 1491 5039 528 1490 5040 777 1491 5041 529 1492 5042 529 1492 5043 777 1491 5044 530 1493 5045 530 1493 5046 777 1491 5047 531 1494 5048 531 1494 5049 777 1491 5050 776 1495 5051 531 1494 5052 776 1495 5053 532 812 5054 532 812 5055 776 1495 5056 533 1496 5057 533 1496 5058 776 1495 5059 775 1497 5060 533 1496 5061 775 1497 5062 534 1498 5063 534 1498 5064 775 1497 5065 535 1499 5066 535 1499 5067 775 1497 5068 774 1500 5069 535 1499 5070 774 1500 5071 536 812 5072 536 812 5073 774 1500 5074 537 1456 5075 537 1456 5076 774 1500 5077 773 1454 5078 558 1405 5079 566 1399 5080 722 1401 5081 590 1384 5082 589 1378 5083 733 1377 5084 587 1380 5085 586 1332 5086 708 1334 5087 550 1476 5088 549 1501 5089 672 1474 5090 672 1474 5091 549 1501 5092 514 1502 5093 672 1474 5094 514 1502 5095 513 812 5096 817 1419 5097 816 1451 5098 750 1421 5099</p>
        </triangles>
      </mesh>
    </geometry>
  </library_geometries>
  <library_visual_scenes>
    <visual_scene id="Scene" name="Scene">
      <node id="gray_leg" name="gray_leg" type="NODE">
        <matrix sid="transform">0.01 0 0 0 0 0.01 0 0 0 0 0.01 0 0 0 0 1</matrix>
        <instance_geometry url="#gray_leg-mesh" name="gray_leg">
          <bind_material>
            <technique_common>
              <instance_material symbol="Opaque_70_70_70__002-material" target="#Opaque_70_70_70__002-material">
                <bind_vertex_input semantic="UVMap" input_semantic="TEXCOORD" input_set="0"/>
              </instance_material>
            </technique_common>
          </bind_material>
        </instance_geometry>
      </node>
    </visual_scene>
  </library_visual_scenes>
  <scene>
    <instance_visual_scene url="#Scene"/>
  </scene>
</COLLADA>